h_fraction,sin_theta_now,b_norm_now,dh_last_window,sin_theta_next,b_norm_next,best_merit_next_3,merit_now,windows_since_dump,coast_h_fraction_3,coast_h_fraction_6,label
0.04775761153,0.9701033731,0.8305518895,0,0.9333452015,1.245574569,1.28140374,0.8057211895,1,1.020078006,1.161438725,0
0.2952301019,0.9261658651,1.245574569,0.3379243605,0.9239001057,1.522575153,1.406707344,1.153608649,1,1.142287774,1.164673314,1
0.1544530982,0.6525572921,1.522575153,0.1729641283,0.7864280657,1.353859888,1.064713413,0.9935675186,0,0.5555744161,1.23195382,0
0.4465267201,0.9709145867,1.353859888,0.3408404771,0.9999998888,0.9111810087,1.072187696,1.314482314,0.05,0.5644280475,1.444121049,0
0.5972808054,0.9931641739,0.9111810087,0.1647043703,0.8722878174,0.9034841295,1.276681252,0.9049523338,0.1,0.861231569,1.471850038,0
0.5402081092,0.7771286269,0.9034841295,0.1814147433,0.8729851295,1.339869004,1.389627126,0.7021233809,0.15,1.129693973,1.496654311,0
0.4686667193,0.9815284825,1.339869004,0.3761488517,0.9952788827,1.508549932,1.50142789,1.31511959,0.2,1.145446557,1.712245597,1
0.1201779544,0.9957695663,1.508549932,0.4333967843,0.9613918494,1.237561265,1.189781313,1.502168111,0,0.9132670342,1.510087361,0
0.5307759084,0.8296150572,1.237561265,0.4186893185,0.2172585214,0.8312357343,1.383738013,1.026699459,0.05,0.7800081801,1.639086286,0
0.7336286385,0.02530861014,0.8312357343,0.2509888404,0.8856428315,1.008680339,1.4136205,0.02103742114,0.1,0.9603472591,1.61182632,0
0.6642771704,0.9904702901,1.008680339,0.271218766,0.9296500037,1.414046519,1.314568352,0.9990679081,0.15,1.265829327,1.57722414,1
0.1027759971,0.8715523712,1.414046519,0.6993356261,0.9227679817,1.462534534,1.34958004,1.232415597,0,0.9149195986,1.434590589,1
0.1114062931,0.9821670985,1.462534534,0.02555590904,0.9970930143,1.107453166,1.127210797,1.4364533,0,0.3812960633,1.434033429,0
0.4157764415,0.98793884,1.107453166,0.3106230974,0.999971268,0.8049862438,1.33664013,1.094095996,0.05,0.5543752107,1.632606345,0
0.4768182528,0.9898511286,0.8049862438,0.1064119515,0.8996996597,1.12768412,1.228138577,0.7968165419,0.1,1.009186694,1.6416232,0
0.3269448974,0.6471105393,1.12768412,0.2766759155,0.7591840341,1.461054927,1.154532599,0.7297362791,0.15,1.27771313,1.69134901,0
0.4205684531,0.9999718441,1.461054927,0.4571993908,0.9475158735,1.385217309,1.312515388,1.461013789,0.2,1.228381999,1.921637857,1
0.1276001363,0.6887203678,1.385217309,0.3450641622,0.3107950076,0.9776012472,1.243414981,0.9540273743,0,0.6309644113,1.262276956,0
0.4348020363,0.5561238574,0.9776012472,0.3212768282,0.4613545446,0.8432477667,1.475756076,0.5436673766,0.05,0.6601648102,1.262131733,0
0.5406764716,0.597605575,0.8432477667,0.1677929196,0.9800359345,1.243878923,1.455742553,0.5039295665,0.1,0.9633989455,1.105979396,0
0.4700213558,0.9822785486,1.243878923,0.2990866195,0.8566733308,1.475959109,1.264414806,1.221835583,0.15,1.182826784,1.062985241,0
0.5549543846,0.7720750108,1.475959109,0.4700834703,0.7078817327,1.280486648,0.909489811,1.139551145,0.2,1.110053937,1.356085127,1
0.3675996914,0.5874853962,1.280486648,0.371166849,0.924965224,0.8694689282,0.9666086077,0.7522672056,0,0.4819902914,1.597356148,0
0.5357014374,0.9906137097,0.8694689282,0.3621651831,0.92158678,0.9353431652,1.454580031,0.8613078404,0.05,0.5946852522,1.772245994,0
0.4921979361,0.9769824291,0.9353431652,0.2114413221,0.9963397683,1.344139613,1.374071107,0.9138138375,0.1,1.078733203,1.777522677,0
0.2197259256,0.6421279345,1.344139613,0.381581888,0.3887283498,1.456343191,0.6102523011,0.8631095932,0.15,1.334875078,1.820783353,0
0.4151256647,0.9967303533,1.456343191,0.5269651026,0.9529721446,1.156247939,1.101872078,1.451581463,0.2,1.251376467,2.005658523,0
0.8280164665,0.7321326998,1.156247939,0.4862063547,0.04402945887,0.8098541342,1.410018619,0.8465269254,0.25,1.077987099,2.175325731,1
0.6571167595,0.7383418146,0.8098541342,0.5973981269,0.9743552759,1.057704259,1.128232218,0.597949171,0,0.9823357862,1.695439479,0
0.4501774639,0.814879676,1.057704259,0.2959672899,0.5117954138,1.4189101,0.7261916819,0.861901704,0.05,1.285694155,1.79949407,0
0.3918595184,0.6562530757,1.4189101,0.4959316506,0.812331735,1.402660417,1.13942557,0.9311641176,0.1,1.324919922,2.107847807,0
0.7613897985,0.9998055095,1.402660417,0.5312489938,0.9932904011,1.025491184,1.166381914,1.402387613,0.15,1.221876533,2.45256299,1
0.1504754293,0.8227600409,1.025491184,0.6511320969,0.9978336752,0.8187124744,0.9156769923,0.8437331684,0,0.5445544034,1.451214199,1
0.06883145586,0.8973356778,0.8187124744,0.1055042686,0.9426938003,1.187184819,1.119151768,0.7346599132,0,1.011238446,1.290980538,0
0.1633304204,0.9930657602,1.187184819,0.1975696216,0.9650748377,1.462018555,1.41095732,1.178952594,0.05,1.262452375,1.217237106,0
0.5330170855,0.8931020618,1.462018555,0.3768147048,0.7592771417,1.318512593,1.001116473,1.305731786,0.1,1.19954241,1.375207591,1
0.3193500877,0.2626622903,1.318512593,0.3885516224,0.6625962192,0.9074238251,1.030538137,0.3463235375,0,0.2562114588,0.9309226346,0
0.4171243246,0.3866075131,0.9074238251,0.2345625367,0.9020938119,0.8929762288,1.399076502,0.3508168683,0.05,0.3902272067,0.9484259219,0
0.4043486937,0.8070630601,0.8929762288,0.1091112357,0.999466627,1.306341128,1.424502812,0.7206881278,0.1,0.7624146461,0.8342214231,0
0.2444494522,0.9892171682,1.306341128,0.2692179021,0.8799415694,1.470526697,1.29397757,1.292255071,0.15,0.9758761675,0.8897718571,0
0.3873523049,0.9381692773,1.470526697,0.4134344852,0.9021547367,1.210894049,1.092413802,1.379602969,0.2,0.9221293777,1.220981595,0
0.7342529406,0.9887377199,1.210894049,0.3929637083,0.964171631,0.8267502658,1.334447701,1.197256621,0.25,0.7561608885,1.531650909,1
0.1351924078,0.9021178927,0.8267502658,0.6260413929,0.9976203587,1.009377903,1.410124575,0.7458262076,0,0.5514677517,1.004483207,0
0.1347236551,0.8980396859,1.009377903,0.05187482882,0.8443433356,1.403464224,1.296618818,0.9064614154,0.05,0.91284001,0.8941356121,0
0.2011742844,0.6715601035,1.403464224,0.24869974,0.4954972238,1.444579681,0.7157852217,0.9425105798,0.1,1.038105839,0.9429243835,1
0.2014374298,0.3542747718,1.444579681,0.06066852835,0.483744902,1.090475685,1.026258922,0.511778137,0,0.6303232921,0.9952186714,0
0.465291616,0.5805573809,1.090475685,0.3408644411,0.554477743,0.8059639713,1.466002685,0.6330837076,0.05,0.4387446289,1.14657637,0
0.6217471592,0.4720827652,0.8059639713,0.1742874728,0.9655596993,1.141609729,1.463854019,0.3804817002,0.1,0.6253097355,1.12406039,0
0.5273242162,0.9962426466,1.141609729,0.1744056601,0.952607995,1.471533283,1.40179437,1.137320297,0.15,0.9591884105,1.09196502,0
0.3163423447,0.590908393,1.471533283,0.4028682365,0.2949326609,1.387194442,0.8275642129,0.8695413674,0.2,1.050023403,1.338138797,1
0.2592668211,0.6401135623,1.387194442,0.2594622871,0.8907645142,0.9719182021,0.9651305122,0.8879619759,0,0.6461825433,1.6645593,0
0.5364323345,0.9920342709,0.9719182021,0.4094498793,0.9758909457,0.8504771018,1.493256004,0.964176165,0.05,0.6132309198,1.945825238,0
0.6348297151,0.9997004025,0.8504771018,0.2154791085,0.9625110243,1.269782331,1.346947613,0.850222301,0.1,1.048120464,2.106278144,0
0.473947948,0.7427452809,1.269782331,0.3068524774,0.6763900104,1.507320575,1.019536579,0.9431248342,0.15,1.407557103,2.028504062,0
0.4054640222,0.8833071746,1.507320575,0.511414201,0.9892251516,1.303970076,1.289919996,1.331427078,0.2,1.44531635,1.715583438,1
0.1541236416,0.9666497476,1.303970076,0.2924313476,0.9103731674,0.8736377524,0.7953363678,1.260482345,0,1.086956021,1.554754034,0
0.535304043,0.5148290991,0.8736377524,0.4176655782,0.5148290991,0.8736377524,0.449774137,0.449774137,0.05,1.109858054,1.210475031,0
0.1321634197,0.443821561,0.8366786042,0,0.6948595955,0.938599303,0.7867170813,0.3713360042,1,0.3975428703,0.483029245,0
0.1722097547,0.9892202294,0.938599303,0.105076094,0.9986761278,0.9538579728,0.9525951868,0.9284814178,1,0.405655024,0.4795152011,0
0.2476848152,0.8783261311,0.9538579728,0.1193181145,0.8651838235,0.8601897834,0.8704713999,0.8377983829,1,0.3503238968,0.5240505089,0
0.3093404526,0.7385841894,0.8601897834,0.1001866809,0.9259348004,0.7971009995,0.9118625623,0.635322574,1,0.2995330347,0.5756247983,0
0.3154233871,0.918183542,0.7971009995,0.0795498086,0.9975570467,0.8768121004,0.9170902975,0.731885019,1,0.3248975906,0.621477497,0
0.256294316,0.9906553551,0.8768121004,0.1149279147,0.9390631704,0.973273576,0.9139653699,0.8686186027,1,0.3663585945,0.7011725008,0
0.173614126,0.9563482928,0.973273576,0.1614184884,0.9920112058,0.9481871196,0.9406122479,0.9307885228,1,0.3620937768,0.8319805121,0
0.1656501398,0.9730853614,0.9481871196,0.1718170828,0.9169249002,0.8337325984,0.9137495767,0.922667006,1,0.3615425269,0.9601806545,0
0.2100755788,0.9615943787,0.8337325984,0.1416501724,0.9962404204,0.8083135511,0.8226560654,0.8017125799,1,0.4614165915,1.027374226,0
0.2217468879,0.8971648748,0.8083135511,0.1327883107,0.6174551434,0.9242403213,0.5706769401,0.7251905259,1,0.6103333385,1.022347553,0
0.226603769,0.6421058953,0.9242403213,0.1776497254,0.7349801988,1.002130868,0.8266880438,0.593460159,1,0.7018579015,0.9976817504,0
0.3049736773,0.9988492255,1.002130868,0.2207305104,0.9823577655,0.9353560497,0.918854279,1.000977642,1,0.6947598211,1.012397398,0
0.4224513729,0.8188650537,0.9353560497,0.2222024078,0.8090683656,0.8125331805,0.9726405055,0.7659303818,1,0.6317906735,1.060843936,0
0.493962206,0.7824094519,0.8125331805,0.1940831931,0.9848881959,0.8345926292,0.9479722897,0.6357336404,1,0.6099212222,1.106624164,0
0.4791312525,0.9999203786,0.8345926292,0.1965138193,0.9267324382,0.9741441276,0.9027709625,0.8345261778,1,0.650588161,1.158319573,0
0.3990653993,0.8839317873,0.9741441276,0.2462746801,0.8826958487,1.023341698,0.9032994683,0.8610769598,1,0.6733503393,1.259610947,0
0.3401499465,0.9842218521,1.023341698,0.2841042577,0.992683418,0.9167117736,0.9100045767,1.007195261,1,0.6547550596,1.403500938,0
0.3606691466,0.890257103,0.9167117736,0.2767116286,0.8714716393,0.7996600747,1.019462738,0.8161091678,1,0.6811564747,1.520612914,0
0.3898562111,0.962663408,0.7996600747,0.2457625933,0.9709051477,0.8729099207,0.8475127354,0.7698034927,1,0.8134243041,1.561742365,0
0.3852294587,0.809537488,0.8729099207,0.2610470771,0.5917515334,1.022406415,0.7251281865,0.7066533044,1,0.9607004725,1.542581976,0
0.4097755274,0.8053131515,1.022406415,0.313213655,0.9116631574,1.035912542,0.944403299,0.8233573325,1,1.020288107,1.530088483,0
0.5179066646,0.9842597112,1.035912542,0.3419653413,0.8995140488,0.8941002787,0.8436140383,1.01960698,1,0.981210932,1.56145611,1
0.2927086064,0.3174011938,0.8941002787,0.4230290931,0.7178733056,0.7972584095,1.056741154,0.2837884958,0,0.2817235114,0.4284784759,0
0.3265016815,0.7202971611,0.7972584095,0.05684148902,0.9826497001,0.9192038669,1.058917623,0.574262969,0.05,0.2651625723,0.4739036159,0
0.2957612466,0.9866439051,0.9192038669,0.07511864272,0.9955478983,1.065834522,1.061089319,0.9069268929,0.1,0.2895206679,0.551018284,0
0.2192757367,0.9999852498,1.065834522,0.1263349795,0.9977862419,1.039574285,1.037272919,1.065818801,0.15,0.2843473874,0.684624562,0
0.1612761494,0.8814761799,1.039574285,0.1479130025,0.6225163328,0.8697092206,0.6041325699,0.9163599696,0.2,0.2730737127,0.8267592734,0
0.1644117877,0.5014504348,0.8697092206,0.1236107697,0.7964266496,0.8061193371,1.082329241,0.4361160668,0.25,0.3656007929,0.9145511082,0
0.1670997403,0.9877214543,0.8061193371,0.1022630742,0.9216400953,0.9692840208,0.8933310173,0.796221364,0.3,0.5258231151,0.9232560986,0
0.1694148193,0.8501429798,0.9692840208,0.1388389685,0.8522887367,1.10215434,0.9782698883,0.8240300057,0.35,0.6423099083,0.893723409,0
0.2529174376,0.9974516557,1.10215434,0.1883875744,0.9407248428,1.034652073,0.9733229092,1.099345671,0.4,0.661555624,0.8915820102,0
0.3841015113,0.7135991482,1.034652073,0.2004371715,0.510358468,0.8458837382,0.9950266974,0.7383268383,0.45,0.6055202023,0.9305363099,0
0.47815761,0.4423033926,0.8458837382,0.1747138505,0.8723014518,0.8255816396,1.086273522,0.3741372471,0.5,0.5624419589,0.9751667299,1
0.4520381143,0.7449877981,0.8255816396,0.179353989,0.9745490215,1.019412652,1.12989569,0.6150482479,0,0.4084942513,0.6345648284,0
0.4149562065,0.993006045,1.019412652,0.1141624471,0.9986110472,1.129899432,1.128330055,1.012282926,0.05,0.4169891136,0.7190965832,0
0.336045277,0.9999787504,1.129899432,0.1679115936,0.9882408741,1.021934439,1.009917384,1.129875422,0.1,0.3949964562,0.866078098,0
0.280827756,0.8670634111,1.021934439,0.1824012765,0.4985187685,0.8249197812,0.6923727253,0.8860819609,0.15,0.3892211176,1.012398002,0
0.269018756,0.2131653455,0.8249197812,0.1506834516,0.7012875308,0.85380947,1.14599238,0.1758443101,0.2,0.5014461971,1.091757978,0
0.257045824,0.9331979861,0.85380947,0.1375572106,0.9964475995,1.066550436,1.109925441,0.796773278,0.25,0.669880142,1.090424557,0
0.2704056808,0.9850966595,1.066550436,0.183937617,0.9880969816,1.148264861,1.134597043,1.050655272,0.3,0.7780085587,1.061132679,0
0.3725643199,0.9681987884,1.148264861,0.2297221288,0.844034949,1.002554421,0.8461909696,1.111748647,0.35,0.7806721794,1.065396179,0
0.5096864669,0.5922619639,1.002554421,0.2306455559,0.2623152197,0.8088460589,1.066456579,0.5937748504,0.4,0.7205566936,1.100146442,0
0.5951271299,0.390775492,0.8088460589,0.2006191498,0.9031524547,0.8882893798,1.134915337,0.3160772166,0.45,0.6889567404,1.136278023,0
0.5888948087,0.9778234168,0.8882893798,0.204763255,0.9828320009,1.108380057,1.099008064,0.8685901564,0.5,0.7079068394,1.189122141,0
0.5140507615,0.9620716981,1.108380057,0.2568169906,0.9601370233,1.156960637,1.110840742,1.066341083,0.55,0.7094521705,1.30201899,0
0.4459014634,0.9999899416,1.156960637,0.2929539882,0.9437594814,0.9778922579,0.9228950901,1.156949,0.6,0.6823564452,1.456853675,0
0.4345692426,0.6782865813,0.9778922579,0.2775611471,0.3479717131,0.7992181963,1.091120973,0.6632911965,0.65,0.7232006052,1.580702546,0
0.434760787,0.6208320204,0.7992181963,0.2510145889,0.9818251119,0.9263196382,1.117596393,0.4961802475,0.7,0.8742510086,1.619917601,0
0.423692058,0.9792921059,0.9263196382,0.2711873397,0.8745901376,1.143219546,0.9998485402,0.9071375092,0.75,1.029754678,1.598253486,0
0.4686371671,0.9455369202,1.143219546,0.324853424,0.9870718345,1.156082993,1.14113696,1.080956289,0.8,1.089349615,1.583677334,0
0.598989963,0.9415286548,1.156082993,0.3498764178,0.7450591621,0.9495054653,0.7074377464,1.088485265,0.85,1.049440416,1.609935879,0
0.7272972196,0.427971282,0.9495054653,0.3298553732,0.5156104151,0.7969610932,1.169879979,0.4063610713,0.9,0.9951769174,1.64970064,0
0.7724873739,0.7289445406,0.7969610932,0.3100226277,0.9981980304,0.9653475201,1.12156983,0.5809404379,0.95,0.999139901,1.701258208,0
0.7222651989,0.9807060486,0.9653475201,0.3435819574,0.8986401384,1.169897865,1.051317179,0.946722152,1,1.022896364,1.719031841,0
0.6397553253,0.9273655763,1.169897865,0.3952773922,0.974933768,1.146014572,1.117288305,1.084923008,1,1.007223644,1.698291286,0
0.6056259409,0.9704134405,1.146014572,0.4087596676,0.7861208489,0.919086429,0.7225130038,1.112107943,1,0.993007323,1.677420871,0
0.6143147733,0.4528932373,0.919086429,0.3787737747,0.4528932373,0.919086429,0.4162480282,0.4162480282,1,0.9954203376,1.682992104,0
0.2504782965,0.9682343592,0.9123749593,0,0.9319224914,1.334531145,1.24367959,0.8833927841,1,0.668925724,1.137693084,0
0.3427296935,0.5148334757,1.334531145,0.2570571606,0.3962066516,1.505946951,0.8243692263,0.687061308,1,0.637473962,1.17589062,0
0.4321899483,0.7272917805,1.505946951,0.2165713687,0.8996320258,1.251801761,1.126160954,1.095262839,1,0.6499269461,1.200575416,0
0.4630095552,0.9999458794,1.251801761,0.2072599663,0.7529076963,0.8509091081,0.9364549632,1.251734012,1,0.7133247696,1.173790813,0
0.446898656,0.373641048,0.8509091081,0.2245652682,0.6744491706,0.9970920135,1.47694516,0.3179345709,1,0.7937232868,1.10707054,0
0.420173461,0.9698207103,0.9970920135,0.2655546376,0.9642408369,1.40355078,1.353360979,0.9670004848,1,0.8455415281,1.044273741,0
0.4614699238,0.6254507593,1.40355078,0.3062837752,0.3436801906,1.480844681,0.7073382172,0.8778519013,1,0.8569760526,1.018571379,0
0.58619651,0.3556619114,1.480844681,0.3173645947,0.4471679043,1.153819138,1.014865394,0.5266800497,1,0.8382901724,1.024789315,0
0.7101427853,0.7362995577,1.153819138,0.285057215,0.9437135349,0.8190507465,1.364641996,0.8495565212,1,0.8034539508,1.075957572,0
0.770668512,0.9631706448,0.8190507465,0.2442332762,0.9999659231,1.091528176,1.449068813,0.7888856356,1,0.7528942181,1.224869344,1
0.2162588742,0.8524930304,1.091528176,0.7009383311,0.9909810408,1.451722733,1.438629705,0.9305201622,0,0.1740190543,0.4075174196,0
0.1310494139,0.9989452475,1.451722733,0.1013099889,0.9421198186,1.431059259,1.348229289,1.450191525,0.05,0.1364998527,0.7377977478,0
0.0797458449,0.7829481966,1.431059259,0.147327664,0.6523319772,1.050607266,1.175191312,1.120445266,0.1,0.1113830081,0.9980421908,0
0.1356875588,0.9882308914,1.050607266,0.09510309404,0.9914143394,0.8269946341,1.445453415,1.038242555,0.15,0.4320705124,1.112790831,0
0.08866221771,0.9991100176,0.8269946341,0.05768627964,0.9585523801,1.185481003,1.331657651,0.8262586234,0.2,0.7632739025,1.0827273,0
0.1164841709,0.9993231772,1.185481003,0.2025772483,0.9904541884,1.475877979,1.461789526,1.184678643,0.25,0.9794697156,1.000650545,0
0.418222807,0.9377762387,1.475877979,0.3056068581,0.8601938948,1.358061116,1.168195881,1.3840433,0.3,1.027251257,0.9787762292,1
0.1905158569,0.3519455555,1.358061116,0.3340641025,0.669921944,0.9519453219,1.058095695,0.4779635739,0,0.3317328245,0.1201229017,0
0.3211127878,0.6953077434,0.9519453219,0.2140738295,0.8760633561,0.8735458444,1.472923057,0.6618949536,0.05,0.2077112128,0.2537218981,0
0.3860233065,0.7916979121,0.8735458444,0.09204644173,0.9567298803,1.270392038,1.458099962,0.6915844212,0.1,0.1279591398,0.515447187,0
0.3311058691,0.9299487202,1.270392038,0.06277709672,0.9736776452,1.47354237,1.434755265,1.18139945,0.15,0.132844755,0.8427120737,0
0.2092621297,0.936274768,1.47354237,0.1289522338,0.9439132988,1.264769162,1.193832432,1.379640541,0.2,0.2410375592,1.131494316,0
0.1218837965,0.7548253156,1.264769162,0.1086508749,0.7413033534,0.8712092874,1.338972261,0.9546797821,0.25,0.5171240478,1.296274308,1
0.09151253904,0.6564772813,0.8712092874,0.0874124772,0.9871940807,0.9493040106,1.055189566,0.5719291044,0,0.811101591,1.295715635,0
0.1802780334,0.9992135545,0.9493040106,0.156116058,0.9955729341,1.33901801,1.443153503,0.9485574348,0.05,1.076572306,1.22116861,1
0.0509827894,0.9092724505,1.33901801,0.139129519,0.9030697692,1.443159852,1.303274034,1.217532187,0,0.8411978359,0.7864123508,0
0.3710212893,0.9218484215,1.443159852,0.3240981152,0.7969734296,1.156411249,0.921629039,1.330374631,0.05,0.8209150284,0.7967625035,1
0.1879409271,0.331902533,1.156411249,0.2897307268,0.8389648416,0.8240098222,1.148490178,0.3838158227,0,0.1550607031,0.1749378051,0
0.2556805517,0.6560909337,0.8240098222,0.1514551538,0.9530155784,1.04085295,1.384431848,0.5406253736,0.05,0.09276387137,0.340464755,0
0.2441362852,0.8598800474,1.04085295,0.0620888005,0.9613685442,1.385240242,1.361713326,0.8950086844,0.1,0.1010459963,0.6353164988,0
0.1479463064,0.8432864588,1.385240242,0.1107304598,0.8947571536,1.384554209,1.238839783,1.168154338,0.15,0.09594377875,0.9443430865,0
0.07232749185,0.2224900042,1.384554209,0.1240278205,0.6114998509,1.041717675,0.8897551926,0.3080494718,0.2,0.3022191804,1.162561328,1
0.07573459993,0.484893895,1.041717675,0.01890113279,0.9911017504,0.8224729815,0.9050686211,0.5051225408,0,0.6520465839,1.265808162,0
0.1072989586,0.9984229351,0.8224729815,0.08424587256,0.9647781399,1.134634156,1.356497093,0.8211758882,0.05,0.9564344428,1.215252201,1
0.05219689978,0.8535886245,1.134634156,0.08553615883,0.9411610554,1.404156758,1.321537657,0.9685108083,0,0.905958343,0.9132582862,0
0.3470187334,0.9371061942,1.404156758,0.3093436978,0.8674947823,1.29960813,1.127403271,1.315843996,0.05,0.953422378,0.8852312927,1
0.1752650295,0.3500936944,1.29960813,0.2707345803,0.6333724883,0.9342749337,1.10931073,0.4549846113,0,0.3130944036,0.1029236405,1
0.1900722251,0.4677907691,0.9342749337,0.05031444345,0.9901633385,0.8673977051,1.110423895,0.4370451898,0,0.1385649077,0.3353372209,0
0.1758209235,0.868768724,0.8673977051,0.09744248851,0.9989857081,1.218712143,1.383031846,0.7535679974,0.05,0.2062801362,0.5303426311,0
0.09340375009,0.8743554266,1.218712143,0.1049655541,0.9238553795,1.392429431,1.286403421,1.065587575,0.1,0.1940455342,0.8294576228,0
0.0809347432,0.623269439,1.392429431,0.1392029226,0.6646279235,1.193178602,0.8126292975,0.8678587104,0.15,0.2055226071,1.089981886,1
0.06642243592,0.4066961163,1.193178602,0.03456408234,0.8862928269,0.8528850455,0.8419603185,0.4852611033,0,0.4791378263,1.225157946,1
0.07118761222,0.6705677509,0.8528850455,0.02567410663,0.9939779829,0.9467944506,1.074452204,0.5719172067,0,0.813687507,1.251507405,1
0.08817856568,0.8491190735,0.9467944506,0.05505800026,0.9957410384,1.283270832,1.340537543,0.8039412267,0,0.9605983837,1.103090957,0
0.3231726067,0.9636244893,1.283270832,0.2848117163,0.9379407303,1.348822999,1.265116029,1.2365912,0.05,1.083374643,1.041548948,1
0.1591957131,0.4170346507,1.348822999,0.2599790976,0.5590424467,1.074313136,1.022800285,0.5625059282,0,0.4931539272,0.2534060825,1
0.1863800128,0.3360595075,1.074313136,0.05748280386,0.8791448634,0.8175834847,1.129166127,0.3610331434,0,0.1402258206,0.2161924622,0
0.2369897265,0.6164296433,0.8175834847,0.1437320943,0.9367250098,1.042511062,1.313398869,0.5039826959,0.05,0.1090904401,0.3741487525,0
0.21451998,0.8007203005,1.042511062,0.06992299975,0.9214726132,1.320805101,1.217085728,0.8347597706,0.1,0.1187635315,0.6652556844,0
0.1217017451,0.6760841424,1.320805101,0.1157315076,0.7596087453,1.274895378,0.9684216787,0.8929753839,0.15,0.111396657,0.9631121802,0
0.08184744214,0.5248196907,1.274895378,0.1179538781,0.8477889636,0.957725268,0.8119489124,0.6690901981,0.2,0.3274596672,1.162962635,0
0.1028969698,0.9816306965,0.957725268,0.04599332681,0.779596051,0.8388575706,0.6539700494,0.940132522,0.25,0.6513745799,1.214426935,0
0.09720991619,0.8606810045,0.8388575706,0.1077713908,0.8372987208,1.136970381,1.238794563,0.7219887765,0.3,0.9348062539,1.220861448,1
0.03655669544,0.9088241179,1.136970381,0.08690925055,0.9052455664,1.326385924,1.200704977,1.033306103,0,0.8870743128,1.048234029,1
0.09673447319,0.463633075,1.326385924,0.07325429742,0.5370725517,1.175856604,0.652035061,0.6149563847,0,0.651933519,0.8295181281,0
0.3638532574,0.7691738688,1.175856604,0.2985128591,0.4723033371,0.864582995,0.4083454337,0.9044381729,0.05,0.687277989,0.7882638178,0
0.5653143893,0.4197297965,0.864582995,0.2034968596,0.4197297965,0.864582995,0.3628912446,0.3628912446,0.1,0.7083569723,0.7814328348,0
0.1815868761,0.8490093448,0.8432914861,0,0.9907362508,1.121904214,1.226016526,0.7159623521,1,0.2614688765,0.3967866039,0
0.1180105382,0.7713272252,1.121904214,0.1073470277,0.6550434224,1.339154677,0.9179149464,0.8653552643,1,0.2877403179,0.4595614452,0
0.1166476242,0.7647990926,1.339154677,0.1370585466,0.9108950028,1.219173734,1.110539262,1.024184282,1,0.2587734036,0.5476888121,0
0.1876808522,0.9994966375,1.219173734,0.1215103548,0.9998830446,0.9042383683,1.114924532,1.218560048,1,0.2554402808,0.6087439454,0
0.2203427365,0.9957517893,0.9042383683,0.08594725336,0.8575385222,0.899767856,0.8588122453,0.9003969732,1,0.3307278578,0.6285183663,0
0.1944501146,0.5348759221,0.899767856,0.1013672129,0.4105938127,1.202504774,0.6202408375,0.4812641617,1,0.4032501931,0.6423600451,0
0.1718690463,0.68781915,1.202504774,0.1452669077,0.8788424856,1.312176565,1.153196514,0.8271058113,1,0.4148760063,0.6822772516,0
0.2199980464,0.9651941907,1.312176565,0.1562957585,0.8467208344,1.100654078,0.9515931955,1.266505198,1,0.3875413046,0.7312264339,0
0.2750714459,0.5343460699,1.100654078,0.1307870575,0.7045322879,0.842393574,1.156839539,0.5881301811,1,0.4005018473,0.7574307438,0
0.2774639604,0.8613260172,0.842393574,0.1205212998,0.9579405586,0.9888633613,0.9472723207,0.725575502,1,0.4649547683,0.7727684093,0
0.2387195376,0.6752749539,0.9888633613,0.1608049635,0.4216627144,1.253515131,0.8160577053,0.6677546607,1,0.5065269528,0.8183870454,0
0.2408739736,0.6454906257,1.253515131,0.198093707,0.840723521,1.246870608,1.048273448,0.809132266,1,0.4917893813,0.8985067194,0
0.3071275873,0.9967220736,1.246870608,0.1952014426,0.9987165169,0.9793820083,1.06234796,1.242783458,1,0.4764937837,0.9703802093,0
0.3561577582,0.9939438502,0.9793820083,0.1675296753,0.9569167558,0.8432121862,0.8475423715,0.9734507241,1,0.5264708307,1.003625385,0
0.3470000732,0.7833490144,0.8432121862,0.1696116696,0.3997013422,1.084287757,0.4333912718,0.660529435,1,0.6023013763,1.017933298,0
0.3179103909,0.2828368976,1.084287757,0.2093149417,0.5974101171,1.266691394,0.9028251799,0.3066765853,1,0.6323446761,1.049723564,0
0.3362642722,0.9760129509,1.266691394,0.2309080265,0.9987303657,1.150099857,1.14863965,1.236307205,1,0.6137826048,1.099117213,0
0.3868184813,0.8266628718,1.150099857,0.2153044828,0.8046280924,0.8813581377,1.110257548,0.9507448504,1,0.6143488389,1.136256806,0
0.4047301591,0.8328848596,0.8813581377,0.1987496337,0.9862032419,0.9025615095,0.9022698383,0.7340698488,1,0.6706316565,1.154018162,0
0.3789892647,0.8050377123,0.9025615095,0.2241374645,0.428217942,1.164224465,0.6716593904,0.7265960528,1,0.7260086614,1.187539198,0
0.371690942,0.451736816,1.164224465,0.2652139632,0.6951627478,1.239019633,0.9256267616,0.525923053,1,0.7290147278,1.257876161,0
0.4272556493,0.9668330981,1.239019633,0.2748587672,0.9985422224,1.035679003,1.034169213,1.19792519,1,0.7074922228,1.336558339,0
0.4890624999,0.9880747153,1.035679003,0.2528929228,0.9964277735,0.8356320707,0.9015320947,1.023328236,1,0.734772089,1.38371555,0
0.5002384277,0.9345854132,0.8356320707,0.2452745863,0.5869128374,0.9955700524,0.5843128442,0.7809695441,1,0.8077852814,1.401503077,0
0.4722828542,0.07413904358,0.9955700524,0.2767741516,0.3219473376,1.213629576,0.748539474,0.0738106115,1,0.8552206192,1.425929411,0
0.4700807272,0.8321178336,1.213629576,0.307057349,0.9511157635,1.173232127,1.11587957,1.009882814,1,0.847934723,1.472180146,0
0.511148688,0.9622107878,1.173232127,0.3021287776,0.9108912228,0.9259466444,1.079556219,1.128896609,1,0.8373886733,1.516555471,0
0.540677436,0.8377359517,0.9259466444,0.2825883835,0.9999940986,0.8578851477,0.9347017479,0.7756987934,1,0.8796694144,1.539289106,0
0.5265335302,0.9220465201,0.8578851477,0.293523872,0.5461270714,1.093211201,0.5970322314,0.7910100151,1,0.9435944472,1.564299717,0
0.5104443592,0.2977814892,1.093211201,0.3336757795,0.5170717304,1.22409759,0.8383012523,0.3255380594,1,0.9649460804,1.62247496,0
0.5502839237,0.8918402804,1.22409759,0.3550746989,0.9756646854,1.078715734,1.052464847,1.091699538,1,0.9443000519,1.70149983,0
0.6185918619,0.9938675198,1.078715734,0.3408730062,0.9991521631,0.8509466325,1.015178572,1.072100531,1,0.9508521223,1.760762459,0
0.6490411799,0.9917164804,0.8509466325,0.3252337951,0.7665500677,0.9363283062,0.7177425265,0.8438977993,1,1.013744876,1.785351963,0
0.62886217,0.3742876273,0.9363283062,0.3458405107,0.08512362412,1.172697445,0.6026685173,0.3504561001,1,1.074224661,1.804092817,0
0.6124633711,0.621822709,1.172697445,0.3812552466,0.8178310311,1.193610857,0.9761719979,0.7292099018,1,1.082181467,1.84377145,0
0.6403381813,0.9999958706,1.193610857,0.3881058826,0.9782110259,0.9728058195,1.041397587,1.193605928,1,1.065359091,1.891728,0
0.6763265659,0.869894619,0.9728058195,0.3682694002,0.9895686589,0.8382715703,0.9699977698,0.8462385477,1,1.090030527,1.922887563,0
0.6750417742,0.9863587778,0.8382715703,0.366968038,0.6890124504,1.04140299,0.7175396257,0.8268365215,1,1.15498184,1.943931173,0
0.6545374383,0.3059073636,1.04140299,0.4011532461,0.323495071,1.219405768,0.8026689515,0.318572843,1,1.194820799,1.989769406,0
0.6761819239,0.7669774883,1.219405768,0.4321527344,0.9127753722,1.126659806,1.028387324,0.9352567731,1,1.184470472,2.06548985,0
0.74317851,0.9999313344,1.126659806,0.4282905727,0.9957124764,0.8815904797,1.094350645,1.126582443,1,1.175243625,2.135534172,1
0.4499899753,0.9914559523,0.8815904797,0.448203597,0.9126345621,0.8934739394,0.8154151974,0.8740581286,0,0.7495287752,1.391343583,0
0.4451043581,0.6312412081,0.8934739394,0.2541747298,0.1773753092,1.14414546,0.4723568519,0.5639975689,0.05,0.8275297795,1.400929065,0
0.4288678882,0.4818737382,1.14414546,0.2910266702,0.7204299982,1.226143294,0.9339265328,0.5513336498,0.1,0.8545990562,1.427710573,0
0.4607517876,0.9978070991,1.226143294,0.3101084989,0.9773078384,1.034781924,1.011300485,1.223454483,0.15,0.8318450941,1.47405426,0
0.5155173981,0.7744147023,1.034781924,0.294931291,0.8747405842,0.8359864083,1.105862671,0.8013503356,0.2,0.8277172668,1.512488062,0
0.5312982099,0.9580109447,0.8359864083,0.2818173511,0.9067731829,0.9950267834,0.9022636034,0.8008841288,0.25,0.8775208073,1.535796187,0
0.5003777728,0.6442908574,0.9950267834,0.3069678836,0.4183860345,1.223876742,0.8059778651,0.6410866594,0.3,0.9280538247,1.575527311,0
0.4851568096,0.6615371192,1.223876742,0.3454324615,0.852704163,1.192379352,1.016746838,0.8096398939,0.35,0.9309452075,1.648968411,0
0.5312135157,0.999386799,1.192379352,0.3538431857,0.9826712338,0.9373663432,1.111991363,1.191648184,0.4,0.9161709429,1.727551315,0
0.5881521842,0.9619147164,0.9373663432,0.3337269903,0.9908230109,0.8567384011,0.9441593702,0.9016664801,0.45,0.9522657359,1.772405195,0
0.599652533,0.8501918867,0.8567384011,0.3291021816,0.4519313186,1.11199965,0.5025474683,0.7283920376,0.5,1.029830466,1.776954956,0
0.5785292394,0.1563244486,1.11199965,0.3599789485,0.4575884745,1.268361709,0.8252176732,0.1738327321,0.55,1.077315509,1.731447402,0
0.587336452,0.9143566936,1.268361709,0.3886795453,0.9919177064,1.123885837,1.114802262,1.159735019,0.6,1.067012874,1.669850147,0
0.635433921,0.9049344102,1.123885837,0.3835243919,0.8611856092,0.8613059437,0.7417442839,1.017042967,0.65,1.031927894,1.646588104,0
0.6660772831,0.8779975733,0.8613059437,0.3656179754,0.8779975733,0.8613059437,0.7562245284,0.7562245284,0.7,0.9869459878,1.675675394,0
0.05062525068,0.27392537,0.9443771008,0,0.6094296003,1.135000136,0.8439284116,0.2586888468,1,1.250357798,2.330954612,0
0.3993429909,0.7480941402,1.135000136,0.4097869129,0.7681592026,1.138767482,0.8925337465,0.8490869506,1,1.417207784,2.230159009,0
0.7354128267,0.8611630652,1.138767482,0.3731705988,0.990097693,0.9483393298,0.9389485826,0.9806644956,1,1.524130089,1.995712147,1
0.5275299998,0.5257333706,0.9483393298,0.5709272044,0.944641112,0.8601594333,1.099817326,0.4985736324,0,1.524882265,2.472244988,0
0.7409207328,0.9927492836,0.8601594333,0.375587978,0.8415330649,1.047507908,1.001510378,0.8539226612,0.05,1.745120624,2.200354071,0
0.9328031238,0.8440559203,1.047507908,0.4239515434,0.9000324011,1.191277679,1.076801578,0.8841552514,0.1,1.789272427,1.927741151,0
0.1505677303,0.8674547886,1.091507605,1.006462097,0.9999741644,0.8799376237,0.87991489,0.9468334991,0,1.181382015,1.443256578,0
0.4997323614,0.9309960789,0.8799376237,0.3636767999,0.550805867,0.9211651159,0.8965783157,0.8192184773,0.05,1.168427797,1.123785914,0
0.7893774528,0.5379164041,0.9211651159,0.3224346169,0.6718838319,1.150587592,1.026553853,0.4955098267,0.1,1.001972305,0.7592858311,0
0.9202870469,0.8056112955,1.150587592,0.229303876,0.9401388041,1.207493582,1.135211572,0.9269263606,0.15,0.7887945446,0.4717211687,0
0.8821302973,0.9936443849,1.207493582,0.2221492564,0.9824598201,1.016523129,0.9986931305,1.199819217,0.2,0.5721584145,0.5746467799,0
0.7235957331,0.9034723412,1.016523129,0.2753011842,0.8403827144,0.8519596939,1.228273623,0.9184005313,0.25,0.2984296247,0.9088023947,0
0.5251937108,0.7932335686,0.8519596939,0.2756067671,0.9888510418,1.023293546,1.201837522,0.6758030284,0.3,0.1296710605,1.160192505,0
0.3501456649,0.9971977475,1.023293546,0.203341331,0.9533873896,1.231033238,1.173651565,1.020426019,0.35,0.496528251,1.226114685,0
0.2141186727,0.9761658129,1.231033238,0.1524262253,0.883481903,1.181560601,1.043887408,1.201692561,0.4,0.8157116079,1.105427775,0
0.2928175916,0.9773638034,1.181560601,0.2082638424,0.7780963665,0.9336625859,0.8645604481,1.154814563,0.45,0.9663771162,0.8523575364,0
0.5358067162,0.7963385036,0.9336625859,0.252410345,0.3406610532,0.8831425094,1.08669536,0.7435114665,0.5,0.9095656159,0.5415783667,1
0.2977821944,0.5605749281,0.8831425094,0.3777465291,0.9177974506,1.137690229,1.259997944,0.4950675488,0,0.8705544409,1.705567904,1
0.3844350727,0.5371804871,1.137690229,0.225643058,0.7642415515,1.275146595,0.986944887,0.6111449912,0,0.8573407024,1.533124775,0
0.5014626139,0.598104544,1.275146595,0.2296289205,0.8172229638,1.118983461,0.9144589806,0.7626709726,0.05,0.9747800912,1.455668492,0
0.631694166,0.9075486417,1.118983461,0.2028449184,0.9922189845,0.8701452227,0.9678385623,1.01553192,0.1,1.075726332,1.265790861,0
0.7230417223,0.9286824759,0.8701452227,0.2000625135,0.697934218,0.9674099582,1.183559909,0.8080886199,0.15,1.123144158,1.003946637,0
0.7767226124,0.7408180103,0.9674099582,0.2483302501,0.9041563086,1.239605955,1.263429922,0.7166747204,0.2,1.049564889,0.8257793466,1
0.5994791603,0.4909679581,1.239605955,0.522919583,0.7169782331,1.277054155,0.9181366738,0.6086068045,0,1.225406456,1.090307939,1
0.6835000653,0.4026472276,1.277054155,0.2843108845,0.7125505404,1.032524212,0.9760207731,0.5142023151,0,1.718197666,1.957741956,0
0.9349816181,0.9799006327,1.032524212,0.519666014,0.915673286,0.8532367253,1.114620029,1.011771129,0.05,1.565917306,1.687137559,0
0.8115935583,0.6550901897,1.08044618,0.8429432151,0.88514942,1.312258839,1.195121278,0.7077896932,0,0.4885736514,0.634412003,0
0.7630318418,0.8807394967,1.312258839,0.0497643062,0.9639256754,1.23755247,1.1929086,1.15575819,0.05,0.4291029551,0.8502156265,0
0.6425732892,0.9594790417,1.23755247,0.124984853,0.9974408471,0.942158564,1.195824729,1.187405658,0.1,0.5070527236,1.015872822,0
0.526631128,0.9987310837,0.942158564,0.1285906155,0.9867353286,0.8952150145,1.34064369,0.9409630437,0.15,0.685441613,1.051724313,0
0.4838681676,0.964087254,0.8952150145,0.0684679455,0.9838138558,1.195829021,1.345662951,0.8630653851,0.2,0.8767891535,0.9201663822,0
0.5319079751,0.9892658216,1.195829021,0.06286732696,0.9968446515,1.346227368,1.341979551,1.182992779,0.25,0.9963433164,0.6831503193,0
0.6539464755,0.9770750931,1.346227368,0.1457084686,0.8509192242,1.163391371,0.9899520826,1.315365231,0.3,0.9842844194,0.5057583846,0
0.8018604916,0.7740682898,1.163391371,0.1820686339,0.2278975549,0.8737694162,1.196595208,0.9005443687,0.35,0.8306995746,0.5961244623,0
0.9073501755,0.1290087209,0.8737694162,0.1537512231,0.6814258488,0.984914561,1.330311616,0.1127238748,0.4,0.6321337772,0.8671594358,0
0.9175385221,0.695328442,0.984914561,0.1109595585,0.9393136425,1.293219979,1.325533972,0.6848391072,0.45,0.5253470153,1.17311567,0
0.8142222228,0.9119457914,1.293219979,0.158600951,0.9719789848,1.338193549,1.300696008,1.179346517,0.5,0.5770769087,1.440274751,0
0.6739940852,0.9033635047,1.338193549,0.20893774,0.9319496511,1.067086871,1.069363857,1.208875215,0.55,0.7506552021,1.604852552,0
0.5936110686,0.8476739017,1.067086871,0.1973483133,0.9637665957,0.8524502519,1.359194734,0.9045416911,0.6,0.9958317686,1.601443632,0
0.613596917,0.9983638385,0.8524502519,0.1536167123,0.969038343,1.097765872,1.324723855,0.8510555056,0.65,1.226685971,1.409861237,0
0.712440412,0.9492315045,1.097765872,0.1821168499,0.9792867773,1.359297496,1.331142064,1.04203395,0.7,1.345216437,1.132764091,1
0.3653591214,0.4449009971,1.359297496,0.6235045716,0.6992771403,1.290021238,0.9131213029,0.6047528112,0,1.281305113,1.291537769,0
0.6151528515,0.9437123063,1.290021238,0.344505624,0.9875970091,0.9671352893,0.9551399192,1.217408918,0.05,1.227933975,0.9558070836,0
0.8567736049,0.8785703729,0.9671352893,0.3461833748,0.51902196,0.8890039694,1.296890279,0.8496964118,0.1,0.9683740167,0.7898417884,0
0.8830001841,0.6225961429,1.209628056,0.4848484809,0.8420539098,1.386648635,1.167632905,0.7531097621,0,0.7189450074,0.5385782443,0
0.8593445976,0.8993884736,1.386648635,0.1180847853,0.9823606513,1.208327286,1.187013179,1.247135799,0.05,0.6023993655,0.5752045323,0
0.7426059936,0.9993543343,1.208327286,0.1684618812,0.9664302932,0.887444693,1.298783926,1.20754711,0.1,0.5377614065,0.7368912693,0
0.6033615063,0.9376551443,0.887444693,0.1748302977,0.9700644741,0.9724443775,1.306232568,0.8321170816,0.15,0.5651225975,0.8627602552,1
0.1387198649,0.6431734787,0.9724443775,0.5455269358,0.9376614521,1.302287509,1.369306797,0.6254504332,0,0.8850687988,1.534536729,1
0.2374882364,0.4970110006,1.302287509,0.1598698946,0.736244688,1.372735502,1.010669221,0.6472512177,0,1.10487339,1.425046562,0
0.4552511095,0.8903529895,1.372735502,0.2816239012,0.9972379365,1.104611091,1.101560085,1.222219158,0.05,1.158095552,1.104557899,0
0.7124913195,0.9736324972,1.104611091,0.3117150815,0.602486991,0.8523572165,0.5135341346,1.075485255,0.1,1.075672641,0.7211682663,1
0.09718996864,0.1377257005,0.8523572165,0.633610187,0.1377257005,0.8523572165,0.1173914947,0.1173914947,0,1.196578077,2.158183981,0
0.3294933757,0.9843500159,0.9495303247,0,0.8713045377,1.477764117,1.287582581,0.9346701902,1,0.8275845485,0.4147199861,0
0.4652637491,0.8375987596,1.477764117,0.2590598417,0.6888952772,1.67558402,1.154301918,1.237773392,1,0.7781768415,0.2679630258,0
0.6571415729,0.8309762234,1.67558402,0.2631790732,0.826751695,1.333990901,1.102879238,1.392370481,1,0.5946393132,0.3258264675,1
0.2905537456,0.4154856529,1.333990901,0.5042728572,0.964781614,0.8584686014,0.8282347229,0.5542540803,0,0.3286102215,0.7244669176,0
0.1942243887,0.9048440225,0.8584686014,0.1135354847,0.8061770796,1.157700175,0.9333113463,0.7767801825,0.05,0.5429059116,0.6478376951,0
0.1558265405,0.9999130402,1.157700175,0.1732839925,0.9190397006,1.621224465,1.489969647,1.157599502,0.1,0.6468451058,0.6205991289,0
0.3412804806,0.9988801004,1.621224465,0.2344196292,0.9947275845,1.596726871,1.588308263,1.619408856,0.15,0.621830636,0.6492368433,0
0.5439377162,0.9989731686,1.596726871,0.2084689599,0.9853953945,1.108748207,1.378893461,1.595087301,0.2,0.5362380341,0.6261348304,0
0.6416773065,0.9774496732,1.108748207,0.1065784907,0.9853611652,0.8778810318,1.663121129,1.083745573,0.25,0.5129685736,0.5038110245,0
0.5998737079,0.986018235,0.8778810318,0.1120096607,0.9887534801,1.380148444,1.604810889,0.8656067054,0.3,0.5420485736,0.3778959342,0
0.4748968796,0.925484722,1.380148444,0.2378994484,0.8067973781,1.681257725,1.356434324,1.277306299,0.35,0.495679961,0.4223927671,0
0.4111000886,0.5014180006,1.681257725,0.276294998,0.1722392691,1.438299482,1.016043748,0.8430128869,0.4,0.3379766263,0.5436677934,0
0.4415859283,0.3649685741,1.438299482,0.2102607445,0.7349838613,0.9151596027,0.9712000502,0.5249341109,0.45,0.2077969163,0.5949367999,0
0.4216669937,0.8387697881,0.9151596027,0.09241248948,0.8988555625,1.045640517,0.9621612059,0.767608226,0.5,0.3443491443,0.6102787605,0
0.2841915616,0.8428136286,1.045640517,0.1463170877,0.4988422165,1.559143124,0.7777664118,0.8812800784,0.55,0.478068142,0.7280247504,0
0.1595567122,0.6835328046,1.559143124,0.2472366384,0.6420318459,1.65041011,1.05961585,1.065725472,0.6,0.4869177046,0.9159365104,0
0.3190314313,0.9997688428,1.65041011,0.2530872462,0.9999036035,1.227373557,1.266969515,1.650028606,0.65,0.4565174498,1.030038173,0
0.4635120666,0.998049857,1.227373557,0.1614374369,0.9945109741,0.8450698231,1.655488415,1.224980003,0.7,0.5691278245,0.9980288464,0
0.4736757213,0.9455894968,0.8450698231,0.1117112677,0.9790997137,1.267876635,1.661260316,0.7990891488,0.75,0.7435477532,0.8615677869,0
0.4037323911,0.9938241162,1.267876635,0.2423220516,0.9769677498,1.664226364,1.625895486,1.260046376,0.8,0.8017216213,0.7479278758,0
0.4428916862,0.830136489,1.664226364,0.3154832574,0.5826388895,1.535077908,0.8943960875,1.381535031,0.85,0.6947239155,0.7458939975,0
0.5819073846,0.5362215071,1.535077908,0.2794780553,0.4989216274,1.011783516,1.236426659,0.8231417893,0.9,0.4994220451,0.7922370169,0
0.6386943658,0.7017856429,1.011783516,0.1717519201,0.9876653711,0.9412611534,1.112852342,0.7100551455,0.95,0.4149039171,0.8500769077,0
0.5351615516,0.9251246191,0.9412611534,0.1725299142,0.6331802636,1.470823372,0.9312963305,0.870783866,1,0.4786057857,1.008026791,0
0.3124929753,0.336634133,1.470823372,0.2820773616,0.4743230536,1.683291838,0.9897426516,0.4951293507,1,0.5030420515,1.251203218,0
0.1909164918,0.9682592298,1.683291838,0.3214626066,0.9976271129,1.354952935,1.351737785,1.629862859,1,0.5051999665,1.444765827,0
0.3193665673,0.8784805861,1.354952935,0.2592162631,0.9370983891,0.8658025356,1.518585816,1.190299849,1,0.6770442332,1.486605707,0
0.3812899026,0.9941584525,0.8658025356,0.1888469382,0.8422938389,1.13721188,1.457035342,0.860744909,1,0.9360530121,1.380264218,0
0.3709105177,0.7168069733,1.13721188,0.2714521172,0.9323818309,1.615048675,1.614382075,0.8151614057,1,1.082711122,1.227529625,0
0.4891792386,0.9914249151,1.615048675,0.3662114829,0.888069501,1.618209024,1.43708208,1.601199495,1,1.038488276,1.149059536,0
0.7052633542,0.7257059047,1.618209024,0.3642575429,0.4811434486,1.143927761,1.311497366,1.174343844,1,0.8510806617,1.15744208,1
0.473534691,0.5012795632,1.143927761,0.4940597639,0.9965413217,0.8630701994,0.8600851172,0.5734276083,0,0.4248399338,0.9300632189,0
0.351753388,0.9549509595,0.8630701994,0.1512201567,0.3921908101,1.347368686,0.571792573,0.824189715,0.05,0.6097926707,0.971932633,0
0.2123103154,0.5335071906,1.347368686,0.2397725699,0.5986407417,1.683283177,1.127253678,0.7188308825,0.1,0.7021493781,1.081185325,0
0.3413494062,0.9993128992,1.683283177,0.2914686062,0.9972627242,1.482390564,1.478332852,1.682126592,0.15,0.6946901941,1.19114934,0
0.5542304327,0.9839568439,1.482390564,0.2477522077,0.9998484942,0.9533149093,1.464138547,1.45860834,0.2,0.7017708002,1.198680105,0
0.6559330013,0.9842382443,0.9533149093,0.1620715142,0.9260322552,0.9958361197,1.645051944,0.9382889926,0.25,0.7977501036,1.091238834,0
0.6264876661,0.900851222,0.9958361197,0.2073700736,0.9887838975,1.520931388,1.67156008,0.8971001853,0.3,0.8710955058,0.9700888381,0
0.559420526,0.982386458,1.520931388,0.3195101986,0.8894479319,1.672874432,1.487934704,1.494142399,0.35,0.8076546357,0.9493495707,0
0.5813802875,0.5831774061,1.672874432,0.3388287023,0.2226856139,1.29927956,1.147096021,0.9755825721,0.4,0.63326172,1.015104751,0
0.6312799911,0.2192668155,1.29927956,0.2626551407,0.8642567156,0.8499141206,1.027772379,0.2848888917,0.45,0.518714945,1.084414792,0
0.5766167881,0.9731444296,0.8499141206,0.1943019106,0.7187593931,1.187303541,0.8533855728,0.8270891921,0.5,0.5910866746,1.166970926,0
0.3959266682,0.3960939459,1.187303541,0.2635740598,0.2922358681,1.634141127,0.9661558095,0.4702837447,0.55,0.6825288032,1.332764749,0
0.2565199151,0.8301096334,1.634141127,0.3422831371,0.9547422773,1.591643596,1.519609431,1.356516292,0.6,0.6981440351,1.52544547,0
0.3925291402,0.9355854983,1.591643596,0.3299813794,0.9118984465,1.102144564,1.341014032,1.489118667,0.65,0.7407827997,1.623092471,0
0.5323480427,0.9734073499,1.102144564,0.2504556082,0.9476809972,0.8781809193,1.432479584,1.072835619,0.7,0.9145333654,1.57286796,0
0.5540596691,0.7375797071,0.8781809193,0.2482801385,0.8136065631,1.374117244,1.533681729,0.6477284252,0.75,1.090207716,1.43600466,0
0.5406088744,0.9455922618,1.374117244,0.3563644848,0.9997400745,1.679375878,1.678939365,1.299354633,0.8,1.114886523,1.333708626,0
0.6399512788,0.8541654218,1.679375878,0.4069864551,0.6098034511,1.455029197,0.9631026238,1.434464805,0.85,0.9750523733,1.332532974,0
0.7767606146,0.3555894953,1.455029197,0.3584407553,0.4551973253,0.9351805888,1.241013754,0.5173930977,0.9,0.7932356337,1.387349622,0
0.7965944414,0.7373241762,0.9351805888,0.2796763344,0.9407771764,1.010131811,1.003480197,0.6895312573,0.95,0.7413835375,1.473046098,0
0.650700492,0.7666404702,1.010131811,0.3110278366,0.4927123651,1.523180651,0.9619193677,0.7744079266,1,0.7894197427,1.593252073,0
0.4235688027,0.5565080664,1.523180651,0.4001838164,0.793802353,1.659051178,1.316958729,0.8476623186,1,0.8107541585,1.707910633,0
0.3531408613,0.975762445,1.659051178,0.4191487948,0.8385148308,1.28413919,1.076769756,1.618839834,1,0.8539250537,1.820277442,0
0.4639199757,0.7281582669,1.28413919,0.3562118522,0.9632478602,0.8488856616,0.8176872971,0.9350565674,1,0.9917058729,1.911991072,0
0.5256543392,0.9389103867,0.8488856616,0.3208635501,0.9389103867,0.8488856616,0.7970275649,0.7970275649,1,1.128024096,1.937469855,0
0.0673236602,0.903231685,0.8922092102,0,0.9942518481,1.312084817,1.416768443,0.8058716283,1,0.3918147268,0.5407013322,0
0.0739444211,0.9463355966,1.312084817,0.03824443598,0.9326690775,1.494864745,1.394214123,1.241672568,1,0.5373307841,0.4252227293,0
0.1890291997,0.9984150574,1.494864745,0.136294078,0.9491002592,1.23936768,1.176284186,1.492495471,1,0.5590354042,0.4070037959,0
0.3587593313,0.8715217027,1.23936768,0.176971791,0.5090642927,0.8454971785,1.342752809,1.080135831,1,0.4696082322,0.5085852616,0
0.4897728313,0.531494291,0.8454971785,0.1414439427,0.8308262116,1.024305943,1.44926315,0.4493769234,1,0.375122233,0.6120169594,0
0.5201945047,0.8891891035,1.024305943,0.08583827837,0.985938396,1.419770342,1.450292125,0.9108016832,1,0.3753457004,0.7081306237,0
0.4478819497,0.9849107462,1.419770342,0.1411605533,0.9919197005,1.451520812,1.439792089,1.398347067,1,0.3995174585,0.8472962942,0
0.3398319324,0.9177053189,1.451520812,0.2049632779,0.8222707901,1.086509453,1.105146162,1.33206837,1,0.4025045679,0.9984783304,0
0.2894698746,0.3358575313,1.086509453,0.2010704241,0.7035783831,0.8255074691,1.405523352,0.3649123827,1,0.4850313951,1.081126003,0
0.288828808,0.9401248423,0.8255074691,0.1561236746,0.8740251314,1.179008128,1.030482734,0.7760800792,1,0.6583537812,1.062605434,0
0.2819342271,0.5430052799,1.179008128,0.164483274,0.4137726878,1.48467678,0.8791188765,0.6402076383,1,0.7927353921,1.016883602,0
0.3305887541,0.8648057464,1.48467678,0.2335408775,0.9777461793,1.362063394,1.331752279,1.28395701,1,0.8029502068,1.057167722,0
0.4680950844,0.9293029421,1.362063394,0.2672925018,0.5661402078,0.9413475593,1.205610989,1.265769519,1,0.7167864567,1.180679092,0
0.5924208903,0.3153402967,0.9413475593,0.2413034914,0.7552708961,0.9000877978,1.474602009,0.2968448186,1,0.6709962136,1.300301317,0
0.6207454205,0.9153495988,0.9000877978,0.2178977194,0.992986511,1.324044986,1.420532885,0.8238950046,1,0.7373779312,1.39196329,0
0.5507107089,0.9714635275,1.324044986,0.2661083265,0.9544500223,1.500548435,1.432198487,1.286261413,1,0.8070641374,1.504216863,0
0.4717077777,0.9999851242,1.500548435,0.3277250557,0.9627963163,1.236475088,1.19047366,1.500526113,1,0.8186981246,1.643684013,1
0.1119404095,0.2774360462,1.236475088,0.4801116761,0.7994047214,0.8422344399,0.9592472426,0.3430427596,0,0.3175705234,0.7065262322,0
0.2181853583,0.9767802183,0.8422344399,0.1467361702,0.8506079004,1.037202888,0.8886333378,0.8226779401,0.05,0.3986581403,0.7247508195,0
0.2716612622,0.6888243253,1.037202888,0.09767075803,0.5558286375,1.438773881,0.799711726,0.7144505796,0.1,0.5183504989,0.6788555282,0
0.2618004357,0.5978711403,1.438773881,0.1422227451,0.7673433807,1.46686596,1.125589885,0.860201381,0.15,0.5619825732,0.6948407865,0
0.2810586349,0.9972106348,1.46686596,0.2056347566,0.9446615232,1.09157236,1.036482203,1.462774335,0.2,0.4909543604,0.828831324,0
0.3607187229,0.6136361426,1.09157236,0.211134768,0.4417292228,0.8262795525,1.498696725,0.6698282524,0.25,0.4034541392,0.9807460531,1
0.306614649,0.8416293123,0.8262795525,0.2406165719,0.964097687,1.194928435,1.231069441,0.6954210916,0,0.4715814624,1.031182505,0
0.2424897697,0.939606569,1.194928435,0.1739519146,0.8805838747,1.511508857,1.331010326,1.122762607,0.05,0.5981902219,1.101259011,0
0.2001600636,0.9958454888,1.511508857,0.2252960993,0.9326542617,1.388377178,1.294875892,1.505229277,0.1,0.6499236691,1.192394191,1
0.1070040535,0.3566306678,1.388377178,0.216109923,0.7112869525,0.9523187947,0.8584477855,0.4951378802,0,0.3780169845,0.680179913,0
0.2366980638,0.9243402256,0.9523187947,0.160994237,0.9348173053,0.8995335813,0.9355345204,0.8802665695,0.05,0.4106197871,0.7233330132,0
0.3264331463,0.8502593451,0.8995335813,0.1150796761,0.6779175478,1.342535269,0.974947042,0.7648368337,0.1,0.4960366705,0.6939893622,0
0.3376779574,0.6442236283,1.342535269,0.1220221422,0.739572118,1.537330467,1.13696675,0.8648929423,0.15,0.5505176712,0.6898492128,0
0.3191903269,0.9348059293,1.537330467,0.1879494932,0.9962182069,1.274751858,1.269931011,1.437105636,0.2,0.5032919891,0.8061743863,0
0.3432977281,0.8714690901,1.274751858,0.216359465,0.5618002999,0.8517405646,1.461368055,1.110906842,0.25,0.4013623482,0.9749831057,0
0.3771364479,0.2756249426,0.8517405646,0.1891095749,0.9696129838,1.031194403,1.405586739,0.2347609442,0.3,0.4313303214,1.099873725,0
0.3407404482,0.999323727,1.031194403,0.1705218446,0.8689547428,1.461523771,1.269998013,1.030497035,0.35,0.5872764324,1.177357418,0
0.2334891324,0.7609988608,1.461523771,0.2229590681,0.7872424691,1.51666953,1.193986666,1.112217925,0.4,0.6977222111,1.265327454,0
0.2274322287,0.987050752,1.51666953,0.2777788335,0.8196181343,1.140446602,0.99329073,1.4970298,0.45,0.7269554156,1.370597856,0
0.3758882094,0.5737444321,1.140446602,0.2733943616,0.8089043882,0.8218295296,1.287538728,0.6543248881,0.5,0.764364992,1.434610018,0
0.4915056045,0.9899957548,0.8218295296,0.2398965155,0.7988713588,1.183079395,0.9451282435,0.8136077456,0.55,0.8685107162,1.423432664,0
0.5221311078,0.4630304629,1.183079395,0.2537576216,0.3714333137,1.542168408,0.7900695206,0.5478017997,0.6,0.9570361214,1.402205379,0
0.5197950284,0.6933720674,1.542168408,0.3176273046,0.8753563961,1.4542456,1.272983188,1.069296497,0.65,0.935577931,1.472732325,0
0.5583890571,0.9911693377,1.4542456,0.3523510421,0.81673375,1.00488838,1.236723719,1.441403648,0.7,0.8317141074,1.626602537,0
0.6086794809,0.3828454076,1.00488838,0.3312650954,0.7878927704,0.8717274222,1.432569332,0.3847169013,0.75,0.8063707018,1.770349685,0
0.5867099364,0.9664809216,0.8717274222,0.3073302418,0.8862275988,1.327866314,1.176791775,0.8425079224,0.8,0.936840243,1.865185806,0
0.4836480988,0.5919135238,1.327866314,0.3517335283,0.4716390515,1.58085901,0.8469620911,0.7859820293,0.85,1.074586453,1.950702899,0
0.4296253861,0.8702346728,1.58085901,0.4152731395,0.9871442354,1.358168883,1.340708583,1.375718323,0.9,1.124494905,2.059427641,0
0.5424591689,0.8217420489,1.358168883,0.4293162412,0.3936985787,0.892378771,1.449309938,1.11606448,0.95,1.144404102,2.146325714,0
0.6811212467,0.6104232223,0.892378771,0.3935473786,0.9976736346,0.9798745745,1.18039457,0.5447287249,1,1.233334816,2.16148158,0
0.7381981542,0.8144791649,0.9798745745,0.3903009635,0.4243713971,1.449543991,0.6151450089,0.7980874252,1,1.350770191,2.132725552,0
0.7384874901,0.3270577719,1.449543991,0.4490792116,0.5932108826,1.578320973,1.044919727,0.4740846282,1,1.37676776,2.16141245,0
0.7690356028,0.9597656639,1.578320973,0.5000911927,0.994502058,1.239233314,1.232420081,1.514818276,1,1.288112733,2.289073538,1
0.1096985468,0.9720497911,1.239233314,0.6714766221,0.4300442166,0.8287079969,1.372330312,1.204596484,0,0.2730699475,0.2855160025,0
0.246234492,0.4665356647,0.8287079969,0.158386099,0.7439690393,1.114603557,1.535517564,0.3866218361,0.05,0.1001407609,0.4016302076,0
0.3027567205,0.8269774581,1.114603557,0.0735994587,0.9723266769,1.53988671,1.538281304,0.9217520163,0.1,0.1619481993,0.4886019182,0
0.2399499974,0.9775024107,1.53988671,0.07463329951,0.9998234932,1.538287302,1.538015784,1.505242971,0.15,0.2928935457,0.5106846791,0
0.09975308334,0.9057347896,1.538287302,0.1612044879,0.9481232755,1.110540026,1.052928847,1.393280326,0.2,0.327746793,0.4990917634,0
0.1325851569,0.5426153268,1.110540026,0.1818728823,0.9448936202,0.830259789,0.7845071778,0.602596039,0.25,0.3665924402,0.5196152345,0
0.2514441636,0.9975761581,0.830259789,0.1367460893,0.9975761581,0.830259789,0.8282473705,0.8282473705,0.3,0.4016700974,0.5723278802,0
0.06531123226,0.8278037865,0.9104352729,0,0.2977780999,1.426887327,0.8021873927,0.7536617663,1,0.1828050402,0.3914948208,0
0.04146023901,0.9831200642,1.426887327,0.07012151263,0.9963032536,1.689803018,1.683556245,1.40280156,1,0.251989626,0.3530785322,0
0.08118794628,0.6349119767,1.689803018,0.07729343405,0.7585727353,1.421017454,1.077945097,1.072876175,1,0.2723329557,0.3016406433,0
0.1442710263,0.9461008452,1.421017454,0.08521725331,0.9419054475,0.9057637197,1.059591618,1.344425815,1,0.2434210447,0.2601308059,0
0.1903209777,0.7610595236,0.9057637197,0.07624262545,0.4805115794,1.056406716,1.606407164,0.689340105,1,0.1994525909,0.2454419287,0
0.1952729104,0.6425363173,1.056406716,0.06882099813,0.9515148689,1.565322815,1.658997625,0.6787796809,1,0.1818274904,0.2674261064,0
0.1667275645,0.9998487405,1.565322815,0.08369099683,0.9477421524,1.659967563,1.573221231,1.565086045,1,0.1822341187,0.3267304219,0
0.1383800264,0.8883600666,1.659967563,0.09725404125,0.7530493752,1.247889889,1.239821014,1.474648895,1,0.1807186754,0.3947626546,0
0.1428509061,0.9752260912,1.247889889,0.08870199297,0.9961960054,0.8453924516,1.626090228,1.216974779,1,0.2044011325,0.4356706697,0
0.1595933809,0.9935420343,0.8453924516,0.06478099606,0.9973003184,1.239831556,1.639740766,0.8399329361,1,0.2636769128,0.439603458,0
0.1670359122,0.9002948414,1.239831556,0.06172555707,0.8810190658,1.657430992,1.460228304,1.116213954,1,0.3152538856,0.4267852429,0
0.1804006517,0.8237031438,1.657430992,0.08144208944,0.9225617124,1.569153602,1.447641034,1.365231118,1,0.3252577835,0.4290467302,0
0.2108344726,0.9955217047,1.569153602,0.08885627078,0.9284471778,1.060703645,1.184344459,1.562126469,1,0.3071486723,0.4567905014,0
0.2388199248,0.7651613564,1.060703645,0.07733319012,0.6119061395,0.9041763545,1.688368255,0.8116094401,1,0.3070550165,0.4985603916,0
0.2441430623,0.8235668401,0.9041763545,0.07708835514,0.9999999467,1.420627604,1.606444201,0.7446496631,1,0.3428369993,0.5463622788,0
0.2397710554,0.9683215514,1.420627604,0.1020675805,0.8952291979,1.689193581,1.512215415,1.375624325,1,0.3814064872,0.604933299,0
0.25995643,0.9525628855,1.689193581,0.1215641106,0.9535972424,1.42084807,1.354916802,1.609063112,1,0.4041422156,0.6624521411,0
0.3062263683,0.9978923838,1.42084807,0.116567865,0.9908286719,0.9041487906,1.567552995,1.417853468,1,0.4304257145,0.6960637325,0
0.3462937888,0.976948239,0.9041487906,0.0989387511,0.9894980545,1.060895084,1.543918712,0.8833065688,1,0.4739095049,0.6998255378,0
0.3640279203,0.9093489947,1.060895084,0.1026202908,0.8705460985,1.567839073,1.45143277,0.9647238779,1,0.5108164344,0.6964950718,0
0.3724192371,0.8540808663,1.567839073,0.1259864389,0.9213613118,1.651422079,1.521556413,1.339061354,1,0.5142330434,0.7149906468,0
0.3860320911,0.9923737698,1.651422079,0.1346854176,0.9862829468,1.229223337,1.212362015,1.638827954,1,0.4984625032,0.7616449361,0
0.3993890317,0.8908586773,1.229223337,0.1245439432,0.7769046442,0.8457768152,1.648796215,1.095064276,1,0.5072304025,0.8185632147,0
0.4006784368,0.8922637477,0.8457768152,0.1232244003,0.9938283954,1.258835638,1.534483953,0.7546559908,1,0.5546554999,0.8744578037,0
0.4006097814,0.9339109879,1.258835638,0.1465500649,0.8691253952,1.658114553,1.441109467,1.175640434,1,0.6070933997,0.9321728418,0
0.4276454093,0.9347434085,1.658114553,0.169486713,0.9528909557,1.541975998,1.469334982,1.549911649,1,0.6402280703,0.9870723773,0
0.4827842812,0.9991380458,1.541975998,0.1696668074,0.9892685265,1.026887565,1.446850635,1.540646885,1,0.6670199622,1.020827976,0
0.5344951856,0.9614641832,1.026887565,0.1558237328,0.9982224006,0.9270628965,1.549548413,0.9873156135,1,0.7055311342,1.026277586,0
0.5612618171,0.9419666107,0.9270628965,0.1582162911,0.8638860214,1.446854753,1.432138857,0.8732622945,1,0.7402799023,1.023133308,0
0.5699052304,0.8199606197,1.446854753,0.1808568533,0.8821532899,1.675368868,1.477932158,1.18636392,1,0.7451081479,1.042744457,0
0.5786821136,0.9726260546,1.675368868,0.1961567895,0.9999243872,1.369095879,1.368992358,1.629507412,1,0.727664202,1.091283603,0
0.5871535463,0.9532729556,1.369095879,0.1886596633,0.8550534235,0.8761286729,1.584022443,1.305122075,1,0.730514983,1.15354649,0
0.585312751,0.8916132687,0.8761286729,0.1815392382,0.9968309117,1.108765638,1.477955824,0.7811679499,1,0.7765785551,1.215178005,0
0.582369078,0.9273892153,1.108765638,0.2021705712,0.8471762411,1.588245423,1.345523788,1.028257295,1,0.8361505678,1.273104692,0
0.6040724085,0.8900335383,1.588245423,0.2272969267,0.9188524324,1.612068875,1.481253407,1.413591694,1,0.8779225802,1.328233746,1
0.2723567141,0.9179115161,1.612068875,0.3618055276,0.9919999415,1.156851447,1.147596568,1.479736585,0,0.542953729,1.035363692,0
0.322593724,0.9108386105,1.156851447,0.1888415363,0.9156204001,0.8575219952,1.611059004,1.053704964,0.05,0.5966799577,1.051349796,0
0.3663170197,0.9981405382,0.8575219952,0.1801540385,0.8726495125,1.3184524,1.237879997,0.8559274658,0.1,0.6608589132,1.033501199,0
0.3935008402,0.5769510327,1.3184524,0.1956239476,0.5724013544,1.658515304,0.9960660754,0.7606824739,0.15,0.6927172031,1.017338833,0
0.4222156793,0.7747405988,1.658515304,0.2166789248,0.9225368945,1.471555842,1.357564557,1.28491914,0.2,0.6721953787,1.032817912,0
0.4548513454,0.995656962,1.471555842,0.2169719732,0.823951162,0.9551407941,1.429101435,1.465164819,0.25,0.6355485282,1.081419235,0
0.4672740683,0.6400353426,0.9551407941,0.2055474286,0.9271158316,0.9887205522,1.487557253,0.6113238653,0.3,0.6383993254,1.145006058,0
0.4478741185,0.9964758107,0.9887205522,0.213726707,0.8381437808,1.500224455,1.257403797,0.9852361138,0.35,0.6831340498,1.210778056,0
0.4256466894,0.652117043,1.500224455,0.2386839452,0.6279301877,1.644383186,1.032557843,0.9783219357,0.4,0.7296287491,1.280645985,0
0.4451947049,0.9108128051,1.644383186,0.2538421488,0.9773694411,1.271649557,1.242871417,1.497725262,0.45,0.7647768178,1.337949116,0
0.5009398314,0.9636348956,1.271649557,0.2468727936,0.9297256131,0.8478346568,1.596553529,1.225405888,0.5,0.8088594065,1.360322996,0
0.5507585382,0.980777502,0.8478346568,0.2373380526,0.9307272425,1.197709159,1.337030517,0.8315371568,0.55,0.8657400892,1.349313744,0
0.5782304755,0.7068151908,1.197709159,0.2496037465,0.6535665898,1.618580862,1.065986103,0.8465590274,0.6,0.90061197,1.33643916,0
0.5983572307,0.7495226203,1.618580862,0.2727266186,0.8777914652,1.544524719,1.355770616,1.213162969,0.65,0.8883182866,1.35249583,0
0.6218862882,0.9983226524,1.544524719,0.2772810612,0.9494072804,1.051465623,1.329132795,1.541934014,0.7,0.8563350637,1.402911661,0
0.6337979918,0.8025348841,1.051465623,0.2665774749,0.9081304966,0.9046664766,1.549251525,0.843837842,0.75,0.8579199063,1.468408396,0
0.6215797434,0.999591561,0.9046664766,0.2694169262,0.8823762444,1.406686843,1.241227054,0.9042969755,0.8,0.9042642986,1.541942569,0
0.6055345213,0.7038225751,1.406686843,0.2923189851,0.6681022162,1.653709165,1.104846758,0.9900579562,0.85,0.957879507,1.589586257,0
0.6247041876,0.879055319,1.653709165,0.3117797492,0.9501397356,1.371449608,1.303068768,1.453701838,0.9,0.9961610221,1.60286235,0
0.6812340157,0.9894294767,1.371449608,0.3095620157,0.9459344898,0.8825844947,0.8348671137,1.356952668,0.95,1.040459303,1.592500248,0
0.7374668364,0.9536960201,0.8825844947,0.2991636196,0.9536960201,0.8825844947,0.84171732,0.84171732,1,1.072656947,1.565325321,0
0.3232913489,0.3684875185,0.9817628966,0,0.7044186243,1.481921542,1.458241265,0.3617673735,1,0.6306361771,1.098211895,0
0.3487875582,0.9630127815,1.481921542,0.1742198826,0.9987345781,1.621718827,1.619666668,1.427109386,1,0.7991150964,1.02772461,0
0.3795713238,0.8827956849,1.621718827,0.2394191621,0.7278543929,1.256840221,1.161697021,1.431646382,1,0.9028211527,0.9669049849,0
0.5188455267,0.8638273448,1.256840221,0.2906083486,0.9581519359,0.8393458446,1.536421442,1.085692951,1,0.8931502579,0.9788588134,0
0.6981388211,0.9999997704,0.8393458446,0.2644902507,0.9818562514,1.1790946,1.577051633,0.839345652,1,0.8319373145,1.039698248,1
0.5972087572,0.9961811061,1.1790946,0.1599255996,0.9999940224,1.599753851,1.599744288,1.174591763,0,0.5848704399,0.8567390749,0
0.6140086346,0.9881433473,1.599753851,0.1111987131,0.9733656367,1.538895525,1.497908023,1.580786125,0.05,0.6114843712,1.001435933,0
0.5724829658,0.9686926662,1.538895525,0.1554347977,0.9683653613,1.057211886,1.37687998,1.490716809,0.1,0.6408515346,1.186014898,1
0.206623017,0.9857568961,1.057211886,0.4072644404,0.9281013985,0.8841223266,1.538127712,1.042153908,0,0.4175099986,0.9741447551,0
0.2513420589,0.7221941994,0.8841223266,0.1293617716,0.9124485072,1.376993781,1.631225466,0.6385080158,0.05,0.5596894327,1.027834705,0
0.2876177039,0.9960801871,1.376993781,0.09622308754,0.9826610466,1.646358917,1.617812776,1.371596224,0.1,0.7640255882,1.007744639,0
0.3524487359,0.9240078825,1.646358917,0.1775475012,0.8677306214,1.3938312,1.209470014,1.521248617,0.15,0.9039427882,0.9800930222,0
0.516826536,0.9583698094,1.3938312,0.2443830947,0.9813437311,0.894857374,1.52229006,1.335805742,0.2,0.9417507734,1.001460863,1
0.3684589257,0.9978076596,0.894857374,0.1618165328,0.9841354415,1.041811117,1.607864702,0.892895542,0,0.5561565915,0.6463462546,0
0.5139073822,0.9937045716,1.041811117,0.1640277994,0.9991332297,1.535158823,1.616936572,1.03525247,0.05,0.5308545409,0.7318731621,0
0.5650818583,0.9959884576,1.535158823,0.09379647807,0.9883365648,1.619016161,1.600132871,1.529000469,0.1,0.5468500742,0.8705170614,0
0.5424295976,0.9841974941,1.619016161,0.1217651313,0.9823193261,1.209480422,1.238678238,1.593431649,0.15,0.5669268371,1.06261506,1
0.1730454136,0.9920211759,1.209480422,0.4033328235,0.9482772228,0.8368430741,1.557440885,1.199830191,0,0.3441158014,0.8983590765,1
0.08414590528,0.3301088918,0.8368430741,0.1416280381,0.8743610433,1.239224869,1.627170385,0.2762493398,0,0.3111856935,0.7809636511,0
0.1169145804,0.9027931613,1.239224869,0.03509097198,0.9992084478,1.633004671,1.631712062,1.118763737,0.05,0.5213902014,0.7955763231,0
0.1547990495,0.9945889462,1.633004671,0.1104773655,0.9636384338,1.524504636,1.46907126,1.624168395,0.1,0.6892538769,0.7770202894,1
0.135437346,0.9981718287,1.524504636,0.09991986723,0.9999184981,1.021404249,1.422137657,1.521717581,0,0.6009508968,0.6702405107,0
0.344692711,0.9866931818,1.021404249,0.2119551921,0.9965642044,0.9109127965,1.640963316,1.007812609,0.05,0.6165221085,0.7261894465,0
0.5079343758,0.999922919,0.9109127965,0.168062947,0.9897585648,1.422567969,1.625427025,0.9108425824,0.1,0.625018749,0.799775411,0
0.5899792563,0.9811294059,1.422567969,0.1191519379,0.9789328775,1.663012011,1.627977133,1.395723267,0.15,0.633762545,0.9316159424,0
0.6029363889,0.9927501613,1.663012011,0.1314779364,0.9980033555,1.37782643,1.375075401,1.650955442,0.2,0.6277577174,1.12962647,0
0.5860268936,0.987098271,1.37782643,0.1490973619,0.9659644197,0.879852505,1.559132843,1.360050087,0.25,0.6613047327,1.326540215,1
0.2566308842,0.8090695478,0.879852505,0.3968383481,0.9905912063,1.071300532,1.359408759,0.7118618683,0,0.4588911919,1.037392998,0
0.2349992964,0.9463205608,1.071300532,0.05455621713,0.7916604637,1.562877195,1.237268085,1.01379372,0.05,0.6761769262,1.094468914,0
0.2616257608,0.8846208368,1.562877195,0.1364932005,0.9063372894,1.627059358,1.474664568,1.382553732,0.1,0.8495773934,1.123015576,0
0.4130401477,0.9999443143,1.627059358,0.2100487043,0.9922571388,1.201575651,1.242817461,1.626968754,0.15,0.9455754394,1.159838547,1
0.2417159941,0.933041507,1.201575651,0.1974156573,0.9769541261,0.8377549889,1.576681671,1.121119956,0,0.5772355911,0.6890868083,0
0.4174955795,0.9960321692,0.8377549889,0.1815422633,0.9868240484,1.255223317,1.593972681,0.8344309188,0.05,0.5994042935,0.745567936,0
0.5256440986,0.9820195549,1.255223317,0.1356662466,0.9788306005,1.647146362,1.612277262,1.232653843,0.1,0.6095664464,0.8524184528,0
0.563793024,0.9945723714,1.647146362,0.1272775169,0.9991901522,1.534022531,1.532780206,1.638206263,0.15,0.5954572937,1.035799375,1
0.1871216224,0.9829062733,1.534022531,0.3942659191,0.922230162,1.026390553,1.418510581,1.507800369,0,0.2814367229,0.805566325,1
0.09996458288,0.1544328686,1.026390553,0.1593437175,0.9207629118,0.9084132557,1.345517108,0.1585084374,0,0.1729296924,0.7392613939,0
0.1238310388,0.8732840848,0.9084132557,0.03757965451,0.9748104661,1.422113232,1.386290863,0.7933028387,0.05,0.3805209777,0.8147472693,0
0.09531520287,0.9252103815,1.422113232,0.0583558574,0.7412242195,1.672406477,1.239628186,1.315753926,0.1,0.5860855956,0.8328303736,0
0.1612732372,0.979976282,1.672406477,0.1561912859,0.989964036,1.397960233,1.383930355,1.638918682,0.15,0.7171229761,0.8492384917,0
0.3585908447,0.9846837583,1.397960233,0.2118331143,0.9592803869,0.8914207383,1.551232657,1.376548736,0.2,0.770786061,0.8895171142,0
0.5590047224,0.9624760008,0.8914207383,0.2055851338,0.9991224938,1.051179804,1.611371264,0.8579710673,0.25,0.7890046874,0.9440499111,0
0.6957314816,0.9980212924,1.051179804,0.158573603,0.9867593317,1.551386915,1.609118745,1.049099826,0.3,0.8004975209,1.031723799,0
0.7534613595,0.9879678035,1.551386915,0.1437361288,0.9913983706,1.642206697,1.628081043,1.532720323,0.35,0.7965210806,1.191060574,0
0.7562911485,0.999845765,1.642206697,0.1669012982,0.9918875668,1.236973769,1.226938902,1.641953411,0.4,0.7905250375,1.399094479,0
0.7368290737,0.9406212589,1.236973769,0.1642384221,0.9272696984,0.8366486414,1.624266132,1.163523824,0.45,0.8631926489,1.578957261,0
0.7141472798,0.9434013242,0.8366486414,0.1318786612,0.9945786788,1.216544538,1.565984401,0.7892954362,0.5,1.050490905,1.682298226,0
0.7126465498,0.9651737446,1.216544538,0.1564717263,0.9317891155,1.634412384,1.52292767,1.174176847,0.55,1.266850594,1.723609049,1
0.4938797198,0.9372648299,1.634412384,0.321054779,0.9711332299,1.564199188,1.51904581,1.531877245,0,1.126463883,1.488387378,1
0.2736186733,0.9990256829,1.564199188,0.2376896387,0.9722867709,1.073151192,1.274306084,1.562675162,0,0.7667366066,0.9999122613,0
0.4828562738,0.9076407704,1.073151192,0.2383470654,0.9229101604,0.8774493697,1.660389636,0.9740357746,0.05,0.7897053509,1.065386205,0
0.6420850815,0.9818219352,0.8774493697,0.1970144584,0.9939769457,1.37250824,1.624026034,0.8614990382,0.1,0.8217490794,1.101589562,0
0.7184502394,0.9770868199,1.37250824,0.1764011431,0.9684902381,1.669370592,1.616769122,1.341059712,0.15,0.8468341594,1.069962071,0
0.7336930788,0.9891354593,1.669370592,0.2055262216,0.9988626675,1.448468519,1.446821129,1.651233647,0.2,0.8401180104,0.9835708128,0
0.7284144719,0.9748425702,1.448468519,0.2187776848,0.8961013134,0.9335669325,0.8365705543,1.412028774,0.25,0.8056055224,0.9151948183,0
0.7189325385,0.8093575222,0.9335669325,0.1894585259,0.8093575222,0.9335669325,0.7555894193,0.7555894193,0.3,0.7599691119,0.9180329873,0
0.2552326007,0.5286673966,1.027515557,0,0.6710469031,1.359482659,1.178052269,0.5432139747,1,0.3815000009,0.495212865,0
0.3309157746,0.8193395913,1.359482659,0.1001668121,0.9497942298,1.370466395,1.301661074,1.113877966,1,0.3886075908,0.4351581249,0
0.3318263096,0.997269804,1.370466395,0.1000982367,0.9260052615,1.045446641,0.9680890905,1.366724753,1,0.4289648671,0.4197733053,0
0.3248771056,0.8098201799,1.045446641,0.1380260849,0.1651157617,0.8564066712,1.260838341,0.8466237873,1,0.4530331772,0.4437284588,1
0.2151616883,0.731529068,0.8564066712,0.2213104413,0.9885553766,1.179426492,1.429680736,0.626486374,0,0.2744932516,0.5282136851,0
0.2492443161,0.9750252746,1.179426492,0.09317331904,0.9937844644,1.434364004,1.425448663,1.149970639,0.05,0.395385557,0.5156512622,0
0.2620350417,0.9540841676,1.434364004,0.06779256545,0.9608878756,1.299892141,1.249050598,1.368503987,0.1,0.4680737436,0.5231021733,0
0.2948392352,0.9879198912,1.299892141,0.1242195052,0.9989896164,0.9271073672,1.305228378,1.284189303,0.15,0.4327214725,0.6242708846,0
0.3608160909,0.9650570696,0.9271073672,0.1227986472,0.9840034855,0.938075832,1.374423777,0.894711519,0.2,0.3830661888,0.7581497151,0
0.3922648062,0.9871093711,0.938075832,0.06057877206,0.9852920535,1.321739143,1.315721847,0.9259834446,0.25,0.4683037038,0.8813481991,0
0.3626158815,0.9390406061,1.321739143,0.0914918302,0.8349696556,1.456682038,1.216285299,1.241166726,0.3,0.6054235292,1.019946395,0
0.3462614248,0.854822092,1.456682038,0.177517292,0.7611934748,1.190109443,0.9765790686,1.245203987,0.35,0.6908279987,1.173515721,0
0.4362186252,0.960865534,1.190109443,0.203608597,0.8992860252,0.8547721717,1.318905584,1.143535146,0.4,0.7632325703,1.287419156,1
0.2125224415,0.9323589004,0.8547721717,0.225541845,0.9026133887,1.07360427,1.292059828,0.7969544422,0,0.4990622076,0.9200381425,0
0.2987127027,0.7808552052,1.07360427,0.1066942365,0.7695571327,1.431654395,1.101739851,0.838329483,0.05,0.6656907768,0.8987872316,0
0.3522223649,0.713722824,1.431654395,0.1461810384,0.8047148494,1.426099196,1.147603199,1.021804417,0.1,0.7344890475,0.9116923181,0
0.4327993057,0.9658849143,1.426099196,0.2061979564,0.9999620233,1.060644253,1.20443315,1.377447699,0.15,0.6678326416,1.031358586,1
0.1825926305,0.9917519812,1.060644253,0.2651836128,0.843405543,0.8604421016,1.477139094,1.051896039,0,0.3627461047,0.4814557408,0
0.2954468587,0.7116068423,0.8604421016,0.1265027078,0.8975639319,1.223894324,1.484043064,0.6122964869,0.05,0.3019016837,0.5420658627,1
0.2394103135,0.7657526621,1.223894324,0.13811868,0.9512071811,1.496759606,1.423728486,0.9372003371,0,0.2156916206,0.4767173102,0
0.2007564578,0.9474108559,1.496759606,0.07710371252,0.9998443001,1.348360111,1.348150171,1.4180463,0.05,0.3033004551,0.6062451274,0
0.1748134577,0.9997987867,1.348360111,0.1251589334,0.8448477289,0.9392306062,0.8344379482,1.348088803,0.1,0.3805560505,0.7168906692,0
0.2401020707,0.9289974584,0.9392306062,0.1192214147,0.5895891294,0.9439365982,1.143579918,0.8725428461,0.15,0.4963478568,0.7573439447,0
0.3192780599,0.6250486917,0.9439365982,0.08261816798,0.7278427994,1.360027169,1.218633777,0.5900063358,0.2,0.6193252272,0.7466664624,0
0.3795257145,0.8012733028,1.360027169,0.110753247,0.9052369232,1.512034371,1.368749342,1.089753461,0.25,0.660953726,0.7904491354,0
0.4465280037,0.9898187408,1.512034371,0.1599497043,0.9984850682,1.234567036,1.232696751,1.496639957,0.3,0.5910844751,0.9443482044,0
0.5106222264,0.9379399772,1.234567036,0.1563502037,0.9186437438,0.8604101238,1.389541628,1.157949777,0.35,0.5158454609,1.134038138,0
0.5202338685,0.9188306315,0.8604101238,0.1175371133,0.9833853429,1.075125608,1.258092982,0.7905711774,0.4,0.6061924402,1.300467574,0
0.4554616956,0.8942851155,1.075125608,0.1542759282,0.7182339162,1.464056226,1.051534836,0.9614688287,0.45,0.7828097954,1.458839415,0
0.3978428496,0.7279686945,1.464056226,0.2427639706,0.7421521762,1.477924345,1.096844769,1.065787099,0.5,0.905411504,1.623968261,1
0.2327154701,0.8968487386,1.477924345,0.2359784974,0.9763209474,1.101362384,1.173167922,1.325474584,0,0.7669882712,1.608973972,1
0.146722502,0.9088150597,1.101362384,0.1682691457,0.9900173473,0.8537203542,1.266946137,1.000934721,0,0.5484988766,1.178977346,1
0.150468302,0.9927312362,0.8537203542,0.08852768762,0.7922423312,1.219529008,0.9661625042,0.8475148626,0,0.605037556,0.9961448269,0
0.2149027352,0.2414458582,1.219529008,0.1382072738,0.2371915741,1.525869634,0.830911063,0.2944502279,0.05,0.7522066349,0.9582591226,0
0.3102563677,0.7971542597,1.525869634,0.2091926104,0.9478850818,1.399260212,1.32633788,1.216353478,0.1,0.7423304148,1.012459911,0
0.4459950313,0.9794089958,1.399260212,0.2367495533,0.7879405536,0.9720774816,1.306324926,1.370448039,0.15,0.6127023212,1.164420454,1
0.2168850069,0.3165033103,0.9720774816,0.3155143607,0.9219611984,0.9225587704,1.307229505,0.3076657408,0,0.1413092516,0.6182289774,0
0.1810130128,0.8459250658,0.9225587704,0.05062990133,0.9964690729,1.351517643,1.396763512,0.7804155885,0.05,0.3052122326,0.753659463,0
0.1073682072,0.9764775669,1.351517643,0.1043363323,0.9933988348,1.540776793,1.530605871,1.319726659,0.1,0.424353632,0.8939079909,0
0.146029772,0.9011342469,1.540776793,0.1463865695,0.9690608315,1.284956925,1.245201426,1.388446735,0.15,0.5095394812,1.016141215,0
0.2825147603,0.9373608639,1.284956925,0.1439116569,0.9884505924,0.8771675041,0.8670367391,1.204468333,0.2,0.6265534984,1.071316146,0
0.3927229095,0.9558818572,0.8771675041,0.1204944033,0.5905852274,1.042090876,0.9507845383,0.8384685029,0.25,0.7701695273,1.057438543,0
0.4639484026,0.4965587802,1.042090876,0.1529436921,0.6911146792,1.454320176,1.222964331,0.5174593743,0.3,0.8505090155,1.060460585,0
0.5327324078,0.8843804306,1.454320176,0.2125193761,0.9704960613,1.50816654,1.463669687,1.286172303,0.35,0.8057497374,1.173949539,0
0.6089502769,0.9912063034,1.50816654,0.2272930053,0.9405540363,1.148663242,1.179799547,1.494904181,0.4,0.6959443724,1.365691083,0
0.6439779599,0.8396077573,1.148663242,0.1928257222,0.9503789165,0.8472530413,1.265312737,0.9644265684,0.45,0.7070175467,1.552281726,0
0.5928868739,0.996626351,0.8472530413,0.1935736602,0.8445930586,1.179957699,0.9965840817,0.8443947069,0.5,0.8758012048,1.714398797,0
0.4979982616,0.6215926146,1.179957699,0.2721902134,0.5590775418,1.517368874,0.8483268602,0.7334529911,0.55,1.03722565,1.880326434,0
0.5114590987,0.893939972,1.517368874,0.3382562948,0.9506416735,1.431029486,1.360396265,1.356436689,0.6,1.130373296,2.036345457,1
0.2425256791,0.9995240459,1.431029486,0.295229688,0.9898825057,1.010536907,1.290483242,1.430348382,0,0.7140110722,1.47646881,0
0.4055203918,0.9477596348,1.010536907,0.2162468805,0.9770114571,0.8939704295,1.074454766,0.9577460898,0.05,0.8786057601,1.512503875,0
0.5051617567,0.8233367988,0.8939704295,0.2061683549,0.5740892078,1.309939986,0.8077644413,0.7360387516,0.1,1.04614403,1.467944946,0
0.5720850615,0.5099736163,1.309939986,0.2748279898,0.6991453333,1.534508785,1.101093952,0.6680348318,0.15,1.091756208,1.343231559,0
0.6675007641,0.944596464,1.534508785,0.3289080642,0.9974954867,1.316292354,1.312995682,1.449491573,0.2,0.9999082045,1.249264589,0
0.7595317633,0.9402915113,1.316292354,0.3151788019,0.8506211264,0.8991436745,0.7648306052,1.237698526,0.25,0.8741116152,1.324944402,0
0.768055831,0.8422773656,0.8991436745,0.2811452361,0.8422773656,0.8991436745,0.7573283654,0.7573283654,0.3,0.7782705009,1.521461175,0
0.2738904764,0.9996146306,1.06266529,0,0.9873303695,1.524669707,1.505352705,1.062255771,1,0.2931371502,0.7751357116,0
0.1984241518,0.9930915242,1.524669707,0.09619209489,0.9789094753,1.586950786,1.553481161,1.514136563,1,0.3887925654,1.021267969,0
0.1529216352,0.9409213047,1.586950786,0.1511393214,0.919776526,1.186998512,1.165988347,1.493195804,1,0.472740017,1.238956103,1
0.1131050836,0.2604883049,1.186998512,0.147340955,0.9536282562,0.8439700774,0.9865814723,0.3091992304,0,0.477408832,1.055795233,0
0.1535966923,0.9375749355,0.8439700774,0.08627407897,0.8897751668,1.230634098,1.09498766,0.7912851909,0.05,0.7469616801,1.044170718,0
0.2580991117,0.8911218236,1.230634098,0.17761839,0.846594171,1.608586045,1.361819569,1.096644902,0.1,0.9545434995,1.003033736,0
0.4688120379,0.9553078003,1.608586045,0.2583534801,0.9690044498,1.509422975,1.462637579,1.536694796,0.15,1.022576187,1.04751084,0
0.718584754,0.9989020241,1.509422975,0.2789268721,0.9999952343,1.030501962,1.382162455,1.507765665,0.2,0.9622952054,1.19288779,1
0.09228212109,0.9981020602,1.030501962,0.6299430726,0.9834519459,0.9034412831,1.637079954,1.028546132,0,0.1383562268,0.2538649545,0
0.199432585,0.9211350126,0.9034412831,0.1111966407,0.9543287903,1.388585207,1.625681811,0.8321913977,0.05,0.1052614663,0.4810033551,0
0.1879953624,0.8931899566,1.388585207,0.03411480473,0.9616512972,1.640656828,1.577739767,1.240270361,0.1,0.1902141934,0.7342722306,0
0.12142345,0.7448527404,1.640656828,0.09598573157,0.8917797524,1.38992426,1.239506313,1.222047735,0.15,0.2750504029,0.9672966096,0
0.1266185563,0.3427142028,1.38992426,0.1006105933,0.7940747026,0.9038424965,0.9228335587,0.4763467849,0.2,0.458706326,1.111642559,0
0.180297639,0.7503105775,0.9038424965,0.06869652137,0.9622573149,1.03207656,1.071722763,0.6781625856,0.25,0.7273769196,1.127989007,0
0.2600735309,0.9164787221,1.03207656,0.1487334095,0.7990555859,1.516808189,1.212014056,0.9458762069,0.3,0.965078229,1.086165327,0
0.4459622527,0.927457618,1.516808189,0.2520660562,0.945683236,1.620919835,1.532876714,1.40677531,0.35,1.074164819,1.101778816,0
0.696148679,0.9955137669,1.620919835,0.289422466,0.9997384076,1.242084818,1.241759898,1.61364801,0.4,1.037290063,1.225397063,1
0.1063295056,0.9469676611,1.242084818,0.6034333316,0.9922227708,0.8444494322,1.491728551,1.176214155,0,0.21062057,0.3137021649,0
0.2507484367,0.9260594306,0.8444494322,0.1538417158,0.9283607982,1.189579543,1.574747561,0.7820103604,0.05,0.07871538523,0.5104520156,0
0.2608337175,0.9303757492,1.189579543,0.02628860225,0.9890457486,1.604250273,1.586676913,1.106755959,0.1,0.2144520135,0.7386787928,0
0.1658146142,0.9847713996,1.604250273,0.09678809357,0.999345142,1.552699855,1.551683057,1.579819787,0.15,0.3262860324,0.9774172245,0
0.09372060621,0.860474097,1.552699855,0.1385528374,0.8941986402,1.084612398,1.143658468,1.336058006,0.2,0.4576471735,1.159062705,0
0.1816123374,0.6389787661,1.084612398,0.1101773828,0.9405456509,0.8746764364,1.319647896,0.6930442919,0.25,0.6915232973,1.216008724,0
0.2800884298,0.9960605899,0.8746764364,0.123398054,0.9152629609,1.344871453,1.312477128,0.8712307272,0.3,0.9549004757,1.179223641,0
0.4314135166,0.8993216015,1.344871453,0.2280748388,0.8851990853,1.644930786,1.456091227,1.209471949,0.35,1.119726635,1.155871062,0
0.6620490835,0.9651449817,1.644930786,0.2970341009,0.9805690661,1.442123226,1.414101425,1.587596693,0.4,1.120606293,1.241964997,1
0.1948882707,0.7092318235,1.442123226,0.54770684,0.968167456,0.9441012701,0.9543980361,1.022799685,0,0.4444356825,0.6609644343,1
0.1556151588,0.8438645453,0.9441012701,0.07564112751,0.8656869334,0.9816096128,0.8497666155,0.796693589,0,0.2915185789,0.3388989365,0
0.2519436892,0.5732310768,0.9816096128,0.1464283755,0.5475752636,1.477630938,1.209327592,0.5626891353,0.05,0.1216336779,0.487421019,0
0.2600224622,0.5802342468,1.477630938,0.07629555936,0.8127426247,1.636103686,1.329731204,0.8573720744,0.1,0.105149084,0.6818457862,0
0.1890877604,0.8337780777,1.636103686,0.09877443983,0.9820216081,1.298705013,1.275356385,1.364147387,0.15,0.2517854344,0.8484347009,0
0.08558191981,0.9190462351,1.298705013,0.1181790288,0.9673037367,0.8562358068,1.226781699,1.193569952,0.2,0.4485020975,0.9309155664,0
0.05946865783,0.7853765562,0.8562358068,0.1271054134,0.9968280881,1.130243366,1.510727275,0.6724675292,0.25,0.6846744607,0.9043306912,0
0.2251025967,0.9996221036,1.130243366,0.1820318739,0.993681996,1.574354083,1.564407308,1.129816251,0.3,0.8742486996,0.8408231168,0
0.446326997,0.9905242173,1.574354083,0.2392950765,0.9897827312,1.577649995,1.561530721,1.559435846,0.35,0.9424368708,0.8522935493,0
0.6830518285,0.9972086604,1.577649995,0.2534972003,0.9971663975,1.137388007,1.273384326,1.573246238,0.4,0.8867886481,0.9788367915,1
0.1072595014,0.8999293007,1.137388007,0.6038839881,0.9867588694,0.8537886455,1.424391027,1.023568794,0,0.1753662882,0.2418133267,0
0.2166093033,0.8874395788,0.8537886455,0.1229913621,0.8556538417,1.287135458,1.517395609,0.757685836,0.05,0.04217653761,0.4665561399,0
0.2097740692,0.7898384732,1.287135458,0.03738614683,0.9114069217,1.625641674,1.481621074,1.016629105,0.1,0.1462693376,0.7123849134,0
0.1303923456,0.7576134199,1.625641674,0.09314368988,0.9189325005,1.472477015,1.353106985,1.231607948,0.15,0.2611588373,0.9334824635,0
0.09247190553,0.3116647303,1.472477015,0.1055111112,0.7411064095,0.982451938,0.8608878017,0.4589191519,0.2,0.454148715,1.066349567,0
0.1465056149,0.6676229435,0.982451938,0.08537525609,0.9999157415,0.9394707295,1.186071268,0.6559074546,0.25,0.716435383,1.073624826,0
0.2503242063,0.975274742,0.9394707295,0.1536585857,0.8861824003,1.427305108,1.339027679,0.9162420734,0.3,0.9458975463,1.023797095,0
0.449161377,0.9371048987,1.427305108,0.247706591,0.9482296355,1.625198555,1.541061434,1.337534608,0.35,1.048805519,1.033055372,0
0.6971415666,0.9892294305,1.625198555,0.2806284714,0.9952104482,1.32796736,1.321606992,1.607694241,0.4,1.007822645,1.154749711,1
0.1429731598,0.8020518551,1.32796736,0.6018256269,0.9947087913,0.8714066862,1.232399527,1.065098685,0,0.2607032783,0.387579357,0
0.280924926,0.9567878359,0.8714066862,0.167698899,0.8715702298,1.0820564,1.560925187,0.8337513174,0.05,0.1041959268,0.5599157557,0
0.2876775494,0.8864442917,1.0820564,0.05205730874,0.9766054509,1.53245165,1.5689962,0.9591827194,0.1,0.2284918441,0.7689768416,0
0.1794633261,0.9932360157,1.53245165,0.1105993001,0.9906991983,1.570083277,1.555480243,1.522086171,0.15,0.3516065954,0.9916605633,0
0.06866864121,0.9964637748,1.570083277,0.1554663796,0.9987054328,1.158842878,1.168212338,1.564531109,0.2,0.4805549532,1.162066084,0
0.1714356657,0.8014228992,1.158842878,0.132462421,0.8489416576,0.8466708253,1.473816702,0.9287232191,0.25,0.70409555,1.210973072,0
0.2885416487,0.9748986054,0.8466708253,0.1384778351,0.964834384,1.242055634,1.379101155,0.8254182068,0.3,0.9607921325,1.242094199,0
0.4474972499,0.9008410594,1.242055634,0.2327229454,0.8749723662,1.589083389,1.390404053,1.118894713,0.35,1.120628117,1.224662107,0
0.6758610083,0.936317374,1.589083389,0.2991836874,0.9521600821,1.461911686,1.391973951,1.487886385,0.4,1.115199284,1.180755778,1
0.2757657582,0.6120583729,1.461911686,0.5443668943,0.9124317397,0.9920452452,0.905173569,0.8947752878,0,0.6585902766,0.8246108211,0
0.4324093369,0.9909853617,0.9920452452,0.2694934242,0.9909853617,0.9920452452,0.9831023161,0.9831023161,0.05,0.6039447619,0.7118762394,0
0.1550497505,0.9977741009,0.944645106,0,0.9999023795,1.353800213,1.457470285,0.9425424213,1,0.3341799171,0.5485143454,0
0.1348723591,0.6956091914,1.353800213,0.156124831,0.4293347122,1.46981699,0.6310434544,0.9417158713,1,0.2597943731,0.7056394204,1
0.1475288274,0.266797336,1.46981699,0.08673296753,0.5531920483,1.166611001,0.8222142808,0.3921432574,0,0.09626091004,0.6286765287,1
0.1435640929,0.4380052238,1.166611001,0.02264324499,0.9640367573,0.8286143646,0.8447579212,0.5109817127,0,0.2454696644,0.7035157552,1
0.10306335,0.8103294876,0.8286143646,0.05928593968,0.9451195531,1.095844142,1.050994533,0.6714506535,0,0.4007292244,0.7444974146,0
0.03979047915,0.9790767391,1.095844142,0.09142939608,0.9687012438,1.452568978,1.407105376,1.072915509,0.05,0.5266539484,0.8271024237,0
0.1547809882,0.8278061748,1.452568978,0.1545425896,0.5983025628,1.412639285,0.8451857042,1.202445569,0.1,0.5338534406,0.9643354634,0
0.3106525406,0.5167600479,1.412639285,0.1645219065,0.3435694418,1.016865969,1.15337185,0.7299955443,0.15,0.5053179164,1.103990795,1
0.3315211877,0.4730455924,1.016865969,0.1226650692,0.9991125299,0.8552755436,0.947048598,0.4810239645,0,0.4436691219,0.8907573951,0
0.2951456096,0.9686185764,0.8552755436,0.1042001906,0.5315571834,1.254758193,0.6669757307,0.8284357795,0.05,0.6069308915,0.9455659542,0
0.2391932394,0.206600652,1.254758193,0.191876735,0.4810199015,1.503156419,0.9380891777,0.2592338606,0.1,0.6640696325,1.085362059,0
0.3038884292,0.9826119063,1.503156419,0.2393584465,0.9980483515,1.311040055,1.308481366,1.477019394,0.15,0.6010962653,1.307951494,1
0.170698498,0.8485848787,1.311040055,0.1779613928,0.8247058095,0.8904866308,1.268437247,1.112528766,0,0.20801246,0.8779957534,1
0.1400436872,0.6337022565,0.8904866308,0.08606836427,0.9945469434,0.9661617563,1.090482272,0.5643033873,0,0.3273832774,0.795622681,0
0.08902617836,0.9656319536,0.9661617563,0.05431946889,0.6713304909,1.392742966,0.9349908192,0.9329566642,0.05,0.5198778335,0.8700292317,0
0.0723872434,0.9948539368,1.392742966,0.1439021637,0.9713884091,1.502221255,1.459240315,1.385575823,0.1,0.5931786129,0.9854441807,0
0.2474706796,0.7556060705,1.502221255,0.187295682,0.4971452548,1.178680676,1.116307804,1.135087499,0.15,0.5675553952,1.135654265,0
0.3961250806,0.4450282414,1.178680676,0.165189331,0.8176483775,0.827828494,1.092986956,0.5245461882,0.2,0.6015052187,1.24388504,0
0.449558296,0.9480126519,0.827828494,0.1345881034,0.8314701659,1.119052692,0.9304589278,0.784791886,0.25,0.7644335655,1.295752229,0
0.4175940946,0.5138803939,1.119052692,0.2105728168,0.2506278114,1.493253221,0.6856246538,0.5750592383,0.3,0.8941982119,1.381392965,0
0.4196459162,0.7188466845,1.493253221,0.3004238768,0.8701018461,1.452270474,1.26362322,1.073420127,0.35,0.8819861505,1.573530834,0
0.5299922873,0.9923754157,1.452270474,0.3176461455,0.9288574912,1.035986969,1.27533116,1.441197515,0.4,0.812886864,1.803763612,1
0.3213243458,0.6630726807,1.035986969,0.3550456237,0.9925328906,0.8542305036,1.085379689,0.6869346569,0,0.5054458489,1.260096561,0
0.2962083105,0.975757704,0.8542305036,0.1128901552,0.6146438423,1.275988116,0.7842782383,0.8335219948,0.05,0.7405723035,1.334026432,0
0.2303168909,0.3174880068,1.275988116,0.2143095605,0.5978518202,1.548308035,1.096684531,0.4051109236,0.1,0.875272399,1.425839269,0
0.3303587178,0.998595064,1.548308035,0.2827553722,0.9337140386,1.360757489,1.270558371,1.546132761,0.15,0.8731361623,1.570069627,0
0.5162487712,0.6832987195,1.360757489,0.2731369177,0.5957219538,0.9108371007,1.283921079,0.9298038498,0.2,0.8650854279,1.701657974,0
0.6248307963,0.7359128117,0.9108371007,0.2287109761,0.9743698497,0.9566247381,0.9981325584,0.6702966917,0.25,0.9920158021,1.76869645,1
0.4536722931,0.911330709,0.9566247381,0.2057781819,0.5408115946,1.412784323,0.7640501427,0.8718015008,0,0.8758767508,1.390240682,0
0.4123053392,0.3113951378,1.412784323,0.2791753969,0.4935305444,1.556118085,0.9050585728,0.439934169,0.05,0.9353992628,1.530727182,0
0.4707895051,0.9594530979,1.556118085,0.3392281767,0.9999109708,1.239427522,1.239317177,1.493022318,0.1,0.8656988005,1.760222776,1
0.2431697939,0.8666046535,1.239427522,0.2897266044,0.7806569936,0.8359460605,1.470591483,1.074093658,0,0.3158962226,1.06514856,1
0.1853801329,0.7396102735,0.8359460605,0.1508709716,0.9675965604,1.098467693,1.126301618,0.6182742944,0,0.4290771822,0.9482209135,1
0.07812770325,0.9900066014,1.098467693,0.1209915223,0.9428759964,1.516090008,1.429484877,1.087490268,0,0.47737198,0.7952706306,0
0.06298076262,0.9171009581,1.516090008,0.1339562878,0.7494507505,1.519484196,1.138778572,1.390407599,0.05,0.5416486834,0.9179158979,0
0.2337691665,0.6559147488,1.519484196,0.1767844982,0.2873013196,1.104037606,1.224783318,0.9966520951,0.1,0.5150049926,1.067280935,1
0.2751966367,0.2992291039,1.104037606,0.1177350379,0.967940304,0.8353828588,1.015852252,0.3303601834,0,0.3701713453,0.8012527574,0
0.2846922884,0.9956607835,0.8353828588,0.07298267268,0.7337217788,1.24717257,0.9150776765,0.8317579517,0.05,0.5373970536,0.8484383652,0
0.2504665703,0.5323125164,1.24717257,0.1475587116,0.435148168,1.579779676,0.7706809674,0.6638855691,0.1,0.6371996497,0.953764461,0
0.2832937732,0.9084948069,1.579779676,0.2153341485,0.9751833795,1.444579043,1.408729473,1.435221632,0.15,0.6035833883,1.1626723,0
0.400258635,0.9482111936,1.444579043,0.216412793,0.8664272146,0.9745031011,1.369305103,1.369766019,0.2,0.5501831798,1.38334394,1
0.2527386688,0.6299793573,0.9745031011,0.267308541,0.9964506078,0.9062971832,1.038282334,0.6139168373,0,0.456790304,1.083247461,1
0.1545952084,0.9982743153,0.9062971832,0.1196828219,0.8053627809,1.381927887,1.112953286,0.9047331999,0,0.5425017409,0.9737549674,0
0.07795103638,0.4359729559,1.381927887,0.1489556857,0.6774606956,1.6025189,1.199319291,0.6024831856,0.05,0.6587216645,1.073221708,0
0.2216263152,0.9170082183,1.6025189,0.2136391264,0.7088580199,1.3400313,0.9498919341,1.469523001,0.1,0.6461380539,1.221614706,0
0.3978067016,0.473104293,1.3400313,0.2045110571,0.4330934624,0.8745531204,1.312320323,0.6339745609,0.15,0.6442945725,1.347906934,0
0.4848252556,0.6798411658,0.8745531204,0.1625063589,0.9675513113,1.023017522,1.042521224,0.5945572129,0.2,0.7849424422,1.408955533,0
0.4644801297,0.7777451594,1.023017522,0.2117447686,0.395384953,1.49108182,0.5895513152,0.7956469256,0.25,0.9408631512,1.475754236,0
0.4372546732,0.5396657915,1.49108182,0.3118162258,0.72760929,1.586110623,1.154068824,0.8046858503,0.3,0.9627115767,1.643883641,1
0.3298186465,0.8952882353,1.586110623,0.1747794633,0.9960013908,1.216423315,1.211559313,1.420026181,0,0.6876319839,1.454569243,0
0.4528816119,0.853681442,1.216423315,0.2782876113,0.6083165073,0.8274996857,1.564967785,1.03843801,0.05,0.6588793667,1.658288079,0
0.5004301114,0.7484958009,0.8274996857,0.2192469819,0.9939139122,1.157663837,1.359908382,0.61938004,0.1,0.8588803775,1.819771346,0
0.4294911634,0.7878781584,1.157663837,0.2634214161,0.5054922348,1.568748067,0.7929899661,0.9120980522,0.15,1.085549315,1.846440816,0
0.390292818,0.5982822997,1.568748067,0.3672655557,0.8021780762,1.534323805,1.230800918,0.9385542009,0.2,1.164357551,1.726843726,0
0.5501119513,0.9831900695,1.534323805,0.4056608699,0.8205234266,1.086391615,0.8914097702,1.508531928,0.25,1.167526335,1.568003033,0
0.7341346314,0.5465978845,1.086391615,0.3654105962,0.5465978845,1.086391615,0.5938193582,0.5938193582,0.3,1.123513416,1.503959815,0
0.1483404497,0.8488807935,0.9481543916,0,0.3859148726,1.431548389,0.552455814,0.8048700523,1,0.4122174318,0.7033466035,0
0.1324641048,0.5904189207,1.431548389,0.1336575865,0.8258396754,1.58935041,1.312548627,0.8452132547,1,0.4665437234,0.7126412833,0
0.2053200751,0.9776844361,1.58935041,0.1532297718,0.8700991516,1.258858947,1.095332102,1.55388316,1,0.4755817304,0.7290959782,0
0.2992209283,0.7540195846,1.258858947,0.1486173957,0.8818834132,0.8335316618,1.271697634,0.9492043007,1,0.4762904411,0.7360575524,1
0.2078696343,0.8696902546,0.8335316618,0.1982413566,0.8514701321,1.117034241,0.951121293,0.7249143632,0,0.3508859966,0.5876735736,0
0.1968047412,0.4486883239,1.117034241,0.1117457468,0.03355294234,1.544311808,0.8206566603,0.5012002215,0.05,0.3912906699,0.5891913067,0
0.1863304302,0.6765380604,1.544311808,0.1367737813,0.8849834402,1.527723052,1.352009602,1.044785716,0.1,0.3848903623,0.6323557085,0
0.2131168889,0.9708243424,1.527723052,0.1481527268,0.7314816259,1.083293808,1.179854987,1.483150727,0.15,0.3511222203,0.7043284341,0
0.2518929435,0.3427501098,1.083293808,0.137911148,0.7296845406,0.8450927514,1.459920067,0.3712990716,0.2,0.3581674146,0.7589758183,0
0.2577782974,0.958864832,0.8450927514,0.1282578933,0.9111348565,1.295213793,1.23506354,0.8103297191,0.25,0.4196631705,0.7843330638,0
0.2294501605,0.7846192291,1.295213793,0.1498130827,0.7867585463,1.602628508,1.260881675,1.016249648,0.3,0.4706746841,0.8050007759,0
0.2200356296,0.9867242584,1.602628508,0.1766442254,0.9885039516,1.414286457,1.398027752,1.581352426,0.35,0.478386411,0.8390547385,0
0.2605890818,0.6923184734,1.414286457,0.181256207,0.1066476101,0.9254625721,1.431062371,0.9791366409,0.4,0.4742536913,0.868311292,0
0.303696338,0.5042726753,0.9254625721,0.1668546478,0.9959416044,0.9594569114,1.099324019,0.4666854871,0.45,0.5027226179,0.8727895772,0
0.3106929082,0.8067038358,0.9594569114,0.1662144463,0.3407341861,1.449467299,0.5414443674,0.7739975707,0.5,0.5432030387,0.8708690822,0
0.2952712274,0.3492360919,1.449467299,0.1909831044,0.6387983757,1.602579105,1.115257454,0.506206295,0.55,0.5457538207,0.9034265579,0
0.2995380626,0.9854014691,1.602579105,0.2098496323,0.973660263,1.26334393,1.230067783,1.579183805,0.6,0.5084457024,0.9736511529,0
0.3246497467,0.6369773458,1.26334393,0.2027728823,0.2651056676,0.8329048043,1.521504239,0.8047214635,0.65,0.4971684922,1.041731468,0
0.3299026736,0.692964588,0.8329048043,0.1891819462,0.9660732044,1.125941851,1.165194749,0.5771735346,0.7,0.5550929577,1.077683816,0
0.2997285372,0.69698025,1.125941851,0.2018115446,0.4554850089,1.561034124,0.8537391332,0.7847592329,0.75,0.6277366501,1.095582755,0
0.2810561183,0.7544794252,1.561034124,0.2312376524,0.9189331937,1.546897422,1.421495388,1.177768128,0.8,0.6568161753,1.122372135,0
0.3251274346,0.9428641035,1.546897422,0.2440834002,0.6661462818,1.096683176,1.236650612,1.458514051,0.85,0.6517296924,1.153412658,0
0.3908939283,0.3109694096,1.096683176,0.2322258551,0.8678668102,0.8425802507,1.235514736,0.3410349196,0.9,0.6639011233,1.165370384,0
0.420924064,0.9994229995,0.8425802507,0.2238343431,0.6635565186,1.2979039,0.8612325937,0.8420940815,0.95,0.701747597,1.161378265,0
0.4116244975,0.2479580768,1.2979039,0.2435957371,0.3797661606,1.621148556,0.9173579608,0.321825755,1,0.7179182105,1.179057713,0
0.4026139077,0.8465067483,1.621148556,0.2691416111,0.9758965078,1.44400464,1.409199085,1.372313193,1,0.686745958,1.240168691,0
0.4165027807,0.9024046622,1.44400464,0.2696405017,0.5052766632,0.9446861452,1.433804455,1.303076519,1,0.6562520205,1.317088681,0
0.4250716972,0.1940785776,0.9446861452,0.2545952767,0.9784826695,0.9447071134,1.306472811,0.1833433433,1,0.6926863453,1.367177404,0
0.398828748,0.9250828512,0.9447071134,0.2560577262,0.5149165945,1.446731416,0.7449460137,0.87393235,1,0.7743747498,1.388513698,0
0.3665987396,0.3285418442,1.446731416,0.2836775241,0.6043359308,1.628280601,1.126766501,0.4753118074,1,0.8277246285,1.409547418,0
0.3934041038,0.9910517676,1.628280601,0.3056919655,0.9650727382,1.307173071,1.261517095,1.613710368,1,0.8321446741,1.439760081,0
0.4684033631,0.6229636855,1.307173071,0.30043212,0.3582454389,0.844935908,1.485017615,0.8143213538,1,0.8318426811,1.459437271,0
0.5222931986,0.7818339956,0.844935908,0.2861086457,0.9292482401,1.094974625,1.021658622,0.660599617,1,0.8613444227,1.458263825,0
0.527644214,0.6016219372,1.094974625,0.2962804468,0.3087697205,1.557484548,0.7931460293,0.6587607551,1,0.8896346234,1.463317995,0
0.5130918263,0.601487467,1.557484548,0.3249291877,0.8157140136,1.586290358,1.293959274,0.9368074355,1,0.872703391,1.509433659,0
0.5159266846,0.9994518104,1.586290358,0.3352653559,0.8871609105,1.153980896,1.0542081,1.58542077,1,0.8324285483,1.588360991,0
0.5271567442,0.4480809648,1.153980896,0.3235428346,0.6309563308,0.8283044222,1.470976917,0.517076873,1,0.8399967152,1.653271071,0
0.5099818143,0.9522376549,0.8283044222,0.3148128479,0.8118289778,1.253310288,1.01747361,0.7887426606,1,0.915522341,1.684266628,0
0.4708645247,0.2576500139,1.253310288,0.3361112391,0.1745045133,1.624064115,0.8988689481,0.3229154132,1,0.9898981227,1.701765058,0
0.4720380574,0.8188596309,1.624064115,0.3642166282,0.9655883269,1.502928586,1.451210299,1.329880542,1,1.012806584,1.728396048,0
0.5405660714,0.8988440802,1.502928586,0.3689892149,0.5328592455,1.006207115,1.379528918,1.350898462,1,1.007609618,1.753940024,0
0.6141573499,0.3403153873,1.006207115,0.353433277,0.9689247571,0.8944124304,1.257905058,0.3424277641,1,1.025204797,1.759254656,0
0.6405000022,0.9508795962,0.8944124304,0.3521485629,0.5683115221,1.395488122,0.7930719786,0.8504785306,1,1.059103101,1.757211919,0
0.6287756999,0.3723290412,1.395488122,0.378144821,0.5734291607,1.646136797,1.109503499,0.5195807544,1,1.060302854,1.786473276,0
0.6225348931,0.9371697062,1.646136797,0.4004397705,0.9999862908,1.388563439,1.388544403,1.542709539,1,1.019645328,1.856780724,0
0.6318517337,0.8065168683,1.388563439,0.3938014831,0.3106829051,0.8894079265,1.508430403,1.119899836,1,1.000240483,1.932754483,0
0.6248037103,0.4613392076,0.8894079265,0.3790624079,0.9975772719,1.013137565,1.210255244,0.410318748,1,1.055089943,1.976928377,0
0.5866290189,0.7524379238,1.013137565,0.3887301933,0.2786954232,1.509184103,0.6029279373,0.7623231257,1,1.141514926,1.995758465,0
0.5642870568,0.4642756529,1.509184103,0.4187039051,0.7349303074,1.62703606,1.195758112,0.700677435,1,1.188015842,2.017611143,0
0.6125372396,0.9999818535,1.62703606,0.4347086346,0.9133118372,1.255260007,1.146443823,1.627006535,1,1.187987899,2.045483769,0
0.6963743724,0.52631562,1.255260007,0.4234935534,0.5019509364,0.8287282622,1.463875576,0.6606629489,1,1.192347319,2.058799991,0
0.746411319,0.8856827446,0.8287282622,0.4125264406,0.8735120358,1.151585352,1.005923665,0.7339903218,1,1.223541483,2.061287027,0
0.7462510632,0.5281370241,1.151585352,0.4301890688,0.3976645777,1.589278468,0.9239813898,0.6081948608,1,1.241493869,2.034633273,0
0.7330613147,0.7431916774,1.589278468,0.4588037009,0.9088969864,1.572174459,1.428944628,1.181138531,1,1.212023672,1.991779488,0
0.7365647067,0.9801121749,1.572174459,0.4626077049,0.7856699016,1.116441834,0.877154746,1.540907328,1,1.172463867,1.976007624,0
0.7381690791,0.3070539593,1.116441834,0.447623706,0.3070539593,1.116441834,0.3428078855,0.3428078855,1,1.141724755,2.00153714,0
0.01369098824,0.6345486176,0.8053444505,0,0.6084737645,1.050221779,0.7882610393,0.5110302078,1,0.1126198231,0.1991837676,0
0.03406110225,0.5159806346,1.050221779,0.02867440945,0.2702216821,1.212690317,0.6688142311,0.5418941002,1,0.1387677202,0.1937943001,0
0.06363609098,0.7206656178,1.212690317,0.039314589,0.8119766212,1.107238967,0.8990521551,0.8739442164,1,0.1529217893,0.1826098383,0
0.09579566208,0.9669112266,1.107238967,0.04298209193,0.9774053318,0.8490095047,0.8298264166,1.070601787,1,0.1542073021,0.1683055348,0
0.1202977288,0.8776988868,0.8490095047,0.03931820648,0.2731319184,0.8197611091,0.669712391,0.7451746971,1,0.145252351,0.1527340256,0
0.1312505754,0.0557775887,0.8197611091,0.03520731099,0.5435845303,1.066013921,0.9298594776,0.04572429798,1,0.1289464114,0.1494560087,0
0.1259705981,0.7621482594,1.066013921,0.038808115,0.9160794132,1.199993293,1.099289151,0.8124606544,1,0.1058774083,0.1743765985,0
0.1089144588,0.9990187401,1.199993293,0.0462988349,0.9907679555,1.071807201,1.061912229,1.198815787,1,0.08241050231,0.2183505208,0
0.08717292598,0.8376336604,1.071807201,0.04899108987,0.8776367644,0.8258598976,0.9665363938,0.8977817887,1,0.08224898104,0.2584408317,0
0.06362981836,0.7667778825,0.8258598976,0.04644128508,0.997265518,0.8368630816,0.8892452897,0.6332511035,1,0.1162151822,0.2860449608,0
0.03884091014,0.9561501109,0.8368630816,0.04629671083,0.8058736615,1.077446663,0.9569179242,0.8001667283,1,0.157408347,0.3012245724,0
0.03897226896,0.9989886539,1.077446663,0.05273858789,0.9681271994,1.180101372,1.142488237,1.076356991,1,0.1874270649,0.3089192066,0
0.07888619059,0.862729341,1.180101372,0.06175274006,0.8496350963,1.031820018,0.8766705,1.018108079,1,0.2049463732,0.3073577599,0
0.1204604948,0.9412771155,1.031820018,0.06053858956,0.9914652852,0.806096834,0.7992170274,0.9712285699,1,0.213382934,0.2965919976,0
0.1474558808,0.905779981,0.806096834,0.05688729914,0.3584295719,0.8560999623,0.435877277,0.730146375,1,0.2141449458,0.2819895389,0
0.1585667547,0.1376363858,0.8560999623,0.06007445926,0.4737541147,1.08402802,0.8472060061,0.1178305047,1,0.2037642034,0.2794709007,0
0.1558367807,0.8002834063,1.08402802,0.06780973875,0.9356480222,1.153120784,1.078915181,0.8675296366,1,0.1811266217,0.3053545144,0
0.1453137208,0.9929866363,1.153120784,0.07269549066,0.9492050675,0.9884009677,0.9381952073,1.145033528,1,0.1592350036,0.3481392264,0
0.129000805,0.7309502821,0.9884009677,0.07207909558,0.8716651058,0.7912497868,0.9540071494,0.7224719662,1,0.1624231285,0.3869750638,0
0.1052276376,0.9140697903,0.7912497868,0.07140478262,0.9497028002,0.8767714184,0.8326722712,0.7232575267,1,0.1960280019,0.415441523,0
0.08120989658,0.8173753255,0.8767714184,0.07662074537,0.7427279009,1.085279847,0.9364832806,0.7166513235,1,0.2342977625,0.4340183669,0
0.0854049664,0.9827787314,1.085279847,0.08697630259,0.9958619306,1.119372568,1.114740527,1.066589951,1,0.2598502021,0.4423758483,0
0.12450819,0.895323059,1.119372568,0.08867340376,0.8862049905,0.9431595211,0.8358326744,1.002200072,1,0.277477706,0.4408393284,0
0.1641220872,0.9485645612,0.9431595211,0.08542432886,0.9751471448,0.7828036897,0.763348783,0.8946476972,1,0.2890015047,0.4283218588,0
0.1874511408,0.8492821525,0.7828036897,0.08463344649,0.3300114274,0.8980251903,0.4762976247,0.6648212025,1,0.2915900977,0.4152279017,0
0.196694006,0.3610144391,0.8980251903,0.09167738882,0.6009184591,1.08078553,0.8538509131,0.3242000604,1,0.2790305145,0.4188477938,0
0.1955447519,0.9090793572,1.08078553,0.09893952764,0.9857565571,1.079493917,1.064118207,0.9825198151,1,0.2543379806,0.4489631239,0
0.1874904253,0.9465464647,1.079493917,0.1008128943,0.8861473283,0.8982770926,0.9183369587,1.021791151,1,0.2373711296,0.4909106375,0
0.1703586771,0.7211212866,0.8982770926,0.09932090336,0.9581831331,0.7819454938,0.881259363,0.6477667327,1,0.2487565028,0.5287177726,0
0.1443579289,0.9992599758,0.7819454938,0.1016631137,0.8463913865,0.9188804825,0.7777325256,0.7813668352,1,0.2834221262,0.5561991201,0
0.1254532872,0.779046851,0.9188804825,0.1093369054,0.8317675223,1.070256152,0.97307337,0.7158509463,1,0.3177194841,0.575470547,0
0.1388759251,0.9988434663,1.070256152,0.1179863018,0.9796715982,1.03454739,1.013516695,1.069018365,1,0.3420362181,0.5837689563,0
0.1779979113,0.8848382977,1.03454739,0.1168544208,0.9234650225,0.8565245828,0.8196612086,0.9154071511,1,0.3600789816,0.5799377002,0
0.2131717161,0.9831838663,0.8565245828,0.1137445499,0.9083117583,0.7892946234,0.7169255872,0.8421211509,1,0.3729123343,0.5661222332,0
0.2339693121,0.7282939243,0.7892946234,0.1174400211,0.3575303849,0.9382768523,0.6341207144,0.5748384787,1,0.3735281793,0.5566354872,0
0.2415834587,0.5987538715,0.9382768523,0.1257204642,0.7783059923,1.053608184,0.9017353996,0.5617968979,1,0.3564638749,0.5677112008,0
0.2412806141,0.9850525876,1.053608184,0.1310342054,0.9979690403,0.9861272873,0.9841245025,1.037859467,1,0.331310763,0.6021027132,0
0.2327500012,0.8696542259,0.9861272873,0.1306433784,0.8687280315,0.8211425292,0.9313655565,0.8575897627,1,0.321863121,0.6429359744,0
0.2124350867,0.845308467,0.8211425292,0.1300374478,0.9994653763,0.8047103262,0.8353876809,0.6941187326,1,0.3412087226,0.6780164033,0
0.1858132622,0.9491649043,0.8047103262,0.135292398,0.7668849266,0.9551437607,0.8174618858,0.7638027997,1,0.37620618,0.7040174874,0
0.1751479406,0.8546277301,0.9551437607,0.1435556407,0.9397246513,1.031044501,0.9688979346,0.8162923442,1,0.4065788075,0.7223788104,0
0.1971845011,0.9905552517,1.031044501,0.1495891773,0.9445787947,0.9364450311,0.8845461188,1.021306546,1,0.4288122411,0.7281998243,0
0.2357337979,0.8918900491,0.9364450311,0.1466701878,0.9809895142,0.7955031169,0.7887848248,0.8352060048,1,0.4471389887,0.720594689,0
0.2657979343,0.9968695671,0.7955031169,0.1451950569,0.7748300166,0.8272541406,0.6409813395,0.7930128477,1,0.4590141696,0.7060621084,0
0.282593652,0.6166688818,0.8272541406,0.1517977688,0.5097247271,0.9684824568,0.7578144286,0.5101418859,1,0.4550816066,0.6998504817,0
0.2892101639,0.8051761581,0.9684824568,0.1598953576,0.9231508934,1.003129519,0.9260399112,0.7797989838,1,0.433584212,0.7185992984,0
0.2887848493,0.9957299255,1.003129519,0.1627822126,0.9599058136,0.8883599495,0.8527418801,0.9988460807,1,0.4106982533,0.7562368034,0
0.2777316042,0.8202481262,0.8883599495,0.1612752519,0.9370199983,0.7825236542,0.8881940219,0.7286755839,1,0.4088918297,0.7952693592,0
0.2539762403,0.9791851189,0.7825236542,0.1626719133,0.9382984626,0.8553216391,0.802546979,0.7662355174,1,0.4349304928,0.8276673199,0
0.2295599585,0.8515912801,0.8553216391,0.1700938539,0.7905432467,0.9774501764,0.846472064,0.7283844495,1,0.4691691371,0.8520220807,0
0.2273019684,0.9513587668,0.9774501764,0.1796769362,0.9970535838,0.9708481929,0.9679876701,0.9299057944,1,0.4945790371,0.8657616072,0
0.2564953512,0.9509256577,0.9708481929,0.1797333622,0.9251564258,0.8452966427,0.8793445968,0.9232044564,1,0.515612055,0.8674827948,0
0.2932769224,0.9458967118,0.8452966427,0.1763343088,0.9923554903,0.783955748,0.7779627907,0.7995633148,1,0.533612818,0.8560336625,0
0.3180702388,0.9099345793,0.783955748,0.1773384374,0.6171263188,0.8868880085,0.5782941957,0.7133484437,1,0.5422016519,0.8399235652,0
0.3315970708,0.627541905,0.8868880085,0.185776208,0.7064827613,0.9814365747,0.8009664901,0.5565593903,1,0.5321272343,0.826323643,0
0.3372491325,0.9451382032,0.9814365747,0.1924740261,0.9953417321,0.9356368872,0.9312784399,0.9275932008,1,0.5074963752,0.8275988211,0
0.3349948763,0.9433176454,0.9356368872,0.1930564995,0.9184092912,0.810965817,0.7447985412,0.8826027854,1,0.4858038161,0.8497392988,0
0.3196986233,0.87718917,0.810965817,0.191708257,0.87718917,0.810965817,0.7113704319,0.7113704319,1,0.477293547,0.8831100254,0
0.1549387389,0.892430508,1.016422883,0,0.9865896307,1.474502546,1.559224033,0.9070867898,1,0.3335038541,0.5444933783,0
0.1684231909,0.842153618,1.474502546,0.1207385445,0.6640696501,1.564739233,1.039095835,1.241757654,1,0.3036252581,0.6058033371,0
0.2163525354,0.352362435,1.564739233,0.09242500057,0.3547299865,1.201960349,0.9911091447,0.5513553261,1,0.3102827081,0.6552170494,0
0.2363082398,0.6065310302,1.201960349,0.0724702742,0.9882642941,0.8147761213,0.9278002738,0.7290262487,1,0.3822607917,0.6670768493,0
0.225053528,0.9893161571,0.8147761213,0.1007799877,0.7861434491,1.130542859,1.334067251,0.8060711812,1,0.4518689346,0.6633330079,0
0.2297866774,0.9473715911,1.130542859,0.1372300659,0.9938615652,1.541718736,1.532254996,1.071044187,1,0.4639389521,0.6901992318,0
0.2776789627,0.9121286499,1.541718736,0.1475002909,0.7917348478,1.523987358,1.206593899,1.40624583,1,0.4192005968,0.756685548,0
0.327249132,0.5041234393,1.523987358,0.1274209398,0.39304721,1.093269947,1.148042263,0.7682777482,1,0.3934142503,0.8219389653,0
0.3337470726,0.5148296649,1.093269947,0.1100520793,0.9977462411,0.8227923463,0.9313833481,0.5628478007,1,0.4521708638,0.8549542032,0
0.2871426335,0.9383337992,0.8227923463,0.1381660945,0.4978328159,1.242822718,0.9393227167,0.7720538683,1,0.5309784802,0.8825990024,0
0.2402476577,0.6196066775,1.242822718,0.1837945836,0.8398813149,1.58412344,1.414547584,0.7700612549,1,0.5511975348,0.9484987074,0
0.2705170687,0.9798869001,1.58412344,0.2002987822,0.8597000876,1.461286582,1.256268203,1.552261807,1,0.5218162236,1.046066405,0
0.3357073762,0.4561263394,1.461286582,0.1807071071,0.1497823292,0.9893262452,1.232618101,0.6665312995,1,0.5364568634,1.121739502,0
0.3591666214,0.5758533097,0.9893262452,0.1650793356,0.9902582972,0.8730844699,0.9213345773,0.5697067927,1,0.6316325331,1.15064376,0
0.3370574674,0.8251561186,0.8730844699,0.1967474963,0.5427971689,1.345632681,1.084123088,0.7204309924,1,0.7218668411,1.168345177,0
0.3397768492,0.8449829218,1.345632681,0.2426055544,0.9618344549,1.601960535,1.540820838,1.137036634,1,0.7347496528,1.221252942,0
0.4072833657,0.9315800714,1.601960535,0.2539796899,0.7593893184,1.380336841,1.048213053,1.492354509,1,0.6966315649,1.301911699,0
0.4753492156,0.3446200927,1.380336841,0.2334569982,0.3749995086,0.9003242575,1.225185073,0.4756918103,1,0.7043838997,1.36087631,0
0.4797976269,0.7482038389,0.9003242575,0.2251285818,0.9097193686,0.9541364957,0.8679964505,0.6736260657,1,0.7866176979,1.389238727,0
0.4313006281,0.5518286534,0.9541364957,0.266444715,0.2745748041,1.43429437,1.003831451,0.5265198576,1,0.8534254256,1.430827153,0
0.4121804877,0.7852926528,1.43429437,0.311128379,0.9466178922,1.595792104,1.510605358,1.126340831,1,0.8454676742,1.519144905,0
0.4680424046,0.9247223208,1.595792104,0.3150969194,0.7095876227,1.284920929,0.9628721951,1.475664578,1,0.817425416,1.621901404,0
0.5247419327,0.209390502,1.284920929,0.2895900549,0.5751544916,0.8377182694,1.185410292,0.2690502384,1,0.8681492748,1.684479283,0
0.5212796017,0.9172147151,0.8377182694,0.2890241404,0.7828827956,1.053278323,0.8245934781,0.7683675237,1,0.9810626024,1.707570654,0
0.4917935158,0.4416804508,1.053278323,0.3361857641,0.5254716903,1.505624389,1.146219968,0.4652124446,1,1.050970745,1.740103935,0
0.5219136356,0.9423159318,1.505624389,0.3743257844,0.9997587969,1.56613747,1.565759713,1.418773849,1,1.0370985,1.811801982,0
0.6083831294,0.8148961708,1.56613747,0.3683293929,0.4949483028,1.179351145,1.150398155,1.276239427,1,1.010508201,1.889373257,0
0.6630883606,0.03182293628,1.179351145,0.3459460795,0.8396297405,0.8124380619,1.060687925,0.03753041634,1,1.058659412,1.932400927,0
0.6427967746,0.9998472551,0.8124380619,0.3602888513,0.5704758754,1.159829176,0.6616545643,0.8123139661,1,1.147781002,1.960003548,0
0.5981615439,0.2232419828,1.159829176,0.4120675222,0.5506156911,1.556990903,1.197526962,0.2589225649,1,1.180437658,2.023646903,0
0.6165661777,0.9672752975,1.556990903,0.4423525008,0.9968677057,1.513430578,1.508690068,1.506038839,1,1.148536807,2.128780414,1
0.1998310236,0.660158537,1.513430578,0.4932462927,0.2211021813,1.069394748,1.248419539,0.9991041164,0,0.3174556994,0.7731866978,0
0.2307618792,0.1959546114,1.069394748,0.09442168118,0.9532490325,0.8306927646,1.095187781,0.2095528324,0.05,0.4072557277,0.8200510111,0
0.212155756,0.9890899158,0.8306927646,0.1174191172,0.6481241289,1.265297783,0.8200700231,0.8216298367,0.1,0.510956637,0.8443193086,0
0.2012004646,0.7134178934,1.265297783,0.166027911,0.8630392608,1.585821391,1.39601811,0.9026860786,0.15,0.5453511643,0.895870059,0
0.2640184628,0.9833200553,1.585821391,0.1880810698,0.8712155229,1.438304806,1.253073474,1.559369978,0.2,0.517560982,0.9784657856,0
0.3425867649,0.5200053515,1.438304806,0.1748183144,0.05254336316,0.9636824863,1.284642203,0.7479261964,0.25,0.5174020765,1.044140995,0
0.3654104121,0.4787006368,0.9636824863,0.15896248,0.9958784807,0.8902740187,0.9607920037,0.4613154199,0.3,0.5955785267,1.07590847,0
0.3290519132,0.7994869097,0.8902740187,0.1935011352,0.239003244,1.362555018,0.6982112281,0.711762424,0.35,0.669894841,1.114044844,0
0.3042504939,0.5450388351,1.362555018,0.2418520165,0.8061192105,1.589498946,1.295245061,0.7426453998,0.4,0.6703175756,1.200992237,0
0.3534523806,0.9896756026,1.589498946,0.2538886767,0.8733526796,1.342218038,1.17222972,1.573088327,0.45,0.6364197175,1.310536525,0
0.4126342111,0.4545304993,1.342218038,0.2307004662,0.3222404739,0.875206683,1.299554257,0.6100790348,0.5,0.6752623294,1.38502585,0
0.4138852631,0.7221403713,0.875206683,0.2228721581,0.9274315717,0.9814268749,0.9102062691,0.632022079,0.55,0.7915747138,1.416711211,0
0.3789063075,0.5780827576,0.9814268749,0.2671630092,0.3640352269,1.445105466,1.004701579,0.5673459543,0.6,0.8751127158,1.450540561,0
0.3989850079,0.8517389862,1.445105466,0.3101750319,0.9746822282,1.565596963,1.525959536,1.230852665,0.65,0.8741815783,1.522088484,0
0.4892668454,0.9011244276,1.565596963,0.313651884,0.6554437311,1.228455125,1.033520082,1.410797667,0.7,0.8471335449,1.601015163,0
0.5556415767,0.2184450807,1.228455125,0.2885647109,0.6768889554,0.8211594008,1.153114084,0.268349979,0.75,0.8894276562,1.647338534,0
0.54773008,0.9572709831,0.8211594008,0.2969315955,0.7260966553,1.090984954,0.7921605261,0.7860720668,0.8,0.9791783185,1.674245627,0
0.5057712689,0.194759562,1.090984954,0.347677582,0.3603345458,1.506776923,1.016472242,0.2124797518,0.85,1.017928864,1.734885521,0
0.5183321199,0.9004599553,1.506776923,0.3823342416,0.9933860873,1.512405639,1.50240272,1.356792281,0.9,0.9871124939,1.840859099,0
0.5841110438,0.8483127485,1.512405639,0.3716123243,0.5445860689,1.103598341,1.200283787,1.282992984,0.95,0.9777253839,1.939041355,0
0.6164976777,0.2013154213,1.103598341,0.3462826012,0.9082712427,0.8175988492,1.080703706,0.2221713649,1,1.06581113,1.990038471,0
0.588065837,0.9903045743,0.8175988492,0.3687352885,0.5286419081,1.205631889,0.637347542,0.8096718803,1,1.180896845,1.993170735,0
0.5680077317,0.4143301686,1.205631889,0.421112552,0.6797744488,1.541826768,1.260002032,0.4995296636,1,1.222422384,1.946932816,0
0.631237125,0.9946864786,1.541826768,0.4445413229,0.9718042929,1.429712598,1.389400841,1.533634238,1,1.195795859,1.909570705,0
0.7245862599,0.6652350145,1.429712598,0.427896653,0.2759685621,0.9795537107,0.270326029,0.9510948812,1,1.164507801,1.934765609,0
0.7567697392,0.487401362,0.9795537107,0.4131466341,0.487401362,0.9795537107,0.4774358127,0.4774358127,1,1.138789732,2.004476673,0
0.3463024022,0.1601880875,0.8755548612,0,0.7458153727,1.351012925,1.509723827,0.1402534587,1,0.8816592324,1.388807722,0
0.4171580661,0.9963431471,1.351012925,0.3100284093,0.8964552536,1.610779842,1.443992052,1.346072469,1,0.8336147349,1.452410708,0
0.5302996482,0.5267304101,1.610779842,0.2822562593,0.1991311536,1.38467771,0.9619180163,0.8484467267,1,0.8014216524,1.506640085,0
0.5763394903,0.2443475815,1.38467771,0.2484717206,0.804148192,0.9017404196,0.8410437286,0.3383426496,1,0.8735606112,1.518618619,0
0.5410273357,0.9829462233,0.9017404196,0.2798730959,0.6558451406,0.9695504643,0.9388129764,0.8863623399,1,0.9679333267,1.530463886,0
0.5075111286,0.6738448916,0.9695504643,0.3401491925,0.8445450967,1.448608728,1.522415822,0.6533266275,1,0.9753832932,1.603919168,0
0.5618358136,0.9956209707,1.448608728,0.356329147,0.9311060644,1.592887518,1.483147228,1.442265228,1,0.9124227017,1.726960133,0
0.6462062782,0.6643923651,1.592887518,0.3084821546,0.4635969447,1.263118636,1.086042978,1.058302305,1,0.9197733543,1.835736286,0
0.665698212,0.5257915605,1.263118636,0.2765102417,0.9099447051,0.8331183935,1.10566443,0.6641371189,1,1.051285161,1.884599985,0
0.6213013872,0.9988663622,0.8331183935,0.3165646172,0.7670246059,1.089323604,1.29498486,0.8321739389,1,1.190812727,1.911595363,0
0.61703605,0.8645850134,1.089323604,0.38585138,0.9678913394,1.522539761,1.540558219,0.941812863,1,1.233822442,1.970886195,0
0.7149528133,0.9511448207,1.522539761,0.3985880232,0.8315369126,1.540558275,1.281031072,1.448155808,1,1.215207122,2.04898925,1
0.3040806383,0.3181178865,1.540558275,0.6681285072,0.700241558,1.127200244,0.8053963962,0.4900791424,0,0.4138608918,0.6712717571,0
0.2728826032,0.8548883661,1.127200244,0.1177344271,0.9566215222,0.8230559716,1.067954759,0.9636303748,0.05,0.5025944828,0.660160403,0
0.2655271749,0.968552979,0.8230559716,0.1628262615,0.9481556714,1.217036533,1.532161296,0.7971733132,0.1,0.5277890593,0.7004282217,0
0.3317141501,0.9827004645,1.217036533,0.1710093852,0.9463421237,1.565603578,1.481596615,1.195982366,0.15,0.4894818728,0.7983088096,0
0.4128394256,0.8353781852,1.565603578,0.1274146412,0.7786286739,1.453556152,1.131780499,1.307871076,0.2,0.4649389675,0.9128181811,0
0.4484878036,0.7583987104,1.453556152,0.07600109949,0.7928329861,0.991178414,1.28813915,1.102375111,0.25,0.5394442384,0.9930609683,0
0.4324316835,0.8986956901,0.991178414,0.09083354785,0.9999675811,0.878848248,1.509386475,0.8907677687,0.3,0.6643431759,1.042968178,0
0.4115065017,0.9971483878,0.878848248,0.1508058714,0.9964362621,1.336856936,1.571831264,0.8763421136,0.35,0.7511552817,1.099973898,0
0.4581142123,0.9723340524,1.336856936,0.1893193314,0.923852522,1.571849957,1.452157547,1.299871522,0.4,0.7796580574,1.175436633,1
0.1394916744,0.3027144542,1.571849957,0.423094478,0.5909849677,1.334784424,0.8463794225,0.4758217018,0,0.2786907289,0.4235896362,0
0.1590410472,0.5493982085,1.334784424,0.0860482393,0.7808269457,0.8787108456,1.238434222,0.7333281714,0.05,0.344085834,0.4438726956,0
0.2176920464,0.7566060602,0.8787108456,0.09043885882,0.9878852355,0.9862933029,1.484851398,0.6648379509,0.1,0.4073746448,0.4570034732,0
0.2818237698,0.9680952666,0.9862933029,0.09168448148,0.9988850806,1.435321065,1.537218171,0.954825878,0.15,0.4445418985,0.506335347,0
0.3423257585,0.9837404268,1.435321065,0.09967827213,0.9827741651,1.537349024,1.510866903,1.411983357,0.2,0.4336741341,0.6241582454,0
0.3937477612,0.947603483,1.537349024,0.09295676333,0.8963522261,1.192051888,1.071262073,1.45679729,0.25,0.4169842132,0.7710372756,0
0.4203431197,0.8353695931,1.192051888,0.05681119684,0.7851700613,0.8213788829,1.500974237,0.9958039007,0.3,0.4805282212,0.8839923829,0
0.4120771016,0.8363136164,0.8213788829,0.03973702863,0.9862202749,1.11988251,1.501051034,0.686930344,0.35,0.6101050292,0.955884699,0
0.4039669672,0.9915971506,1.11988251,0.1152616211,0.9978947406,1.501398239,1.498237406,1.110472306,0.4,0.7117857961,1.024051493,0
0.4515000974,0.9641978238,1.501398239,0.158028138,0.9268678005,1.461197209,1.354336643,1.447644915,0.45,0.7620907741,1.097885479,1
0.150119257,0.2826406291,1.461197209,0.4113266503,0.6732424329,1.040655446,0.8343778545,0.4129936983,0,0.2904551346,0.4213297948,0
0.1738009418,0.6074631077,1.040655446,0.08733258503,0.9697938938,0.8429009618,1.347048608,0.6321597913,0.05,0.3636423626,0.4318202199,0
0.2262791849,0.918816747,0.8429009618,0.09473142998,0.9996397931,1.254801457,1.520087249,0.7744715198,0.1,0.4153368682,0.4636632731,0
0.2893889669,0.976445277,1.254801457,0.101324844,0.9849349559,1.52684605,1.503844047,1.225244956,0.15,0.4202227317,0.5609329756,0
0.351269736,0.9465689444,1.52684605,0.09650118639,0.912107607,1.346738588,1.228370511,1.445265054,0.2,0.3924390011,0.7080708086,0
0.3918670601,0.8444405784,1.346738588,0.06996134129,0.7322344521,0.9067262712,1.364883583,1.137240712,0.25,0.4211918053,0.8367609134,0
0.3957431774,0.7367876624,0.9067262712,0.02897596395,0.9380725063,0.9372834183,1.50184923,0.6680647298,0.3,0.5409954747,0.919934219,0
0.3758650151,0.9697277282,0.9372834183,0.08613523224,0.999334001,1.371186074,1.506839035,0.9089097199,0.35,0.6634907686,0.9828681683,0
0.3974509322,0.9818918035,1.371186074,0.1507249012,0.9649545748,1.50683947,1.45403164,1.346356367,0.4,0.7278595223,1.056788039,0
0.4854260815,0.8587070891,1.50683947,0.1621941295,0.7344514677,1.203154139,1.022054074,1.293933735,0.45,0.7654933501,1.123573743,1
0.2825689358,0.3932256271,1.203154139,0.3981645869,0.9396808873,0.8273682692,0.884031869,0.4731110408,0,0.4520457987,0.6970340297,0
0.2712034975,0.9729162751,0.8273682692,0.1248462308,0.8926641203,1.073789299,1.238514619,0.8049600546,0.05,0.5333991557,0.7190824978,0
0.2917283993,0.991504694,1.073789299,0.16723953,0.9962343901,1.454367819,1.448891237,1.06466713,0.1,0.5386350982,0.8065681622,0
0.3661662753,0.9338640177,1.454367819,0.1704620171,0.8624722216,1.440748175,1.242605279,1.358181774,0.15,0.4912299675,0.9409751883,1
0.1591977071,0.3261014697,1.440748175,0.3283582264,0.7061114421,1.047803738,0.8224953974,0.4698300972,0,0.2085899272,0.5334379851,0
0.1239355891,0.786309714,1.047803738,0.04854541709,0.9856593231,0.8346506839,1.11814564,0.8238982572,0.05,0.3246361207,0.57102172,0
0.08084533328,0.9716735104,0.8346506839,0.0862739328,0.98118968,1.219177625,1.493874729,0.81100796,0.1,0.400200247,0.6173896519,0
0.1431277036,0.868299869,1.219177625,0.1159512229,0.6668018536,1.494574351,0.9965849476,1.058611772,0.15,0.4165428816,0.6891568427,1
0.09293210585,0.2476215036,1.494574351,0.1095723881,0.5335179325,1.333021572,0.826766668,0.3700887481,0,0.2992078986,0.4828619661,0
0.145784373,0.4072943699,1.333021572,0.09764992392,0.4557245966,0.9093453742,1.265938736,0.5429321812,0.05,0.3441300036,0.5294537554,0
0.227023239,0.4428446793,0.9093453742,0.09036971987,0.9362664357,0.9262948118,1.405938658,0.4026987606,0.1,0.415507415,0.5474096342,0
0.2877287778,0.935870192,0.9262948118,0.08686708051,0.9994742844,1.348139462,1.466278939,0.8668917034,0.15,0.4847861709,0.545149281,0
0.3358861217,0.9973952347,1.348139462,0.1139079832,0.9993481489,1.48689946,1.485930223,1.344627875,0.2,0.498761411,0.5153890524,0
0.3916688057,0.9718232986,1.48689946,0.1306610395,0.9169667482,1.194325509,1.095156778,1.445003538,0.25,0.4620029229,0.5146919423,0
0.4377463622,0.8020762176,1.194325509,0.108204363,0.6183275309,0.8274569334,0.5116394026,0.957940087,0.3,0.4397530359,0.5882331606,0
0.445112801,0.654004579,0.8274569334,0.06757007281,0.654004579,0.8274569334,0.5411606234,0.5411606234,0.35,0.4445607027,0.6797781859,0
0.03093389844,0.9882663455,0.8657332222,0,0.683531766,1.215671242,0.8309499112,0.8555750076,1,0.4444981355,0.4167529063,0
0.1287096807,0.9929063975,1.215671242,0.1311458398,0.9954964238,1.408238915,1.401896804,1.207047754,1,0.4935017329,0.4061110567,0
0.2964784763,0.9940048324,1.408238915,0.1688693925,0.9777176648,1.213274517,1.186239927,1.399796287,1,0.451936187,0.4606095709,0
0.4363805673,0.9648753421,1.213274517,0.1416925488,0.8340441485,0.8656219866,1.080976103,1.170658665,1,0.3797162871,0.4917121269,0
0.4898629168,0.7873800424,0.8656219866,0.06994506888,0.7653314508,0.9710543436,1.210745805,0.6815734766,1,0.3666865635,0.4930055823,0
0.4437274726,0.7890545607,0.9710543436,0.09610704829,0.9200093005,1.317334631,1.298613094,0.7662148585,1,0.3856338463,0.546098501,0
0.3455207758,0.9913486345,1.317334631,0.1721506558,0.999943884,1.368793247,1.368716436,1.305937888,1,0.3525326635,0.6725374884,0
0.2916606243,0.8413919456,1.368793247,0.1917751172,0.8378165591,1.068465005,0.9359039492,1.151691613,1,0.3067665962,0.7798218553,0
0.2923183953,0.5533115576,1.068465005,0.1383052567,0.9736763576,0.8318809587,0.9279648211,0.5911940364,1,0.3979901605,0.8123649299,0
0.2551839644,0.9989382698,0.8318809587,0.09537432399,0.7167248669,1.107662683,0.7938893893,0.8309977255,1,0.5555017444,0.8077756488,0
0.1947577096,0.1064630306,1.107662683,0.1708128306,0.3807684028,1.37720177,0.874389959,0.1179251262,1,0.6350236126,0.8572966787,0
0.2843180335,0.9318381879,1.37720177,0.2329513346,0.9818009329,1.282055984,1.258723761,1.283329202,1,0.6086797715,0.9695942597,0
0.4487087757,0.9991376683,1.282055984,0.2218573827,0.998224915,0.9316163989,1.040829683,1.280950426,1,0.5640193475,1.059196836,0
0.540687702,0.9841405437,0.9316163989,0.1598410788,0.7936125817,0.8905116357,0.9167464087,0.9168414693,1,0.6142672232,1.085942565,0
0.5224812079,0.5779352,0.8905116357,0.1673235896,0.6259008077,1.239365626,0.9747890855,0.5146580203,1,0.7040370496,1.100161185,0
0.4471073468,0.7666977834,1.239365626,0.2471679686,0.9043431303,1.387009893,1.254332869,0.9502188779,1,0.7190743551,1.171300867,0
0.4292961859,0.9834213434,1.387009893,0.2891341515,0.9222082666,1.159252974,1.069072676,1.364015133,1,0.6633494263,1.27334647,0
0.4756864129,0.595241766,1.159252974,0.255746636,0.8200820521,0.8437311954,1.05148868,0.6900357877,1,0.6699701791,1.336473587,0
0.4766898603,0.9088265223,0.8437311954,0.2116234236,0.8809743989,1.014256957,0.8935344131,0.7668052881,1,0.7898779071,1.356201415,0
0.4090364058,0.5646290406,1.014256957,0.2564874644,0.3250553891,1.341516452,0.8598273993,0.5726789327,1,0.8927273605,1.403885072,0
0.3978311614,0.7273568358,1.341516452,0.3294036143,0.9025129944,1.345471309,1.21430534,0.9757611619,1,0.8922543984,1.517478184,0
0.5217840637,0.9969394998,1.345471309,0.3420939679,0.97398355,1.020924019,1.141177754,1.341353493,1,0.8496214415,1.636302238,0
0.6403331324,0.971106446,1.020924019,0.296248341,0.9738402584,0.8421453426,0.9196889083,0.9914258959,1,0.8932156796,1.691028477,0
0.6557560542,0.8129482006,0.8421453426,0.277590105,0.4954190091,1.160259258,0.628052104,0.6846205409,1,1.011729825,1.699971522,0
0.5973184313,0.3935941122,1.160259258,0.3418956024,0.660394668,1.399642236,1.027354951,0.4566712124,1,1.074146533,1.73615162,0
0.5815190821,0.9774661578,1.399642236,0.3983345396,0.9977857362,1.258186711,1.255400754,1.368102918,1,1.037791022,1.82357804,1
0.0684902483,0.6283367942,1.258186711,0.554014904,0.09844250165,0.8990190213,1.294145478,0.7905650045,0,0.2268180939,0.4819593849,0
0.20621534,0.1967428366,0.8990190213,0.1400463329,0.7223265878,0.9283417805,1.404321208,0.1768755524,0.05,0.2244251265,0.4625403565,0
0.2354810778,0.8221826413,0.9283417805,0.04895267215,0.9993772892,1.294602023,1.366208704,0.7632664971,0.1,0.3586238376,0.3873389672,0
0.1638963547,0.9053535843,1.294602023,0.1248651199,0.7327920393,1.407393575,1.031326808,1.172072582,0.15,0.4366239998,0.4027930917,0
0.1689946718,0.557932093,1.407393575,0.1988793999,0.6000722579,1.138024452,1.064364905,0.7852300431,0.2,0.380675632,0.5472925155,0
0.3055795727,0.9399567393,1.138024452,0.1902307384,0.9588827857,0.8341019014,1.373834531,1.069693753,0.25,0.2582331142,0.6709762537,0
0.3814846488,0.9665845085,0.8341019014,0.106985392,0.9450056315,1.066876185,1.290794551,0.8062299764,0.3,0.3093026412,0.7127822873,0
0.3357276187,0.8527250721,1.066876185,0.08986053764,0.8379392731,1.395990738,1.169755464,0.9097520719,0.35,0.4646900763,0.7214411611,0
0.2126839737,0.7689089064,1.395990738,0.190192141,0.8484484998,1.365277725,1.158367838,1.073389711,0.4,0.5216613578,0.7791073227,0
0.2169360808,0.9547304874,1.365277725,0.2384085001,0.7730751371,1.00610643,1.196754507,1.303472268,0.45,0.4663373801,0.8649887787,0
0.3397323991,0.2996996927,1.00610643,0.1980047497,0.7498241294,0.8552466975,1.3516394,0.3015297878,0.5,0.4424118025,0.9079136328,0
0.379035725,0.8976005234,0.8552466975,0.1297261374,0.9613043359,1.217451638,1.192794703,0.7676698833,0.55,0.5482088169,0.9076397056,0
0.3082792195,0.7436747154,1.217451638,0.1803585346,0.5507969975,1.452973056,0.8180232585,0.9053880001,0.6,0.6419823505,0.9542089149,0
0.2565670036,0.5580880118,1.452973056,0.2639157685,0.804635878,1.279934179,1.029880962,0.8108868441,0.65,0.6224066093,1.086558535,0
0.361947734,0.9997690546,1.279934179,0.2756625601,0.9762204504,0.8927732538,1.351539868,1.279638584,0.7,0.5541843661,1.222975683,0
0.4646863546,0.979852783,0.8927732538,0.2177046899,0.979947992,0.95409052,1.198899615,0.8747863573,0.75,0.6089085335,1.28452437,0
0.4567815754,0.8213034408,0.95409052,0.1907005736,0.6477919866,1.351578575,0.8755417704,0.7835978269,0.8,0.7626932492,1.292874218,0
0.3747370155,0.4454305806,1.351578575,0.2671941191,0.639721032,1.461472262,0.9498471305,0.6020344296,0.85,0.8469559993,1.32529636,0
0.3809822758,0.9934333594,1.461472262,0.327886234,0.9695000906,1.163817656,1.128321323,1.451875299,0.9,0.8140980296,1.405035593,0
0.4991230699,0.598841489,1.163817656,0.3147129462,0.502244584,0.8337620644,1.406340337,0.6969422982,0.95,0.7677764002,1.469813662,0
0.5655342351,0.7149655809,0.8337620644,0.259295537,0.9848910416,1.09494583,1.183971184,0.5961111787,1,0.8316133534,1.493325079,0
0.5183353861,0.8109716551,1.09494583,0.2778968577,0.5364761961,1.452390526,0.7791729446,0.8879700317,1,0.9321085301,1.533440023,0
0.4425490087,0.4731693417,1.452390526,0.357537802,0.7207528463,1.423180093,1.025761103,0.6872266691,1,0.9447674731,1.647039497,0
0.4882664807,0.99595929,1.423180093,0.3908260472,0.9567400087,1.035367865,1.149700979,1.417429435,1,0.890689749,1.791383954,0
0.5952477536,0.8534971995,1.035367865,0.3526944533,0.9665247856,0.8528008116,1.298000807,0.8836835729,1,0.9174113225,1.878893001,0
0.6224014542,0.9830254602,0.8528008116,0.3141964444,0.7266338748,1.243128758,0.9032994664,0.8383249103,1,1.062806213,1.910816447,0
0.5649260149,0.2508096891,1.243128758,0.3645111145,0.3747109576,1.511384569,0.8341333451,0.3117887374,1,1.180266373,1.849518344,0
0.5529417282,0.8717070535,1.511384569,0.4347398586,0.9842324198,1.344450202,1.323251476,1.31748459,1,1.178112427,1.731035609,0
0.6580767038,0.8514164267,1.344450202,0.4450051885,0.4994020812,0.9193747742,0.4591376757,1.144686987,1,1.123769482,1.6500844,0
0.7528489569,0.3382915617,0.9193747742,0.3980312196,0.3382915617,0.9193747742,0.3110167282,0.3110167282,1,1.044152275,1.666346088,0
0.201788162,0.8668735935,0.9899054853,0,0.994419219,1.43142299,1.498357216,0.8581229252,1,0.4164303643,0.5959852397,0
0.2588233318,0.8576431925,1.43142299,0.1576380996,0.7227832586,1.518382499,1.097461451,1.227650183,1,0.3381542664,0.6670104241,0
0.3027936432,0.4756024508,1.518382499,0.116796917,0.5325348769,1.174891288,0.8649168026,0.7221464378,1,0.3052881769,0.7387708407,0
0.2878398525,0.6380717966,1.174891288,0.09579297295,0.998362975,0.7788907683,0.7776157046,0.7496649952,1,0.382266769,0.7733890237,0
0.2205244209,0.9347693628,0.7788907683,0.128238201,0.2384469383,1.047770008,0.9641075901,0.7280832272,1,0.4758196917,0.7762773165,0
0.1714015894,0.6501643113,1.047770008,0.1657522751,0.9273813052,1.465277928,1.496699871,0.6812226654,1,0.5166480764,0.7967668009,0
0.2295477571,0.8902441296,1.465277928,0.1748416251,0.6972496806,1.498930568,1.04512886,1.304455073,1,0.510420048,0.851103945,0
0.3193640651,0.4003330529,1.498930568,0.1516085774,0.2806097144,1.120173283,0.9741524026,0.6000714505,1,0.5136260356,0.9048973373,0
0.3760616692,0.5906266097,1.120173283,0.1388894906,0.9894234158,0.7711875258,0.8312890812,0.6616041484,1,0.574844216,0.9175514981,0
0.3948561859,0.983717626,0.7711875258,0.1623369437,0.7129018415,1.100833282,1.108111896,0.7586307621,1,0.6449238179,0.9093408393,0
0.4010826703,0.8397164855,1.100833282,0.2036867008,0.9215519145,1.490108063,1.439631789,0.9243878544,1,0.6494521747,0.9429990794,0
0.4357914997,0.9954410673,1.490108063,0.2185508426,0.9550401215,1.475247562,1.408920611,1.48331476,1,0.5867508079,1.048550348,0
0.4755473411,0.7530298958,1.475247562,0.1962427616,0.6376775735,1.069471391,1.123257042,1.110905518,1,0.5480560574,1.164998497,0
0.4708253657,0.6097261608,1.069471391,0.168025,0.9837697854,0.7740929551,1.010952396,0.6520846854,1,0.6259934501,1.233669431,0
0.4108458742,0.9733071117,0.7740929551,0.1896656205,0.6273575458,1.148485755,0.9450180468,0.7534301783,1,0.7551650232,1.251978955,0
0.3607012577,0.6714815619,1.148485755,0.2417245109,0.8399037718,1.507720518,1.37667181,0.7711870089,1,0.8334541206,1.281435572,0
0.4151145257,0.9952911065,1.507720518,0.2677270515,0.9312090413,1.449054018,1.349372202,1.500620823,1,0.8460671855,1.347462557,0
0.5321229317,0.6946492197,1.449054018,0.250017238,0.51166859,1.023294423,1.162618428,1.006584243,1,0.8515832216,1.413035276,0
0.6199656255,0.6474553614,1.023294423,0.230442493,0.9912980982,0.7848816311,1.095052727,0.6625374602,1,0.9126990321,1.433314799,0
0.6529629527,0.97604269,0.7848816311,0.2539410819,0.7784865571,1.191162473,1.132837001,0.7660779785,1,0.9845910993,1.434415741,0
0.6577325083,0.8448781579,1.191162473,0.3064449733,0.9144875532,1.519918651,1.389946688,1.006387156,1,0.987129272,1.485991883,0
0.6872795549,0.9995134277,1.519918651,0.327987574,0.9691023107,1.42152599,1.377604121,1.519179101,1,0.924814269,1.606765657,0
0.7234857624,0.7818870311,1.42152599,0.3048588856,0.6328354628,0.9815233759,1.216632556,1.111472736,1,0.9007800996,1.729801732,1
0.533079083,0.5823682605,0.9815233759,0.5077969364,0.992106463,0.8014538287,0.7951275232,0.5716080611,0,0.8466601419,1.565361631,0
0.4708883436,0.7736527186,0.8014538287,0.285251009,0.2494634227,1.22992188,0.9147884624,0.6200469334,0.05,0.961574815,1.574912848,0
0.4414089481,0.6896666794,1.22992188,0.3368267587,0.9033448656,1.528253219,1.384326595,0.8482361389,0.1,1.001717996,1.618603677,0
0.5199531723,0.961878702,1.528253219,0.3467012975,0.8218783629,1.393203219,1.145043581,1.469994223,0.15,0.9863493621,1.703302449,0
0.6284717555,0.4577495121,1.393203219,0.323764819,0.2825524765,0.9435882249,1.146013851,0.6377380939,0.2,0.9981411899,1.766930284,0
0.6814879604,0.662305082,0.9435882249,0.3113086032,0.9851838472,0.8225926453,0.8677142813,0.6249432767,0.25,1.08217849,1.779546908,0
0.6781704901,0.8285868899,0.8225926453,0.3498416773,0.5843888982,1.266078215,1.071477721,0.6815894816,0.3,1.15626196,1.788110841,0
0.6754582833,0.8195783554,1.266078215,0.4024753917,0.937880979,1.53382458,1.438544899,1.037650302,0.35,1.142428771,1.858121252,0
0.7241968477,0.9752478434,1.53382458,0.4101338242,0.8737299361,1.363972774,1.191743845,1.495859114,0.4,1.079214899,1.980909529,1
0.4302570543,0.2371026718,1.363972774,0.581821259,0.5912458918,0.9087130161,0.888065053,0.3234015889,0,0.5826840966,1.20288818,0
0.3935048645,0.8715306043,0.9087130161,0.189139558,0.8134088943,0.8479339922,0.689717051,0.791971204,0.05,0.6966285226,1.222330636,0
0.3283737324,0.3267583328,0.8479339922,0.2377384527,0.4489385073,1.300890728,1.219067739,0.2770694976,0.1,0.7768129098,1.23570874,0
0.3418176455,0.9598317336,1.300890728,0.2725783798,0.9975034583,1.537147858,1.533310304,1.248636203,0.15,0.7819220527,1.292223992,0
0.440382712,0.7658527569,1.537147858,0.2615457111,0.5081755083,1.333128315,0.8447201568,1.177228925,0.2,0.7687417344,1.369229452,0
0.5240673061,0.2861527652,1.333128315,0.2364014197,0.5977615564,0.8762086157,0.9661602877,0.3814783537,0.25,0.8108635736,1.407769593,0
0.5483472981,0.8888017809,0.8762086157,0.2436690019,0.8641133917,0.8777685844,0.8038857724,0.7787757781,0.3,0.8998808997,1.406390261,0
0.5429948223,0.7088728708,0.8777685844,0.2910642388,0.710785739,1.335312571,1.265806789,0.6222263363,0.35,0.9424127684,1.429449426,0
0.5621674059,0.9596715347,1.335312571,0.329437855,0.9996242001,1.538088803,1.537510789,1.281461465,0.4,0.897917639,1.521182467,0
0.6170607996,0.8727455434,1.538088803,0.3180637694,0.7115762191,1.29950149,0.9246943571,1.342360148,0.45,0.8434802329,1.642139319,0
0.6411657051,0.4368195233,1.29950149,0.284104084,0.655143981,0.8457979904,1.078277128,0.5676476215,0.5,0.8925252972,1.721590222,0
0.5972663335,0.9087813157,0.8457979904,0.2899452255,0.8207081815,0.9127637991,0.7491127177,0.7686454105,0.55,1.022545969,1.741632976,0
0.5350840196,0.5028215316,0.9127637991,0.3429160784,0.5857040017,1.369803267,1.17905561,0.4589572915,0.6,1.116327885,1.764033198,0
0.5611837752,0.9531224621,1.369803267,0.3811747453,0.9999940861,1.535873875,1.535864792,1.305590262,0.65,1.130159226,1.829623559,0
0.6750564169,0.8420732426,1.535873875,0.3693801825,0.6394000142,1.261660129,0.9290421489,1.293318294,0.7,1.119523933,1.908378816,0
0.7734635534,0.4758644066,1.261660129,0.3431542621,0.7338629201,0.8179548378,1.087702389,0.6003791484,0.75,1.170715964,1.942829604,1
0.657614636,0.8582136231,0.8179548378,0.3053175481,0.8444101373,0.9536538475,0.8052749763,0.7019799849,0,1.119762615,1.857253748,1
0.3884309868,0.5937250351,0.9536538475,0.3600031415,0.4016805036,1.404209752,0.9378659412,0.5662081641,0,0.7935341614,1.238353685,0
0.3905671415,0.8314674373,1.404209752,0.2897386091,0.957455566,1.529174009,1.464116166,1.167554684,0.05,0.7703254077,1.330112387,0
0.4590052807,0.9331813791,1.529174009,0.2883456116,0.740459174,1.218167067,0.913349239,1.42699671,0.1,0.719314619,1.455488371,0
0.5107783844,0.3080646056,1.218167067,0.2558344771,0.532947885,0.7942079774,1.193414846,0.3752741569,0.15,0.7625195182,1.54051403,0
0.4888251858,0.8718646571,0.7942079774,0.2554004543,0.8291195486,1.000930101,0.8298907135,0.6924418659,0.2,0.8933631641,1.580524755,0
0.4301059796,0.3031587981,1.000930101,0.308480468,0.2254608531,1.437721433,0.9606291211,0.3034407664,0.25,0.9881770576,1.549957266,0
0.4487696189,0.8674403097,1.437721433,0.3530025874,0.9817459423,1.516257191,1.488579344,1.247137525,0.3,0.9971047134,1.48614275,0
0.5611781909,0.8916076377,1.516257191,0.3493209448,0.6476575563,1.167893182,0.7563948445,1.351906492,0.35,0.987885033,1.466547658,0
0.6546604001,0.3542980859,1.167893182,0.3238640129,0.3542980859,1.167893182,0.4137823191,0.4137823191,0.4,0.9760938025,1.517233154,0
0.2833024938,0.3532314269,0.972536232,0,0.765490047,1.39537302,1.381298829,0.3435303609,1,0.3775794177,0.6672149845,0
0.2693846984,0.9703884138,1.39537302,0.1254001539,0.9985801371,1.497078084,1.494952438,1.354053811,1,0.4297203819,0.635600742,0
0.2427826118,0.8987091832,1.497078084,0.1467152114,0.8362470516,1.18096388,1.022478007,1.345437822,1,0.4571683742,0.6094433545,0
0.2566754093,0.9435019607,1.18096388,0.1662007165,0.9709365517,0.8068952638,0.8841024766,1.114241736,1,0.4288819964,0.6153645988,0
0.308098655,0.7206150207,0.8068952638,0.1545945397,0.5652138809,1.052922874,1.318343201,0.5814608472,1,0.3853588236,0.6262814992,0
0.3382034084,0.7662668373,1.052922874,0.1257583801,0.9499709472,1.450379171,1.470591404,0.8068198803,1,0.3839447231,0.6139945467,0
0.3194271386,0.9985017916,1.450379171,0.126778639,0.9686851005,1.476157192,1.429931478,1.448206201,1,0.4056301523,0.5936606369,0
0.2774861933,0.8818623903,1.476157192,0.1534676097,0.9211212525,1.105964026,1.018726969,1.30176751,1,0.3944579992,0.604736125,0
0.2593798783,0.997172306,1.105964026,0.1622828928,0.7594811236,0.7987781192,0.9705581822,1.102836698,1,0.3516176157,0.6410690771,0
0.2655516373,0.3195061401,0.7987781192,0.1395583231,0.6453780368,1.133904371,1.413786741,0.2552145136,1,0.3461772529,0.6634688859,0
0.2565117785,0.9086141823,1.133904371,0.1172973171,0.9997131802,1.490512264,1.490084756,1.030281592,1,0.4015908909,0.6514659051,0
0.2267297876,0.9101615494,1.490512264,0.1328663978,0.812459847,1.440786454,1.170581142,1.356606952,1,0.4492672724,0.6344563505,0
0.228142183,0.8576347076,1.440786454,0.159249601,0.9698432091,1.030175102,0.9991083264,1.235668469,1,0.4431589876,0.6443081884,0
0.2813255157,0.9507352184,1.030175102,0.158701455,0.4814300353,0.8148985319,1.293601903,0.9794237502,1,0.4076650949,0.6678908221,0
0.3280964399,0.4795008195,0.8148985319,0.1338834247,0.8992646502,1.211504233,1.501723714,0.3907445138,1,0.4039619029,0.6715616921,0
0.3288003406,0.9973850067,1.211504233,0.1254718851,0.9761518382,1.515659807,1.479514107,1.208336158,1,0.4336974167,0.6610783075,0
0.2956593749,0.8719026225,1.515659807,0.1539111691,0.8604453073,1.392332812,1.198026234,1.321507761,1,0.4378280865,0.6736096578,0
0.2757161982,0.9497049429,1.392332812,0.1735313128,0.9918954267,0.9574208555,0.949661368,1.322305354,1,0.4015051751,0.7190430544,0
0.284618942,0.7846667402,0.9574208555,0.1623761724,0.3015023495,0.8525538617,1.456263439,0.7512563017,1,0.3813007809,0.75777003,0
0.2824160733,0.6488768958,0.8525538617,0.1362692277,0.9871437608,1.282962315,1.500755915,0.5532025033,1,0.4295150848,0.7661609261,0
0.2526164416,0.9424295457,1.282962315,0.1436457873,0.8001645507,1.525688252,1.220801655,1.209101592,1,0.4922112978,0.7585834327,0
0.2371180442,0.7062434123,1.525688252,0.1730438649,0.8016692813,1.33199913,1.067822785,1.077507277,1,0.5076664699,0.7714400139,0
0.2814991748,0.9993637783,1.33199913,0.1831902265,0.852605005,0.8922120911,0.9406971613,1.331151684,1,0.4819756605,0.8043381112,0
0.3408101099,0.5104742382,0.8922120911,0.1651789257,0.6486874005,0.9073982023,1.520211644,0.4554512875,1,0.4737159714,0.8240367019,0
0.3605176903,0.9060485149,0.9073982023,0.1503271039,0.9938347403,1.346120079,1.417176679,0.8221467936,1,0.5076272396,0.8221891714,0
0.3380205461,0.8818607285,1.346120079,0.1724800403,0.8028505055,1.520275606,1.220554039,1.187090433,1,0.53242347,0.8305840742,0
0.3163380149,0.8465949457,1.520275606,0.2005478299,0.9517102115,1.261015603,1.200121427,1.287057644,1,0.5097888086,0.8744827177,0
0.327017565,0.9764641395,1.261015603,0.2013732727,0.5945513311,0.840022909,1.180807337,1.231336516,1,0.4783582212,0.9278159518,0
0.3390730959,0.08740172015,0.840022909,0.1813194037,0.8471742229,0.9745073569,1.438541742,0.07341944721,1,0.5044803521,0.9516497459,0
0.3169284982,0.9995378944,0.9745073569,0.1744697149,0.8802911827,1.398976645,1.231506805,0.9740570316,1,0.5729847798,0.9524069581,0
0.2869039517,0.5993254835,1.398976645,0.2019199325,0.5711282872,1.49889709,0.8758994636,0.838442354,1,0.6107721566,0.9620292271,0
0.3088619828,0.912052736,1.49889709,0.2223778846,0.9984619906,1.181006292,1.179189893,1.367073192,1,0.5972018723,0.9968170116,0
0.371684034,0.8507331454,1.181006292,0.2136621128,0.2034353746,0.807052125,1.390323145,1.004721198,1,0.5803087253,1.029368455,0
0.4107734247,0.370189275,0.807052125,0.1944901213,0.9724012373,1.048965123,1.4086061,0.2987620411,1,0.6073515573,1.037222429,0
0.4019776647,0.9756637815,1.048965123,0.2031764456,0.8272860102,1.439434837,1.190824303,1.023437278,1,0.6488901161,1.039640528,0
0.3774134547,0.7202360321,1.439434837,0.2355195803,0.7911322672,1.46096123,1.15581357,1.036732835,1,0.6475681378,1.071233631,0
0.3826437482,0.9837214541,1.46096123,0.2496234888,0.9704505168,1.094536993,1.062193991,1.437178905,1,0.612606325,1.127778485,0
0.4062359582,0.6843085877,1.094536993,0.2356831972,0.2123194516,0.7989949274,1.464662595,0.7490010642,1,0.6104136675,1.168954981,0
0.4004260094,0.6879561868,0.7989949274,0.2189332307,0.9951246468,1.125995001,1.27690186,0.5496735035,1,0.6696661409,1.181414264,0
0.3666124601,0.7905229514,1.125995001,0.2374010071,0.5409465735,1.465230428,0.7926113794,0.8901248911,1,0.7277450788,1.186810344,0
0.3596597897,0.658574428,1.465230428,0.2658018604,0.8295540234,1.406088049,1.166425998,0.9649632909,1,0.7344043061,1.215803145,0
0.4106428335,0.996883648,1.406088049,0.2698233096,0.8345149934,1.005838242,0.9042754501,1.401706183,1,0.7129241606,1.258499275,0
0.4661601397,0.4076856206,1.005838242,0.2511760959,0.581262475,0.8189381447,1.443754449,0.4100657879,1,0.7228441294,1.281064713,0
0.477115948,0.9020808797,0.8189381447,0.2457231363,0.9522709585,1.200892632,1.189122894,0.738748442,1,0.7701353292,1.284001884,0
0.453990848,0.7501932565,1.200892632,0.2730464633,0.6515633474,1.474027745,0.9707717474,0.9009015546,1,0.7973377942,1.301643551,0
0.4465924473,0.8389689795,1.474027745,0.2993675021,0.9590451306,1.334518994,1.279863943,1.236663553,1,0.7739346811,1.352358224,0
0.4729581376,0.9551592881,1.334518994,0.2969728366,0.6316829978,0.9216197414,1.130836309,1.274678212,1,0.7495408447,1.407728409,0
0.490110629,0.1946582254,0.9216197414,0.2797455498,0.8509261185,0.8656559788,1.313763894,0.1794008634,1,0.7830486642,1.432744716,0
0.4661875645,0.9999568823,0.8656559788,0.2804573003,0.7849874294,1.268970427,0.9961258333,0.8656186538,1,0.8506582132,1.438331382,0
0.4382119184,0.4846920643,1.268970427,0.3097594515,0.528832443,1.463657299,0.9329457698,0.6150598958,1,0.8831012781,1.456450327,0
0.4628992131,0.9226774001,1.463657299,0.3275818643,0.9990039277,1.247654578,1.246411823,1.350483512,1,0.8671700398,1.498410882,0
0.5237200998,0.8323979016,1.247654578,0.3166115308,0.3194131402,0.8516008617,1.302439851,1.038545052,1,0.8573256527,1.534047619,0
0.5575543085,0.281939252,0.8516008617,0.3005731054,0.9734590204,0.9336991227,1.257264274,0.24009971,1,0.8940161826,1.560351189,0
0.5444367968,0.9652613913,0.9336991227,0.3135445122,0.7326566677,1.325614669,0.9712204258,0.9012637142,1,0.9407000184,1.550736756,0
0.5245166066,0.6528940649,1.325614669,0.3458185962,0.7628570663,1.432465703,1.092766584,0.8654859496,1,0.9404704651,1.504251008,0
0.5406745786,0.9878426274,1.432465703,0.3584387378,0.9724758363,1.148732214,1.117114321,1.415050684,1,0.9175768143,1.45664234,0
0.5721603949,0.6884495307,1.148732214,0.3443995797,0.6884495307,1.148732214,0.7908441538,0.7908441538,1,0.8861651668,1.44167095,0
0.2922208682,0.9216487355,0.8483245354,0,0.7248542941,1.193479803,1.188129997,0.7818572353,1,0.1858379776,0.3359526447,0
0.2754783519,0.6614046091,1.193479803,0.1177275069,0.8408543344,1.434277759,1.244075178,0.7893730427,1,0.1679611621,0.300654795,0
0.1946981058,0.9330473955,1.434277759,0.1041190394,0.9996771473,1.279007458,1.278594527,1.338249127,1,0.1994938312,0.3273677399,0
0.07278697953,0.9142383518,1.279007458,0.1330496127,0.5482825912,0.9044276221,1.219611702,1.169317671,1,0.1535559928,0.4160542517,0
0.07198001868,0.9969779616,0.9044276221,0.1208188441,0.9906935766,0.9275112644,1.399437926,0.9016944071,1,0.1340941045,0.473625422,0
0.1219119273,0.986457407,0.9275112644,0.06306162978,0.993581434,1.292689759,1.310012772,0.9149503569,1,0.2590341735,0.4666075762,0
0.09720368501,0.8486996589,1.292689759,0.05915789716,0.6584908586,1.405148149,0.9252772109,1.097105358,1,0.3679694975,0.4424967851,0
0.08931353377,0.6872701056,1.405148149,0.1227941857,0.8975412896,1.140659716,1.023789193,0.9657163165,1,0.4001806638,0.4686703935,1
0.1347421962,0.9774666307,1.140659716,0.08551503715,0.5418136949,0.836884328,0.9459152359,1.11495681,0,0.3373582194,0.3959082056,0
0.2453919299,0.3926701374,0.836884328,0.1257893302,0.5711954488,1.044560483,1.236093886,0.3286194841,0.05,0.3428491719,0.4603262319,0
0.3106563964,0.7006161572,1.044560483,0.09493808932,0.877599843,1.356616385,1.240768338,0.7318359519,0.1,0.3685904372,0.5448203402,0
0.3331593373,0.8832967091,1.356616385,0.09748732808,0.8969612134,1.330506959,1.193413136,1.198294788,0.15,0.3744887383,0.6691605058,1
0.2316370879,0.6144762516,1.330506959,0.1652702072,0.5553484287,0.9973855214,1.16376719,0.8175649287,0,0.2403511866,0.6137082428,0
0.231983923,0.3458356103,0.9973855214,0.05919795532,0.8558493501,0.8501875793,1.323060831,0.3449314305,0.05,0.3297026313,0.6969358361,0
0.2162721777,0.9386192003,0.8501875793,0.04570965301,0.9703207866,1.166609627,1.25032296,0.7980023858,0.1,0.458901458,0.7444669709,0
0.2067891791,0.9565627027,1.166609627,0.09559122559,0.9500948106,1.375648005,1.306996031,1.115935258,0.15,0.5512134582,0.7986230476,1
0.1570744818,0.9999971447,1.375648005,0.1094514591,0.9602152985,1.217407737,1.168973534,1.375644077,0,0.4714008791,0.6824790806,0
0.266027895,0.8010933808,1.217407737,0.1314094335,0.3294251487,0.8815939896,1.157881484,0.9752572798,0.05,0.5069222864,0.7632272096,0
0.3677553391,0.3546611013,0.8815939896,0.128481754,0.739042696,0.936446812,1.337647227,0.3126670952,0.1,0.5678729261,0.8297463394,0
0.4373279625,0.8252070207,0.936446812,0.1328687513,0.9641830034,1.26815178,1.326583966,0.7727624837,0.15,0.625895269,0.9027471853,1
0.3747406071,0.8902261942,1.26815178,0.1323639774,0.9089030343,1.345953461,1.223341185,1.128941933,0,0.4651925656,0.7518770319,0
0.4043545911,0.8233983804,1.345953461,0.1210425009,0.7045912842,1.080990743,0.931112858,1.1082559,0.05,0.460010169,0.8824756573,0
0.4205579261,0.499420994,1.080990743,0.1081565086,0.5582717507,0.8321209292,1.330175579,0.5398694714,0.1,0.5146222102,0.9798401631,0
0.413567975,0.6936621047,0.8321209292,0.08732081497,0.9915789087,1.06086461,1.319123247,0.5772107551,0.15,0.6403868292,1.033095909,0
0.3969267381,0.999591289,1.06086461,0.1274215155,0.9809785339,1.332204374,1.306863894,1.060431023,0.2,0.7546518424,1.079057471,0
0.4292200848,0.999992505,1.332204374,0.1813638232,0.9867491703,1.269990489,1.253162061,1.332194389,0.25,0.8108061163,1.153548793,1
0.3404561106,0.8429341539,1.269990489,0.1806748147,0.5347594467,0.9470813443,1.017466414,1.070518358,0,0.6213761444,0.8813592973,1
0.3326665821,0.3878439678,0.9470813443,0.1403867337,0.7815493261,0.8699262878,1.348585885,0.3673197865,0,0.5946633863,0.8592524684,0
0.4089101234,0.8283256877,0.8699262878,0.1427029164,0.9697149334,1.18728094,1.333898722,0.7205822906,0.05,0.6603516826,0.9099755595,0
0.4811884516,0.925219161,1.18728094,0.163728798,0.9250124433,1.349339015,1.248155379,1.098495076,0.1,0.6695040027,0.9986388732,1
0.4003565342,0.695821945,1.349339015,0.1981388079,0.5946199655,1.157459693,0.8943195358,0.9388996982,0,0.4370111391,0.802285096,0
0.4261458692,0.4558997041,1.157459693,0.07655614661,0.580365532,0.8530695691,1.286511497,0.5276855315,0.05,0.4719270798,0.9002196271,0
0.4106358417,0.6991939843,0.8530695691,0.07331551873,0.9948684975,0.9767032267,1.278957581,0.5964611109,0.1,0.5775294832,0.9664263542,0
0.3775717261,0.9998442161,0.9767032267,0.1176984241,0.9786592565,1.289584697,1.301970354,0.9765510721,0.15,0.6822307758,1.027710206,1
0.2475291044,0.9994394289,1.289584697,0.1863533286,0.9826168864,1.317063007,1.294168351,1.288861793,0,0.5730167658,0.8523944185,0
0.3272197317,0.8559344714,1.317063007,0.1314839076,0.6027779565,1.026904493,0.9252675483,1.127319629,0.05,0.623229929,0.9334350046,0
0.4316085603,0.4863383294,1.026904493,0.135267792,0.5169469588,0.8363969746,1.342622551,0.4994230157,0.1,0.6899898997,0.9987440702,0
0.5204404278,0.6744440201,0.8363969746,0.1427140265,0.9500020662,1.112822027,1.343362622,0.564102938,0.15,0.766348473,1.052153681,1
0.504687304,0.9145353376,1.112822027,0.09364055811,0.9672651478,1.351787358,1.307536799,1.017715068,0,0.6703821861,0.9433431055,0
0.5509031617,0.9299004227,1.351787358,0.1591625756,0.8930069341,1.239727769,1.107085494,1.257027636,0.05,0.6693532879,1.063910779,0
0.5869946299,0.7599884946,1.239727769,0.1600226687,0.5299825338,0.9076762034,1.170056238,0.9421788412,0.1,0.6726113686,1.18797164,0
0.6001568899,0.4189350333,0.9076762034,0.1376987873,0.8398239832,0.9055997768,1.36511735,0.3802573605,0.15,0.7522953946,1.269781008,0
0.5846008912,0.9399024449,0.9055997768,0.1389407232,0.9981277681,1.243435006,1.34702166,0.8511754443,0.2,0.8820523634,1.316838456,0
0.5750811844,0.9952158957,1.243435006,0.1934308758,0.9954878379,1.366176194,1.360011786,1.237486284,0.25,0.9792448339,1.373135793,1
0.4510274197,0.9847794289,1.366176194,0.234154156,0.8993464526,1.128914714,1.015285444,1.345382212,0,0.8106918772,1.152352351,1
0.3767352504,0.6361760512,1.128914714,0.1943405907,0.3729274886,0.8380851147,1.318175103,0.7181885052,0,0.643744772,0.9126264152,0
0.476715057,0.5412913843,0.8380851147,0.1284846011,0.9022659978,1.031769191,1.330150283,0.4536482519,0.05,0.7160090983,0.9634677479,0
0.5559621328,0.920189444,1.031769191,0.1468410867,0.9794414649,1.345522543,1.317860571,0.949423118,0.1,0.7671299142,1.027385125,0
0.6189389701,0.9454213231,1.345522543,0.1711671132,0.9263610987,1.332044804,1.233954488,1.272085703,0.15,0.7681714652,1.132199087,0
0.6689640886,0.8157617773,1.332044804,0.1727873756,0.6486416187,1.004391824,1.087897098,1.086631236,0.2,0.7560439203,1.255003151,1
0.5645775079,0.4235961073,1.004391824,0.284941806,0.8526757616,0.8486537233,1.365822291,0.4254564667,0,0.6939608899,1.212342011,0
0.5427557045,0.9534543322,0.8486537233,0.1439858641,0.978457712,1.175737438,1.32641421,0.8091525691,0.05,0.805252077,1.273721328,0
0.5130702263,0.9759776769,1.175737438,0.1976658977,0.9775637503,1.406089361,1.374541989,1.147493493,0.1,0.8903524434,1.311403211,0
0.5432833382,0.9905503706,1.406089361,0.2363514259,0.9264849062,1.254997599,1.162736333,1.392802338,0.15,0.9289283424,1.363768928,0
0.6343338616,0.7304726848,1.254997599,0.2330500434,0.3375802268,0.8950634299,0.3021557157,0.9167414654,0.2,0.9825565349,1.473928329,0
0.7294527149,0.4465140737,0.8950634299,0.221469978,0.4465140737,0.8950634299,0.3996584183,0.3996584183,0.25,1.063606235,1.620755779,0
0.1624709937,0.9304236298,0.9464117417,0,0.7372765844,1.226133912,0.9039998224,0.880563848,1,0.2145708524,0.3438830496,0
0.1252324837,0.5486505714,1.226133912,0.0905237242,0.7009628451,1.253263502,0.923704396,0.6727190713,1,0.2086033223,0.4009556487,0
0.1166935382,0.9300915263,1.253263502,0.1006951733,0.99855455,0.9957026583,0.9942634199,1.165649764,1,0.1864747018,0.468272512,0
0.1364073716,0.9854123032,0.9957026583,0.08772378118,0.9983555397,0.8004372956,1.142915515,0.9811776499,1,0.2079603504,0.5106520868,0
0.1379016781,0.9592764708,0.8004372956,0.07245072412,0.7174835089,1.033155953,0.7412723584,0.767840664,1,0.2768126447,0.5186355071,0
0.1169927614,0.1032946518,1.033155953,0.08981862993,0.3548153659,1.28592678,0.7775847386,0.1067194844,1,0.3353733086,0.5084081284,0
0.1313078266,0.9367694145,1.28592678,0.1141299197,0.9987917962,1.234877147,1.233385164,1.204616877,1,0.3511855624,0.504923753,0
0.1906244646,0.8163875781,1.234877147,0.1194935465,0.5280997587,0.932225979,1.10661113,1.008138363,1,0.3311921544,0.5107473528,0
0.2402973785,0.2562844145,0.932225979,0.1043580632,0.8549017138,0.8218176843,1.178228383,0.2389149892,1,0.312610862,0.5136498036,0
0.2485222842,0.9737340308,0.8218176843,0.09597579419,0.9025026136,1.121420753,1.012085161,0.8002318464,1,0.3170108861,0.5231621505,0
0.2184023814,0.7041262006,1.121420753,0.1155480623,0.605055084,1.328739761,0.8699046478,0.7896217343,1,0.3209515354,0.5610351683,0
0.1844002292,0.7267491883,1.328739761,0.1370558266,0.9060125363,1.200952898,1.088078381,0.9656605425,1,0.3032976507,0.6282058857,0
0.1807078284,0.9962394419,1.200952898,0.1373766814,0.8942226951,0.8750333797,1.170520491,1.196436645,1,0.2983196814,0.6923912393,0
0.1881363984,0.8624062498,0.8750333797,0.1224215038,0.99965785,0.8688220698,1.096541634,0.7546342554,1,0.3468613719,0.724156755,0
0.1760872409,0.8671353201,0.8688220698,0.1199546497,0.4749067771,1.204107049,0.5718385977,0.7533863036,1,0.4219357848,0.7244033414,0
0.1718786139,0.3845788126,1.204107049,0.1435175957,0.6255399563,1.35375523,0.9891917323,0.463074059,1,0.4688182614,0.7150458288,0
0.2170687728,0.9975696278,1.35375523,0.1614335389,0.9603252588,1.154524143,1.108718697,1.350465101,1,0.4685131765,0.7144989811,0
0.283765074,0.6519555223,1.154524143,0.1571626818,0.3246801427,0.8308174415,1.275321072,0.7526983908,1,0.4448302741,0.7191871269,0
0.3216643724,0.5039495069,0.8308174415,0.1428746417,0.9957959187,0.9334287804,1.164551802,0.41869004,1,0.4346598413,0.7217251741,0
0.3126082331,0.9536412841,0.9334287804,0.1474804064,0.7185012994,1.276542072,0.9171971375,0.8901562208,1,0.4396606155,0.741384567,0
0.2751408549,0.5522409857,1.276542072,0.1705633276,0.6630619156,1.361276886,0.9701051033,0.7049588521,1,0.4325188308,0.7933319319,0
0.2494712985,0.9309224324,1.361276886,0.1837258308,0.9999393186,1.099124204,1.099057508,1.26724319,1,0.4134393618,0.8636978781,0
0.2494675398,0.8614448257,1.099124204,0.1758289477,0.7212909362,0.8050515878,1.329184388,0.9468348587,1,0.4305496319,0.9170738137,0
0.2468674813,0.8943657124,0.8050515878,0.1630786489,0.9488120773,1.007272743,0.9722717681,0.7200105368,1,0.4980153574,0.9351305404,0
0.2329610999,0.5957731223,1.007272743,0.1738470693,0.2188968148,1.335920717,0.6878460328,0.6001060268,1,0.5675951408,0.9278094686,0
0.251932686,0.7233650225,1.335920717,0.1969911134,0.8920054467,1.352368282,1.206319873,0.9663583196,1,0.5954969224,0.9204831339,0
0.3153538086,0.9726590166,1.352368282,0.2055616316,0.7871778994,1.038598583,0.9058754865,1.315393203,1,0.5811157886,0.9225716235,0
0.3767776385,0.3709479756,1.038598583,0.19475753,0.5946916492,0.8007449152,1.318092976,0.3852660417,1,0.5597440153,0.9259944579,0
0.3960488934,0.8697425736,0.8007449152,0.1869659038,0.949157158,1.083418885,1.060220651,0.6964419434,1,0.5571246665,0.9320484288,0
0.3707343049,0.739736434,1.083418885,0.2018866025,0.5571193522,1.380764911,0.8539756887,0.8014444227,1,0.5581264823,0.9650091693,0
0.3328972605,0.6725731158,1.380764911,0.223012863,0.8529677166,1.32855285,1.133212691,0.9286653584,1,0.5425129201,1.028314516,0
0.3171387478,0.9994339803,1.32855285,0.2266375338,0.8836984547,0.9769952788,0.9745634979,1.327800863,1,0.5329414742,1.095697498,0
0.3168130508,0.6131525649,0.9769952788,0.2146943113,0.8511934468,0.8177258204,1.261804337,0.5990471611,1,0.5745582526,1.13425041,0
0.3070050796,0.9999434253,0.8177258204,0.2102711726,0.7439699022,1.156761177,0.8605954999,0.8176795578,1,0.6503996396,1.138294578,0
0.3025086884,0.3942183246,1.156761177,0.2289834664,0.4456042082,1.410469194,0.8881759648,0.4560164532,1,0.7053772294,1.12705826,0
0.3453066836,0.9253282065,1.410469194,0.2467759225,0.997747852,1.291591233,1.288682378,1.30514693,1,0.7127078001,1.123322177,0
0.4156785312,0.8475528593,1.291591233,0.2457828021,0.4604677315,0.918524724,1.190064578,1.094691842,1,0.6903130041,1.127023935,0
0.4629151594,0.1766250749,0.918524724,0.2334701512,0.9115086252,0.8530297113,1.201773517,0.1622344982,1,0.6758160924,1.130311541,0
0.4610827551,0.9992367289,0.8530297113,0.2355984024,0.7819923259,1.223744402,0.9569587312,0.8523786184,1,0.6769885263,1.148054162,0
0.424777459,0.5482330423,1.223744402,0.2562405306,0.5829601713,1.424941779,0.9671001466,0.6708971164,1,0.6705676784,1.195898656,0
0.3931274206,0.8781747903,1.424941779,0.2710625274,0.9877684465,1.243355181,1.228147016,1.251347948,1,0.6527228137,1.265900085,0
0.3852317357,0.9010160637,1.243355181,0.2660705303,0.5986888913,0.867534592,1.265546005,1.120282991,1,0.6654247976,1.324527829,0
0.3812673343,0.5748331117,0.867534592,0.253949675,0.9967718179,0.9021283458,1.130585891,0.4986876091,1,0.7286165757,1.34872137,0
0.3702378356,0.8708501076,0.9021283458,0.2613045296,0.4679174953,1.281905137,0.5998258409,0.7856185671,1,0.8024812436,1.343773572,0
0.387429259,0.5673526298,1.281905137,0.2834529509,0.7514246784,1.424344379,1.109180268,0.7272922506,1,0.8382053266,1.334680347,0
0.4484467548,0.9992694043,1.424344379,0.2941803456,0.9465330185,1.18581542,1.122413449,1.423303759,1,0.8281911088,1.334718524,0
0.5150250601,0.6146481035,1.18581542,0.2858780098,0.2370464621,0.8283816955,1.323814072,0.7288591989,1,0.8054195724,1.338315148,0
0.542133321,0.585074848,0.8283816955,0.2777070516,0.9985457958,0.9601625457,1.128822127,0.4846652946,1,0.7989578009,1.344191059,0
0.5212017876,0.8657323365,0.9601625457,0.2897481599,0.5945712481,1.329445818,0.8260855652,0.8312437641,1,0.7989203406,1.373958245,0
0.4818332468,0.6021427011,1.329445818,0.3106050039,0.7715026774,1.408936886,1.08699858,0.8005160956,1,0.7849297406,1.434301496,0
0.460060729,0.9932349728,1.408936886,0.3166500831,0.9618800966,1.121154957,1.078416638,1.399405389,1,0.7740352963,1.503529017,0
0.4558503757,0.6560072407,1.121154957,0.3064517917,0.5640419932,0.8050465528,1.326717264,0.7354857696,1,0.8099946272,1.547542322,0
0.447276042,0.8671596019,0.8050465528,0.3005173955,0.9197257838,1.022635902,0.940544607,0.6981038482,1,0.8848291594,1.56193868,0
0.4432350678,0.6005828497,1.022635902,0.3164823752,0.4017608691,1.364912442,0.8795786612,0.6141775845,1,0.9458160531,1.533427238,0
0.4819284206,0.8190509832,1.364912442,0.33524265,0.9487572448,1.379033243,1.30836778,1.117932877,1,0.9594154753,1.476402369,0
0.5524009246,0.951060968,1.379033243,0.3367416412,0.732669953,1.05200887,0.7707752893,1.311544691,1,0.9433444235,1.424495119,0
0.6059264319,0.2786030706,1.05200887,0.3255410501,0.2786030706,1.05200887,0.2930929015,0.2930929015,1,0.9048013628,1.405333182,0
0.05832252218,0.9861474425,0.9519883096,0,0.9882176602,1.161601913,1.147915524,0.9388008367,1,0.1477172378,0.3875279428,0
0.01660966681,0.9998184658,1.161601913,0.06858107772,0.9859384894,1.156250015,1.139991393,1.161391043,1,0.2170295912,0.3654247016,0
0.06113451835,0.7586910206,1.156250015,0.06109655855,0.6894757986,0.9395005603,1.010169558,0.877236504,1,0.2666008517,0.3102545288,0
0.1173113048,0.8928454935,0.9395005603,0.07342595036,0.9907295786,0.8230999759,0.8154694922,0.8388288414,1,0.2739237533,0.2453469798,0
0.1741096732,0.885130373,0.8230999759,0.07845967597,0.438028241,1.026031047,0.4494305747,0.7285507887,1,0.2374144784,0.1915920198,0
0.2113429031,0.2011572863,1.026031047,0.06536881053,0.1967949389,1.209475279,0.7191247673,0.206393621,1,0.1775417151,0.1586560364,0
0.2121154204,0.4222134806,1.209475279,0.05036290804,0.6645464517,1.137029202,0.8375237663,0.510656767,1,0.1297778696,0.155700357,0
0.1761966557,0.832398659,1.137029202,0.06179770804,0.9863954799,0.8910984808,0.9452716846,0.9464615834,1,0.1126782878,0.1888635653,0
0.12405546,0.9719869415,0.8910984808,0.080270517,0.721510582,0.8513325015,1.101291762,0.8661360869,1,0.1060350669,0.2349126563,0
0.09582151973,0.1300364663,0.8513325015,0.07980899637,0.5932567145,1.100141839,1.017768418,0.1107042702,1,0.1073559014,0.264003651,0
0.103321491,0.6540401872,1.100141839,0.05861244715,0.7611084164,1.239706947,0.9435513914,0.7195369741,1,0.1367784643,0.2614238285,0
0.1104510439,0.6177551192,1.239706947,0.03755411199,0.5586608301,1.101837606,0.7870722074,0.765835313,1,0.1761198338,0.2355678649,0
0.1092308554,0.222349814,1.101837606,0.0471175824,0.6132952341,0.8502781574,1.138601866,0.2449933868,1,0.1942527836,0.2103792833,0
0.120089546,0.8945585092,0.8502781574,0.06042132292,0.9439497441,0.8998120667,0.8733348802,0.760623561,1,0.1812366474,0.2013834528,0
0.1425432409,0.758497368,0.8998120667,0.05371016454,0.4846824109,1.167438896,0.838765552,0.6825050843,1,0.158309479,0.1977852131,0
0.1529159817,0.4717559286,1.167438896,0.03179385986,0.6229638942,1.251002599,0.9033667757,0.5507462205,1,0.1603478683,0.1863178209,0
0.1424003696,0.779640054,1.251002599,0.03449964764,0.9485693419,1.054305164,1.000081555,0.975331734,1,0.1849420419,0.1722666166,0
0.134214755,0.9998775157,1.054305164,0.06074744593,0.7650129617,0.8242584778,0.6305684193,1.054176028,1,0.1995340525,0.1704378284,0
0.1553194402,0.6197309868,0.8242584778,0.07022819311,0.2936711395,0.9615549042,0.8667860963,0.5108185198,1,0.1916152845,0.1771479904,0
0.1895155448,0.5194182866,0.9615549042,0.05549215286,0.6671999265,1.2229272,0.9049610841,0.4994492008,1,0.1726714023,0.1793580852,0
0.2069709926,0.6751941643,1.2229272,0.02484788896,0.7097561207,1.243395888,0.8825078419,0.8257133091,1,0.1602948315,0.1855166055,0
0.197777246,0.6456456601,1.243395888,0.0210188473,0.6562478431,0.9991110263,1.007361332,0.8027931587,1,0.1552637845,0.2149205314,0
0.1722899655,0.65791358,0.9991110263,0.04369251891,0.8995462006,0.818236515,1.255704113,0.6573287122,1,0.151481662,0.2605764541,0
0.1497541916,0.975786358,0.818236515,0.04619455766,0.9727574925,1.028932429,1.199324634,0.7984240289,1,0.1657541591,0.2951456873,0
0.1392571091,0.926693586,1.028932429,0.02573068121,0.9070833819,1.263225385,1.174251064,0.9535050828,1,0.2102507877,0.3026458392,0
0.1401548198,0.9355786346,1.263225385,0.0107839205,0.9793247047,1.217990491,1.192808177,1.181846681,1,0.2642137833,0.2827300699,0
0.1649767248,0.9991350076,1.217990491,0.04537125867,0.9467170942,0.9418772543,0.8916912973,1.216936938,1,0.2991181432,0.2475189171,0
0.2148987805,0.9186127705,0.9418772543,0.06385406663,0.562707523,0.8338645786,0.7941787564,0.8652204741,1,0.3035927738,0.2118625769,0
0.2684899403,0.6009364452,0.8338645786,0.05896869013,0.6018527287,1.095096387,0.8723259918,0.5010996157,1,0.2804196456,0.1890327275,0
0.3010563051,0.6240250271,1.095096387,0.03389883081,0.7021277281,1.28624064,0.9031052184,0.6833675526,1,0.2428981169,0.2002892079,0
0.3021845515,0.7061074,1.28624064,0.01396310671,0.7313187591,1.176807276,0.8606212367,0.9082240342,1,0.2056273726,0.2585409311,0
0.2748070765,0.7529927649,1.176807276,0.03556688378,0.7962332928,0.8890031302,1.143643263,0.8861273644,1,0.1851931944,0.336663839,0
0.2339500728,0.8405697584,0.8890031302,0.04616537443,0.9617354107,0.8688284265,1.281954918,0.7472691464,1,0.2039509454,0.4008813793,0
0.1983539043,0.969305739,0.8688284265,0.03623397045,0.9969988213,1.154451863,1.283315441,0.8421603801,1,0.2654165598,0.4318003194,0
0.1860029761,0.9943186528,1.154451863,0.02118087894,0.9940361899,1.290908687,1.283209952,1.147893021,1,0.3381083525,0.4253478015,0
0.2111238869,0.9940152325,1.290908687,0.04000191082,0.9712771053,1.122748136,1.09049956,1.283182898,1,0.3928357259,0.3901398709,0
0.2710866937,0.9786619262,1.122748136,0.06358363561,0.842223758,0.8472164518,0.790473494,1.098790853,1,0.4145006577,0.3404587661,0
0.3385443161,0.8412169561,0.8472164518,0.06746015972,0.6226795231,0.9178576003,0.8614134238,0.7126928447,1,0.4016982061,0.295838663,0
0.3877373547,0.5880815293,0.9178576003,0.05319590318,0.654362829,1.202625732,0.8800483627,0.5397751013,1,0.3628810402,0.2851772789,0
0.4041993461,0.6583564679,1.202625732,0.03762478044,0.7183001044,1.277039226,0.9172974094,0.791756429,1,0.312352415,0.3334648537,0
0.3861366555,0.7636861057,1.277039226,0.04409687385,0.7873749659,1.059674954,0.9369626552,0.9752571133,1,0.2714186528,0.4204223932,0
0.3439909823,0.8440122872,1.059674954,0.05530592163,0.8812514153,0.8225714099,1.206105479,0.8943786819,1,0.2713894469,0.5051682039,0
0.2960079768,0.8832803036,0.8225714099,0.05366070543,0.9429939012,0.9743593737,1.183595465,0.7265611247,1,0.3272076573,0.5582435479,0
0.265023429,0.9043422288,0.9743593737,0.04525175343,0.9366940217,1.236292404,1.158027704,0.8811543276,1,0.4087597656,0.5704936408,0
0.2741413227,0.9400992254,1.236292404,0.05163937696,0.9388022056,1.245280358,1.169071947,1.162237531,1,0.4801351372,0.5454034676,0
0.3290404608,0.9728752186,1.245280358,0.07094781735,0.927816179,0.9925685909,0.9209211974,1.211502401,1,0.5192103409,0.4955703274,0
0.4034727359,0.949199223,0.9925685909,0.07975773178,0.7623542972,0.8189020984,0.8691339732,0.9421453353,1,0.5215174714,0.4406004161,0
0.4673859264,0.7162070623,0.8189020984,0.07375585484,0.6199152497,1.031713343,0.8274772481,0.5865034662,1,0.4907566434,0.4083344869,0
0.5000309723,0.5736042025,1.031713343,0.06249123013,0.6639855719,1.253036744,0.8319983192,0.5917951093,1,0.4386176408,0.4301345533,0
0.4960747919,0.7070117371,1.253036744,0.06254460804,0.7547412284,1.197204467,0.9035795698,0.8859116852,1,0.3849548765,0.5078818607,0
0.4606267734,0.8303600852,1.197204467,0.07080599851,0.841212165,0.9276542911,1.039402086,0.9941108029,1,0.3617470154,0.6029360537,0
0.4092102991,0.8792225319,0.9276542911,0.07296830543,0.88733468,0.8364144517,1.149032318,0.8156145545,1,0.3959225618,0.6767065499,0
0.3643124034,0.8240581617,0.8364144517,0.06849351001,0.8717857023,1.083938157,1.091483217,0.6892541555,1,0.4752066365,0.7338063891,0
0.3527566893,0.8317151219,1.083938157,0.07029593359,0.8706285104,1.25132097,1.089435713,0.9015277562,1,0.5585628857,0.7681087508,0
0.3900353876,0.9241671044,1.25132097,0.0829300677,0.9153165505,1.135509214,1.039350377,1.156429678,1,0.616107523,0.7851106418,0
0.4632541655,0.9629382063,1.135509214,0.09524708421,0.8782926109,0.8722292063,0.7660724669,1.093425206,1,0.6622439401,0.7971334441,0
0.5381694439,0.8782356223,0.8722292063,0.0945866682,0.8782356223,0.8722292063,0.7660227598,0.7660227598,1,0.696409584,0.8166688275,0
0.1541832829,0.6899291087,0.8992981744,0,0.9929947197,1.409422396,1.65467464,0.6204519879,1,0.6696045983,0.8441207948,0
0.2734278617,0.999402126,1.409422396,0.1617306637,0.9734296314,1.695364535,1.650318074,1.408579739,1,0.8022427825,0.8112454336,0
0.4676118755,0.9870613629,1.695364535,0.2081647149,0.9732075117,1.442939294,1.40427936,1.673428829,1,0.8531619179,0.8204613001,1
0.1420028305,0.9673884342,1.442939294,0.3265066352,0.9834896466,0.921131527,1.511977155,1.395882784,0,0.355857666,0.3890656182,1
0.07933551541,0.9995502489,0.921131527,0.0865830945,0.9486009899,1.053682076,1.631701077,0.9207172471,0,0.21616248,0.4196804564,0
0.1679290386,0.8428185226,1.053682076,0.09329084261,0.8618052175,1.569636097,1.538689895,0.8880627704,0.05,0.2007871736,0.5636934408,0
0.1854739109,0.7740879599,1.569636097,0.04285024503,0.8842022248,1.669644135,1.476303058,1.215036404,0.1,0.2300845474,0.7434230303,0
0.174899472,0.8732621697,1.669644135,0.05028853766,0.9939404882,1.253522572,1.245926837,1.45803706,0.15,0.3420322913,0.884919578,0
0.1660388129,0.9958168705,1.253522572,0.03873800605,0.5218103797,0.8520020404,1.423100666,1.248278925,0.2,0.524884852,0.951228729,0
0.1933374886,0.5526138032,0.8520020404,0.08017470954,0.8557563222,1.259173585,1.643394035,0.4708280879,0.25,0.716412335,0.9480074268,0
0.3052315129,0.9836675483,1.259173585,0.1525006971,0.9970159867,1.673826325,1.668831605,1.238608193,0.3,0.8590571731,0.9195666359,0
0.4929166049,0.9870458493,1.673826325,0.2078607649,0.9619975256,1.568109413,1.508517375,1.652143327,0.35,0.9232032612,0.9260220866,1
0.1557497512,0.9213610361,1.568109413,0.3450382992,0.9440706202,1.046775982,1.375605455,1.444794913,0,0.4117203642,0.4218257679,1
0.08382931807,0.9843981339,1.046775982,0.08590852388,0.9781699658,0.9291699503,1.702212346,1.030444324,0,0.2206778825,0.3983055604,0
0.183184173,0.9119036174,0.9291699503,0.1073531325,0.9210925987,1.460118383,1.629111847,0.8473134389,0.05,0.1991347835,0.5416519228,0
0.2070845713,0.8473638527,1.460118383,0.04168338738,0.9149552654,1.702648723,1.557847415,1.237251538,0.1,0.2204050706,0.7314435896,0
0.1902076559,0.8690171952,1.702648723,0.04784417579,0.9715126749,1.396703776,1.356915421,1.479631018,0.15,0.3269567914,0.8938340105,0
0.1743612335,0.9906672179,1.396703776,0.03632628639,0.8552783325,0.8868756339,1.308435841,1.383668644,0.2,0.5068157017,0.9836819325,0
0.1950587628,0.7856439299,0.8868756339,0.05764838607,0.7818955932,1.118249593,1.64026457,0.6967684584,0.25,0.7086412574,0.9956715454,0
0.2983057557,0.9541953032,1.118249593,0.1365021507,0.99961232,1.615102624,1.623331807,1.06702851,0.3,0.8708515628,0.9681444619,0
0.4775894744,0.9933911259,1.615102624,0.1983537596,0.9699396899,1.645341818,1.595882333,1.604428615,0.35,0.956140635,0.9602970111,0
0.6829014807,0.9691905823,1.645341818,0.2184872524,0.9477369893,1.178511759,1.339601056,1.594649795,0.4,0.9666635244,1.016139096,1
0.2413402969,0.8306397342,1.178511759,0.4734478873,0.9992701322,0.8639282458,1.406541274,0.9789186939,0,0.3550497757,0.6650222787,1
0.09648863254,0.9466748719,0.8639282458,0.1528881714,0.9453067432,1.341645897,1.405335875,0.8178591615,0,0.1895254346,0.5767519557,0
0.08752566509,0.9846394359,1.341645897,0.07616474889,0.9910230594,1.69520894,1.67999115,1.32103746,0.05,0.2351867587,0.7669011368,0
0.09725848742,0.50610848,1.69520894,0.08313700211,0.5512394092,1.502836721,0.8831942984,0.8579596201,0.1,0.3141046184,0.9422520744,0
0.1459950877,0.4829421973,1.502836721,0.07658974803,0.9248481128,0.9660817833,0.8934789141,0.7257832682,0.15,0.4725790157,1.042343038,0
0.1838171353,0.9999821243,0.9660817833,0.07417101374,0.3828869027,1.00402361,1.066885627,0.966064514,0.2,0.67348301,1.060838688,0
0.2485249263,0.5797530756,1.00402361,0.145998503,0.8273620664,1.53677799,1.605062724,0.5820857761,0.25,0.8397482262,1.038374189,0
0.396567072,0.99306115,1.53677799,0.2154852802,0.9931918599,1.683400672,1.671939844,1.526114518,0.3,0.9262814877,1.036499208,0
0.5946466199,0.9523988126,1.683400672,0.2464273723,0.8810519357,1.292576658,1.222535143,1.603268801,0.35,0.9370357527,1.095877472,1
0.2463454407,0.665860096,1.292576658,0.4300148722,0.9753191382,0.8537796362,1.173993889,0.8606752173,0,0.3950012275,0.7312204103,1
0.1350740897,0.908834265,0.8537796362,0.1185196745,0.900521826,1.229170058,1.185323378,0.7759441881,0,0.2248282108,0.6287099828,0
0.1197880079,0.9822272033,1.229170058,0.09782651293,0.9763174702,1.66262723,1.623252011,1.207324268,0.05,0.2772862065,0.8098873089,0
0.1155148139,0.83705113,1.66262723,0.1016932386,0.7639652394,1.576085888,1.204074833,1.391704001,0.1,0.3448068923,0.9913293408,0
0.1591933004,0.2974998429,1.576085888,0.1013290313,0.6976063577,1.057559206,0.865928181,0.4688853041,0.15,0.4826100589,1.107826802,0
0.205200854,0.9220693502,1.057559206,0.08799650659,0.7181889831,0.9230231977,0.7724405769,0.9751429296,0.2,0.6792676666,1.141535573,0
0.2624459105,0.5716020483,0.9230231977,0.141301426,0.6849671669,1.452184455,1.459561172,0.5276019504,0.25,0.8573690242,1.123337389,0
0.3905119579,0.961535147,1.452184455,0.2130275315,0.9997035515,1.69533564,1.694833061,1.396326394,0.3,0.9614102583,1.113358737,0
0.5825611363,0.9662802089,1.69533564,0.2555252542,0.8917377332,1.386195886,1.236123177,1.638169277,0.35,0.9848141584,1.159502415,1
0.2373779949,0.6521133815,1.386195886,0.4297940374,0.9174355199,0.8818332511,1.219444129,0.9039568866,0,0.4149968742,0.6689075398,0
0.3211172777,0.9913779206,0.8818332511,0.1735157022,0.9835487529,1.12912807,1.587479345,0.8742300147,0.05,0.4214340208,0.7879643851,0
0.3714194903,0.9990091119,1.12912807,0.1262964902,0.9969768286,1.616867519,1.615929225,1.12800923,0.1,0.43733327,0.9585256087,0
0.3766869084,0.9346899036,1.616867519,0.1067695738,0.9253530328,1.626892287,1.505449712,1.511269745,0.15,0.4995483523,1.139034352,0
0.3677205406,0.8371480419,1.626892287,0.1043187393,0.90933268,1.149084779,1.22275487,1.361949693,0.2,0.635182441,1.268308315,0
0.3752853849,0.9664844678,1.149084779,0.09336514728,0.9304148716,0.8734608464,1.48482357,1.110572591,0.25,0.8296719954,1.321506526,0
0.4309271085,0.882278381,0.8734608464,0.1324410495,0.9134779933,1.366822251,1.640820625,0.7706356214,0.3,1.018103424,1.315552169,0
0.5598125259,0.9919104992,1.366822251,0.1969430212,0.998358186,1.691764348,1.688986786,1.355765341,0.35,1.147363202,1.298459079,0
0.7521216909,0.9687711625,1.691764348,0.2437684773,0.9252037094,1.466106953,1.356447591,1.638932514,0.4,1.200558879,1.32130419,1
0.3179899734,0.7185224136,1.466106953,0.5183293786,0.8953707574,0.9349102335,1.270157759,1.053430706,0,0.5516151588,0.7918043983,0
0.4226087644,0.9890323922,0.9349102335,0.1980443913,0.983972237,1.040626955,1.624588636,0.9246565047,0.05,0.5545594679,0.8987446477,0
0.4916253072,0.9999997456,1.040626955,0.1537472076,0.9992412565,1.562520367,1.658617503,1.040626691,0.1,0.5576180715,0.9857796781,0
0.5089691029,0.9587429845,1.562520367,0.1257486236,0.948891988,1.664394528,1.579330633,1.49805544,0.15,0.6004824689,1.069288797,0
0.4971149975,0.8825535852,1.664394528,0.120108287,0.9181617844,1.241625447,1.140013036,1.468917358,0.2,0.7211077401,1.157998219,0
0.4912939215,0.9561084674,1.241625447,0.1081528477,0.9808194513,0.8525924472,0.8362392562,1.187128604,0.25,0.8332138104,1.251131257,0
0.5286553474,0.93421883,0.8525924472,0.1329422072,0.93421883,0.8525924472,0.7965079185,0.7965079185,0.3,0.9299611342,1.341811129,0
0.2441902835,0.9272488168,1.040707497,0,0.7042295422,1.518431621,1.069324405,0.964994795,1,0.3741025489,0.651389059,0
0.3079394403,0.3706952269,1.518431621,0.151490455,0.4454928751,1.601090767,0.8428620773,0.5628753543,1,0.3437609093,0.6165653426,0
0.2953622867,0.5351017493,1.601090767,0.1217395034,0.8372691847,1.212045428,1.014808288,0.8567464702,1,0.4083683132,0.5638979635,0
0.2489197455,0.9730628446,1.212045428,0.1677066564,0.7778264724,0.8215700591,0.9615078972,1.179396372,1,0.4526215773,0.5156342566,0
0.2643044818,0.7798227951,0.8215700591,0.1875892008,0.8763869654,1.172291812,1.530978558,0.6406790599,1,0.4269556503,0.4925573285,0
0.322778378,0.999986077,1.172291812,0.1586124151,0.9761691205,1.58316279,1.545434629,1.17227549,1,0.3516259169,0.5216670665,0
0.3455990477,0.8404215443,1.58316279,0.1201549142,0.7990732428,1.537536556,1.228604322,1.330524117,1,0.2799355556,0.6057571329,0
0.3153431313,0.549316873,1.537536556,0.1248695652,0.7394748325,1.078708642,0.8275269694,0.8445947732,1,0.2814209094,0.7005626117,0
0.2595960157,0.6784005425,1.078708642,0.1472815213,0.9587124432,0.8433794441,0.8085583673,0.731796528,1,0.3719609383,0.7641877695,0
0.210516658,0.9067065966,0.8433794441,0.1534169128,0.5849542985,1.297022209,1.105740879,0.7646977054,1,0.4713099878,0.8064449666,0
0.1909668303,0.9339550128,1.297022209,0.1608033666,0.991150627,1.616090636,1.601789247,1.211360394,1,0.5165136766,0.8826332999,0
0.2347818816,0.8205498665,1.616090636,0.182171291,0.5947578405,1.449991491,0.862393808,1.326082955,1,0.511311805,0.9986897477,1
0.1869238096,0.3376263198,1.449991491,0.2024205862,0.8029517819,0.9597718956,0.7892623056,0.4895552909,0,0.3333897414,0.5929314518,0
0.2298195465,0.9544156454,0.9597718956,0.1411832034,0.8621558915,0.9168131024,1.018808772,0.9160213131,0.05,0.3928160184,0.6364542461,0
0.2764765034,0.8785759098,0.9168131024,0.1279022812,0.8815458841,1.406223084,1.474766984,0.8054899056,0.1,0.4492265033,0.6624840388,0
0.2934015176,0.9884681168,1.406223084,0.1357645921,0.9999566505,1.619494129,1.619423925,1.390006684,0.15,0.4558662197,0.7452469258,0
0.3034690981,0.8759277314,1.619494129,0.1655346711,0.7709872186,1.344813832,1.036834276,1.418559819,0.2,0.4141061085,0.8843649942,0
0.3262093161,0.3243843354,1.344813832,0.1727631265,0.6469108474,0.8700824825,1.071002735,0.4362365412,0.25,0.4281589412,1.002206318,0
0.332336306,0.7693813857,0.8700824825,0.160373339,0.9060998802,1.021896538,0.9259403304,0.6694252661,0.3,0.5544401412,1.066298439,0
0.2935997559,0.7594998114,1.021896538,0.1787823573,0.5886493347,1.49578715,1.035036766,0.7761302276,0.35,0.6718008116,1.127878634,0
0.2670441803,0.9093258654,1.49578715,0.2354599873,0.9894301998,1.595714352,1.57884797,1.360157945,0.4,0.6952851197,1.244880792,1
0.07886752947,0.9879376162,1.595714352,0.225021563,0.9748026785,1.228014597,1.197071918,1.576466233,0,0.4469583424,0.7139696914,0
0.2536990814,0.8699755293,1.228014597,0.194826888,0.811651707,0.8243739209,1.524501243,1.068342649,0.05,0.4124763346,0.8405042765,0
0.3716876907,0.9311730599,0.8243739209,0.1461641433,0.9882776627,1.141664859,1.432259875,0.7676347865,0.1,0.4845894198,0.8911760549,0
0.3861752531,0.9195675451,1.141664859,0.1311407673,0.8616119693,1.563469939,1.347104413,1.049837952,0.15,0.5942957467,0.9268355601,0
0.3403937162,0.8953966763,1.563469939,0.204929866,0.9479421716,1.546474768,1.46596865,1.399925786,0.2,0.6121105841,1.038726155,0
0.3451766502,0.97005478,1.546474768,0.2508263227,0.8304392019,1.106177685,1.24079129,1.500165241,0.25,0.5535791288,1.196710143,0
0.4053434591,0.3651817666,1.106177685,0.2325882655,0.7572527816,0.8325238099,1.375479808,0.4039559211,0.3,0.5895065225,1.306151232,0
0.4125703279,0.9379193883,0.8325238099,0.1997078307,0.8669603496,1.264272308,1.096073962,0.7808402225,0.35,0.7512619828,1.354329134,0
0.3430840786,0.4907100578,1.264272308,0.2496279154,0.3348348287,1.607251232,0.8590305583,0.6203911374,0.4,0.8679767572,1.420138,0
0.3358340507,0.8560122613,1.607251232,0.3198953002,0.9804442715,1.472829482,1.444027229,1.375826762,0.45,0.8679469173,1.555258763,0
0.4661621975,0.8821253301,1.472829482,0.3322419886,0.5545701411,0.9883944508,1.377707812,1.299220193,0.5,0.8451824147,1.697922858,0
0.5809813755,0.5634847793,0.9883944508,0.2954828576,0.9813522749,0.8938616934,1.257240122,0.556945229,0.55,0.9356094931,1.773457715,0
0.5967425118,0.9517216339,0.8938616934,0.2984948607,0.6665694132,1.381099624,0.9205987657,0.8507075113,0.6,1.078433931,1.806877773,0
0.5615551827,0.5417874038,1.381099624,0.3703364208,0.6988285689,1.624537221,1.179227274,0.7482623794,0.65,1.132127641,1.891053438,0
0.5921111532,0.9873756034,1.624537221,0.4219965172,0.9854251272,1.375784326,1.355732444,1.604028419,0.7,1.08320599,2.038251977,1
0.1161253853,0.5167561465,1.375784326,0.5402004885,0.2066205269,0.8889835984,1.38606396,0.7109450065,0,0.2196866267,0.5015644429,0
0.2299801162,0.5529681736,0.8889835984,0.1399971385,0.9609621373,0.9973532068,1.466276314,0.4915796368,0.05,0.2430809464,0.5722611186,0
0.2603877591,0.9905631232,0.9973532068,0.07303892057,0.9755843439,1.484665582,1.492252157,0.9879413075,0.1,0.3733809279,0.609045547,0
0.1951921286,0.9630737235,1.484665582,0.1293983563,0.9646946226,1.612082081,1.555166915,1.42984241,0.15,0.4310820379,0.7146059635,0
0.1652821372,0.964067009,1.612082081,0.1939311869,0.8004935904,1.257662652,1.008709688,1.55415515,0.2,0.4003779309,0.8807591893,0
0.2594800697,0.553879806,1.257662652,0.1920351154,0.5514880594,0.8289293548,1.424036117,0.6965939459,0.25,0.4230855766,1.001926488,0
0.3210255019,0.8716013873,0.8289293548,0.1496284607,0.9496359007,1.127192019,1.215320255,0.7224959756,0.3,0.5680789415,1.043058502,0
0.3007693833,0.7633154328,1.127192019,0.171319507,0.681433517,1.567431897,1.102867503,0.8604030641,0.35,0.6902945172,1.084164448,0
0.2851540744,0.8946865003,1.567431897,0.24279007,0.9825423439,1.566552428,1.539204094,1.402360158,0.4,0.6975044913,1.19930627,0
0.3722098812,0.8822018609,1.566552428,0.2697232354,0.5756524502,1.124388578,1.252678996,1.382015467,0.45,0.6500221694,1.34176301,0
0.4694846733,0.1920524979,1.124388578,0.2419614589,0.8022683062,0.8301905201,1.285931453,0.2159416351,0.5,0.707452244,1.432227192,0
0.4789255937,0.9812268338,0.8301905201,0.2289048794,0.806959494,1.267168137,1.022553358,0.8146052155,0.55,0.8513654716,1.482695151,0
0.4172715168,0.5418574332,1.267168137,0.2948244335,0.5817767568,1.621543869,1.100852339,0.6866244739,0.6,0.9263592757,1.57433137,0
0.4200306999,0.953693857,1.621543869,0.3545725017,0.9996080988,1.485669353,1.485087118,1.546456427,0.65,0.8989769481,1.732776034,0
0.5222440032,0.7747959312,1.485669353,0.3517325246,0.294950886,0.9889969458,1.39946243,1.15109057,0.7,0.8971708702,1.874233866,0
0.5926659524,0.3823435334,0.9889969458,0.3167557493,0.9934101155,0.9007041276,1.178946203,0.3781365868,0.75,1.028459223,1.940437206,0
0.5739725368,0.8974236206,0.9007041276,0.3394986474,0.4936760865,1.401944971,0.6921067069,0.8083131593,0.8,1.183407771,1.942884448,0
0.5471935193,0.5197875695,1.401944971,0.4145655362,0.756751024,1.639334156,1.276926751,0.7287135691,0.85,1.225229307,1.892389154,0
0.6246690032,0.9998706752,1.639334156,0.4529796327,0.9257660241,1.369905453,1.268211925,1.63912215,0.9,1.176456784,1.885702119,0
0.7433810219,0.5565943616,1.369905453,0.4304063769,0.1735731156,0.8760509514,0.1520588931,0.7624816511,0.95,1.146701886,1.98674764,0
0.7792320356,0.6506293409,0.8760509514,0.4079611109,0.6506293409,0.8760509514,0.5699844531,0.5699844531,1,1.144875142,2.127397644,0
0.2513314181,0.7222752069,0.8366568336,0,0.9864213722,1.074170154,1.216483428,0.6042964876,1,0.9391196153,1.503286087,0
0.3960770501,0.8994728594,1.074170154,0.2595109346,0.7327887167,1.234812869,0.9048569373,0.9661868996,1,1.075787339,1.323739207,0
0.5486216337,0.7416670633,1.234812869,0.2834931884,0.8379919777,1.111085909,0.9310810782,0.915820034,1,1.115685114,1.116547622,1
0.3723127335,0.5522402083,1.111085909,0.3081357398,0.9159840096,0.859181506,0.860320311,0.6135863138,0,0.6954600852,0.6587438287,0
0.4594729467,0.9900174011,0.859181506,0.2436025737,0.6210428473,0.895015251,0.757089651,0.8506046416,0.05,0.5959425719,0.5587085124,0
0.5335218141,0.3957385895,0.895015251,0.1914171132,0.5193264518,1.143905238,0.9321409427,0.354192073,0.1,0.4557147494,0.5327254988,0
0.5197038271,0.7094532688,1.143905238,0.1508379917,0.8859692683,1.207888032,1.070151676,0.8115473104,0.15,0.3486259146,0.6203404513,0
0.41383893,0.9876839097,1.207888032,0.1839028782,0.9913959415,1.009424356,1.000739209,1.193011574,0.2,0.2994494173,0.7938879494,0
0.2772095847,0.7921276867,1.009424356,0.223519442,0.6898305879,0.8229374798,1.189486327,0.7995929798,0.25,0.3011009401,0.962896313,0
0.2142580799,0.3156494989,0.8229374798,0.2123168668,0.8491165784,0.9800746127,1.161330856,0.2597598031,0.3,0.3979492893,1.04328094,0
0.2307467499,0.7534925336,0.9800746127,0.1662341571,0.8034375506,1.18949049,0.9556813257,0.7384789031,0.35,0.5688263276,1.003793795,0
0.2537179247,0.3887525728,1.18949049,0.1648535556,0.1899482604,1.150976841,0.7340849638,0.4624174883,0.4,0.7154912593,0.8658463977,0
0.3181735439,0.5360117987,1.150976841,0.2189634347,0.845379612,0.9127962851,0.823026248,0.6169371668,0.45,0.7633912744,0.6925770405,0
0.4503209086,0.9999997146,0.9127962851,0.248383119,0.7092921048,0.8432315667,0.5980974928,0.9127960246,0.5,0.6912148029,0.5492734556,0
0.5730521796,0.4356487091,0.8432315667,0.2156227856,0.2916343168,1.070465365,0.839455405,0.3673527435,0.55,0.5330183456,0.4915856984,0
0.6077913539,0.4976986483,1.070465365,0.1604032464,0.7481354775,1.204674941,0.95459811,0.5327691652,0.6,0.3565090864,0.5679978993,0
0.5288574084,0.8873718912,1.204674941,0.1634905822,0.9701627336,1.07078447,1.038835188,1.068994681,0.65,0.2325951612,0.7520824364,0
0.3645183681,0.9987839999,1.07078447,0.2116434341,0.9819896145,0.8435011502,1.132741808,1.069482396,0.7,0.2169512165,0.9510189563,0
0.1814247074,0.8269790228,0.8435011502,0.2237762973,0.9871637006,0.9118779618,1.115176733,0.6975577569,0.75,0.3404403594,1.077798614,0
0.08068754171,0.7890466456,0.9118779618,0.1855842236,0.9405938101,1.148985318,1.144209956,0.7195142469,0.8,0.5415480606,1.080898117,0
0.1484519569,0.5503366418,1.148985318,0.1554499713,0.2855447014,1.187436033,0.6663126154,0.6323287215,0.85,0.7292924642,0.9615804294,0
0.2736106284,0.6600858429,1.187436033,0.1941015481,0.8340793319,0.9791567453,0.8175687417,0.783809715,0.9,0.8294158542,0.7725773052,0
0.4447899517,0.9951603858,0.9791567453,0.2421708634,0.8195803611,0.8229158423,0.6744456632,0.9744180044,0.95,0.8023436514,0.5866807489,0
0.6086759407,0.5901901404,0.8229158423,0.2371111629,0.07455443145,1.007513298,0.7384000824,0.4856768165,1,0.6605733765,0.4782347186,0
0.6948869062,0.3081555149,1.007513298,0.179258812,0.6306231551,1.203953346,0.9024507816,0.3104707791,1,0.4595054245,0.5255841009,0
0.6629527567,0.7792763725,1.203953346,0.1488231022,0.8947869239,1.139948022,1.020010584,0.938212396,1,0.270634829,0.7076807433,0
0.5211202338,0.9647710171,1.139948022,0.1902234449,0.9897238075,0.8935580901,1.084290236,1.099788812,1,0.1856923009,0.9298482657,0
0.319185487,0.9997055347,0.8935580901,0.2235244029,0.9836620627,0.8591140353,1.027494668,0.8932949683,1,0.3031512405,1.100261879,0
0.1231439935,0.9124817037,0.8591140353,0.2033214696,0.7930702918,1.107869743,0.8786185807,0.7839258385,1,0.5178082721,1.153667311,0
0.09324747108,0.9935621462,1.107869743,0.1591098552,0.9427541766,1.228773261,1.158431124,1.10073744,1,0.7361013368,1.071263117,0
0.2531398965,0.8657701378,1.228773261,0.1675281423,0.9133201064,1.068678059,0.9760451587,1.063835196,1,0.8851428752,0.8900235294,0
0.4454126018,0.9884887752,1.068678059,0.2239166792,0.916744491,0.8356575387,0.7660844449,1.056376266,1,0.9122999504,0.6791495354,0
0.6388905468,0.7725237404,0.8356575387,0.2444514568,0.1737710031,0.940743997,0.6744677629,0.6455652875,1,0.8098565307,0.5268352214,0
0.7716694202,0.1800653917,0.940743997,0.2023454029,0.5452739281,1.195917819,0.8755259324,0.1693954363,1,0.61823186,0.5231841467,0
0.7929622066,0.6933897546,1.195917819,0.1496812252,0.8324111358,1.221295475,1.016619954,0.8292371632,1,0.4068058901,0.683255376,0
0.6925954186,0.9131833612,1.221295475,0.166273192,0.954178987,0.9845871807,1.026075928,1.115266707,1,0.2684183486,0.9153849893,1
0.2420919479,0.5591902326,0.9845871807,0.609688696,0.9702388952,0.8246982168,1.062594747,0.5505715346,0,0.5382589424,0.7574423701,0
0.3121384443,0.9513997044,0.8246982168,0.181338641,0.5487938701,1.045990068,0.7148297341,0.7846176397,0.05,0.5550808433,0.6839523233,0
0.3930564244,0.3300868233,1.045990068,0.1374479188,0.4254185597,1.260567757,0.855206639,0.3452675386,0.1,0.5637395524,0.5578815317,0
0.4233167683,0.6615190986,1.260567757,0.1241377671,0.8580304588,1.183314035,1.015319484,0.8338896464,0.15,0.5657101625,0.4436992647,0
0.4149100081,0.9919411336,1.183314035,0.1771567186,0.9342535333,0.9031784786,0.8536012366,1.173777865,0.2,0.5330813057,0.4656354308,0
0.430458535,0.6623055315,0.9031784786,0.2178235816,0.3316670514,0.866556972,1.209385688,0.5981801023,0.25,0.4480122791,0.5958234633,0
0.4761097065,0.3952633659,0.866556972,0.1993698522,0.822839071,1.154093942,1.220517032,0.3425182255,0.3,0.3535154435,0.7194352385,0
0.494518381,0.8345678574,1.154093942,0.14554529,0.9202517239,1.29575492,1.192420699,0.9631697081,0.35,0.3476684712,0.7953057628,0
0.4465197845,0.8386597674,1.29575492,0.12838678,0.8293049228,1.120204969,0.9289914949,1.08669752,0.4,0.4314224045,0.8371779965,0
0.3603395721,0.585836784,1.120204969,0.1701440715,0.7020680251,0.8432908442,1.249820167,0.6562572762,0.45,0.5174235733,0.856300007,0
0.3218874549,0.8680755675,0.8432908442,0.190302051,0.9716828869,0.9500395121,1.112121584,0.7320401782,0.5,0.5724847828,0.8287339728,0
0.3609877126,0.7657845496,0.9500395121,0.1605272427,0.5933839358,1.249854602,0.9497630963,0.7275255798,0.55,0.6186499489,0.7382307336,0
0.4104294752,0.6340356809,1.249854602,0.1251993827,0.7958233164,1.29946446,1.034144116,0.7924524134,0.6,0.6642801617,0.6105470364,0
0.4395572242,0.9580861013,1.29946446,0.1549657541,0.9930149269,1.04069002,1.033420725,1.244998838,0.65,0.6751001256,0.5419738894,0
0.486953228,0.8679953124,1.04069002,0.2088563459,0.2505712944,0.8224119173,1.115954864,0.9033140594,0.7,0.625670537,0.6010537048,0
0.5662326415,0.212655789,0.8224119173,0.219182957,0.7156511605,1.055603531,1.234677049,0.1748906552,0.75,0.5286560043,0.7171221939,0
0.6228819651,0.7948414541,1.055603531,0.1735258091,0.9258156567,1.323578217,1.225389436,0.8390374459,0.8,0.45057054,0.7865505174,0
0.6111879722,0.899501919,1.323578217,0.131505528,0.9144782719,1.272952273,1.164087195,1.190561146,0.85,0.4585986313,0.7885549859,0
0.5314981194,0.8005898858,1.272952273,0.1559277395,0.7473139119,0.9566629276,0.7149275148,1.019112715,0.9,0.5246635908,0.7244049937,0
0.4399655315,0.6238201895,0.9566629276,0.1915352763,0.9294472072,0.8484831006,0.7886202482,0.5967856488,0.95,0.5580309334,0.6115691653,0
0.4070607597,0.9999161989,0.8484831006,0.1820780573,0.9999161989,0.8484831006,0.8484119968,0.8484119968,1,0.5417992079,0.4834853701,0
0.1148898532,0.5620066136,0.9264985988,0,0.4295087554,1.331110557,0.792940506,0.5206983401,1,0.2442911052,0.3846588334,0
0.09118905075,0.7835659902,1.331110557,0.1011536019,0.944029151,1.440291474,1.359677137,1.043012962,1,0.2613886944,0.3873902644,0
0.1302528787,0.8871476336,1.440291474,0.1026477318,0.6437739139,1.146806865,0.9282395109,1.277751172,1,0.2525972138,0.3968884199,0
0.1763884493,0.3452180177,1.146806865,0.08709880408,0.5793822912,0.7884863076,1.28222436,0.3958983925,1,0.2445170098,0.4045425115,0
0.1931306229,0.8453497823,0.7884863076,0.07385569525,0.9540883293,1.015981398,1.122358684,0.6665467285,1,0.2508200498,0.4158190254,0
0.1803005597,0.830288772,1.015981398,0.08201081559,0.7432474173,1.396489257,1.142897995,0.8435579473,1,0.2579404426,0.4460542416,0
0.1614327174,0.8624934121,1.396489257,0.09617453142,0.9610639763,1.421253154,1.365915208,1.204462785,1,0.2545425257,0.4968787294,0
0.1568176348,0.9648013484,1.421253154,0.09663280089,0.7575756699,1.065781406,0.9466256782,1.371226959,1,0.2631528294,0.5462877758,0
0.160810828,0.2947703568,1.065781406,0.08791970584,0.6177247417,0.7799500323,1.323245418,0.3141607653,1,0.3094085899,0.5721716668,0
0.1631036761,0.922005865,0.7799500323,0.0921641803,0.9086210273,1.108750568,1.063275055,0.7191185042,1,0.3739273444,0.570782053,0
0.1846645782,0.8796213562,1.108750568,0.1116646345,0.8627734157,1.447081753,1.275163216,0.975280678,1,0.419564611,0.5619214869,0
0.2406045588,0.9978237928,1.447081753,0.126193216,0.9928407465,1.388853995,1.378910837,1.443932604,1,0.4290652922,0.5621012101,0
0.3066197166,0.8796476687,1.388853995,0.1223923464,0.7039143256,0.9873917303,1.168116613,1.221702179,1,0.4133413279,0.5738300488,0
0.3508418526,0.648656614,0.9873917303,0.1067773007,0.8882552345,0.8015653279,1.428296885,0.6404781765,1,0.3996164783,0.5909276729,0
0.3590322685,0.981207301,0.8015653279,0.1012682616,0.9639625993,1.197823636,1.367781219,0.7865017519,1,0.3998535928,0.6190816124,0
0.3391296308,0.9351837977,1.197823636,0.1135052785,0.9358981042,1.482413058,1.38738757,1.120185256,1,0.4069000803,0.6653954677,0
0.3154493317,0.9913628059,1.482413058,0.1243992821,0.997595567,1.345607737,1.342372313,1.469609168,1,0.4187292807,0.722038998,0
0.3062695314,0.8967079132,1.345607737,0.121145563,0.6603888888,0.916679074,1.23958898,1.206617106,1,0.4535632762,0.7662877515,0
0.3133968487,0.59207374,0.916679074,0.1141499585,0.9221163342,0.8466429575,1.426345432,0.5427416078,1,0.5158292244,0.7821536394,0
0.3351300961,0.9981285101,0.8466429575,0.1231309216,0.9521207852,1.278668286,1.381331914,0.8450584738,1,0.5794798541,0.7731902938,0
0.3810338462,0.9671721973,1.278668286,0.1420448399,0.9763062361,1.503028465,1.467416064,1.236692416,1,0.6150809443,0.7625024392,0
0.4467045035,0.9970794163,1.503028465,0.1514032559,0.9699348884,1.294365133,1.2554499,1.498638745,1,0.6144761513,0.7648282628,0
0.5083377631,0.8776887068,1.294365133,0.1432005483,0.7572688174,0.8581295412,1.345979738,1.136049659,1,0.5944134543,0.7808421486,0
0.5417118342,0.7949965874,0.8581295412,0.1297746872,0.9865505035,0.9064130933,1.45690993,0.6822100568,1,0.5808324815,0.8057333192,0
0.5395452407,0.9986041878,0.9064130933,0.1312837018,0.9608117242,1.348748514,1.435075683,0.9051479109,1,0.5816721916,0.8446408041,0
0.5149789256,0.9633981996,1.348748514,0.1449587568,0.9773528318,1.51023211,1.476029629,1.29938189,1,0.5925562009,0.8987562361,0
0.4925718748,0.9995944186,1.51023211,0.1516794818,0.9739846311,1.23803572,1.205827764,1.509619588,1,0.6162367798,0.954713223,0
0.4871505247,0.8709934119,1.23803572,0.1456662672,0.7280369764,0.8150185152,1.40511853,1.078320956,1,0.6652520842,0.9905476993,0
0.5010963181,0.8128204234,0.8150185152,0.1418089937,0.9962826931,0.9729668665,1.436502598,0.6624636946,1,0.7326176915,0.9964166659,0
0.5344143045,0.9924899495,0.9729668665,0.154826102,0.9609016167,1.40705849,1.442104205,0.9656598362,1,0.7898909816,0.9839127168,0
0.5905881239,0.9850447047,1.40705849,0.171976358,0.9949367386,1.5058035,1.498179223,1.386015515,1,0.8137209118,0.9749450872,0
0.6578437387,0.9887766041,1.5058035,0.175922316,0.9490087254,1.179328403,1.119192945,1.488903271,1,0.8041675061,0.9819271834,0
0.7119946112,0.8777111757,1.179328403,0.1647898406,0.8421463856,0.7888535842,1.45170612,1.035109719,1,0.7833896958,1.001611948,0
0.7337752371,0.9132029529,0.7888535842,0.1554146454,0.9993988977,1.040533104,1.434653945,0.7203834225,1,0.7726897318,1.033820427,0
0.7224435436,0.9824149705,1.040533104,0.1625876927,0.9605903224,1.453697663,1.439813713,1.022235299,1,0.7768588662,1.080986191,0
0.6961034045,0.979132302,1.453697663,0.1766990716,0.9933872208,1.491711184,1.481846828,1.423362339,1,0.7917440512,1.139213543,0
0.6772695652,0.9915909401,1.491711184,0.1791762368,0.945055673,1.120544253,1.058976703,1.479167296,1,0.8256889734,1.19089352,1
0.2743252344,0.6876443898,1.120544253,0.4852469575,0.9050918889,0.7792179273,1.332772331,0.7705359692,0,0.4604330344,0.7248181293,0
0.2881043317,0.9981072148,0.7792179273,0.1090701825,0.9157047339,1.105533071,1.321902829,0.7777430351,0.05,0.5281988235,0.7140474393,0
0.3293616394,0.9481279132,1.105533071,0.1281076475,0.9715218166,1.489484509,1.460928702,1.048186764,0.1,0.5695418851,0.6974471242,0
0.3957197559,0.9961723142,1.489484509,0.1392663464,0.973539788,1.469847063,1.430954598,1.48378323,0.15,0.5741406282,0.6915716583,0
0.4625146758,0.8959668983,1.469847063,0.1326662534,0.8349590534,1.063451761,1.166131452,1.316934314,0.2,0.5555679119,0.6996995239,0
0.5035715274,0.8527476164,1.063451761,0.1182351875,0.9764708494,0.7841883387,1.429962181,0.9068559541,0.25,0.5375588363,0.7190438933,0
0.5087658842,0.9999812197,0.7841883387,0.1165578443,0.9513280372,1.166143742,1.422382198,0.7841736115,0.3,0.5304480195,0.7557540475,0
0.4877586605,0.957261221,1.166143742,0.1287145963,0.9742390738,1.515605486,1.476562085,1.116304182,0.35,0.5332149982,0.8114851916,0
0.4624893008,0.999920576,1.515605486,0.1351579168,0.9873686049,1.441805322,1.423593309,1.515485111,0.4,0.5509516911,0.8722287744,0
0.4495011257,0.910581949,1.441805322,0.1290088115,0.8335322912,1.009266572,1.221427834,1.3128819,0.45,0.5974611141,0.9134310542,0
0.4546102118,0.8511583626,1.009266572,0.1228871575,0.9848401214,0.8011488697,1.44182149,0.8590456826,0.5,0.6669533472,0.9224699948,0
0.4806332978,0.9969732735,0.8011488697,0.134530903,0.9524215967,1.221764147,1.452498289,0.7987240112,0.55,0.7304701268,0.9069341759,0
0.5333668701,0.9786077332,1.221764147,0.1527294113,0.9917987174,1.533304797,1.520729731,1.195627843,0.6,0.7623718631,0.8910425967,0
0.6026300732,0.992975323,1.533304797,0.1592119361,0.9716170258,1.40872687,1.368743011,1.522533826,0.65,0.7588291992,0.8891479303,0
0.6637112917,0.9175198995,1.40872687,0.1492295785,0.8814297473,0.958744961,1.269907039,1.292534936,0.7,0.7372679698,0.9030423275,0
0.6947687318,0.9125492835,0.958744961,0.1374888084,0.9985093062,0.8275880047,1.476045054,0.8749020273,0.75,0.7203698247,0.9306725291,0
0.6910683441,0.9926341193,0.8275880047,0.1415334607,0.9601665129,1.272521979,1.482885174,0.8214920902,0.8,0.7160262635,0.9579039007,0
0.666271558,0.9758162949,1.272521979,0.1542750417,0.9898086418,1.543626874,1.527895219,1.241747683,0.85,0.7249819658,0.9866472048,0
0.6427135072,0.9968433028,1.543626874,0.1571939127,0.977334977,1.371224423,1.34014559,1.538754111,0.9,0.7537143918,1.024297496,0
0.6346858797,0.9175756975,1.371224423,0.1494877349,0.8718434478,0.9123848604,0.7954567624,1.258202206,0.95,0.7892093548,1.071543008,0
0.6476049057,0.9183146024,0.9123848604,0.1471617827,0.9183146024,0.9123848604,0.8378563403,0.8378563403,1,0.83069392,1.120068564,0
0.02881641663,0.7506668253,0.974612152,0,0.8621130889,1.404771149,1.371347208,0.7316090101,1,0.2097697806,0.2912957864,0
0.05069434064,0.9776823732,1.404771149,0.06252680058,0.8580574099,1.509171017,1.294955374,1.373419991,1,0.2530134602,0.277553313,0
0.1115817982,0.8069545651,1.509171017,0.06603617104,0.5384260034,1.174838208,1.149065403,1.217832442,1,0.2448401161,0.3173139477,0
0.1715375788,0.6772066978,1.174838208,0.07871272745,0.8565736416,0.8365369521,1.226520278,0.7956083031,1,0.2116958919,0.3889547304,0
0.2104665483,0.9775530902,0.8365369521,0.07447346717,0.902915165,1.149323259,1.086823874,0.8177592826,1,0.210583862,0.4518428085,0
0.2077418913,0.7867966967,1.149323259,0.07535364597,0.6733568126,1.508525881,1.015776179,0.904283744,1,0.2454845837,0.5124085824,0
0.166576226,0.774236004,1.508525881,0.102368478,0.8332331736,1.435639528,1.19622248,1.16795505,1,0.2759261499,0.5860244616,0
0.1285988502,0.9827566942,1.435639528,0.1284811,0.9112487513,1.006393332,1.323000473,1.410884356,1,0.3093768343,0.6533395738,0
0.1490904301,0.214870248,1.006393332,0.1351442502,0.944934425,0.887688648,1.225146471,0.2162439848,1,0.3768846513,0.684122857,0
0.198368356,0.9976782644,0.887688648,0.132447004,0.8871925981,1.325271072,1.254626293,0.8856276697,1,0.4506528117,0.6819093865,0
0.2425197118,0.9354419075,1.325271072,0.1397251425,0.9600084153,1.551135945,1.489103561,1.2397141,1,0.4765098428,0.6923813226,0
0.2861325884,0.9916029831,1.551135945,0.154037336,0.905748612,1.309578221,1.186148656,1.538111031,1,0.4402109143,0.7508515446,0
0.3223886488,0.6328234707,1.309578221,0.1535441244,0.1011017933,0.8762456605,1.460100816,0.8287318351,1,0.3980057424,0.8331250083,0
0.3255747567,0.471499643,0.8762456605,0.1425808135,0.9998942879,1.031171504,1.255223391,0.4131495161,1,0.4293334275,0.9019493292,0
0.281627134,0.8785147618,1.031171504,0.1521650628,0.5252487551,1.468389106,0.7712695499,0.9058993885,1,0.509763274,0.9602657921,0
0.2239990739,0.4236150486,1.468389106,0.1853198333,0.6479100758,1.530052665,1.050447167,0.6220317224,1,0.5685738965,1.027999812,0
0.2385864935,0.9980978184,1.530052665,0.2087575404,0.8718896243,1.151216149,1.003733416,1.527142227,1,0.6017798076,1.095693666,0
0.3247115008,0.4248362852,1.151216149,0.2080264395,0.5680408083,0.837628657,1.493911027,0.4890783923,1,0.6549417228,1.132400637,0
0.4055849034,0.8849377864,0.837628657,0.2028665557,0.9668522499,1.209188451,1.352293205,0.7412492495,1,0.7286592889,1.132958187,0
0.4575845923,0.9211447739,1.209188451,0.2178834782,0.8976717115,1.560507311,1.400823269,1.113837622,1,0.7666025464,1.138862793,0
0.4982428386,0.9873915562,1.560507311,0.2428114444,0.9981889638,1.450659239,1.448032042,1.540831742,1,0.7357327563,1.189993296,0
0.5328529311,0.8729189842,1.450659239,0.2468069214,0.5452427999,0.9913462757,1.341007926,1.266307989,1,0.6813558771,1.274675607,0
0.5368892198,0.2473827381,0.9913462757,0.2316911477,0.9011739341,0.9091920066,1.400183971,0.2452419561,1,0.6939851997,1.352463867,0
0.4910876165,0.9999999997,0.9091920066,0.2332476265,0.8122917139,1.377616861,1.119026761,0.9091920063,1,0.7784699559,1.412352805,0
0.4266042955,0.6472438523,1.377616861,0.2663715075,0.6821789934,1.594269304,1.116920642,0.8916540442,1,0.8571977719,1.476091457,0
0.4266069932,0.9750986328,1.594269304,0.2960667888,0.9941545407,1.325188735,1.317442398,1.554569819,1,0.8994456878,1.546555485,0
0.5114382261,0.7539011641,1.325188735,0.297777232,0.3345159334,0.8722670918,1.51098584,0.9990613297,1,0.9420103659,1.593522754,0
0.6082756208,0.6341965212,0.8722670918,0.2867045159,0.9997208528,1.05492739,1.405190498,0.5531887552,1,1.01240972,1.601034213,0
0.6737032493,0.9583731139,1.05492739,0.2987093476,0.870909293,1.511068676,1.366251386,1.011014048,1,1.066091575,1.599695617,0
0.7159453906,0.9335045602,1.511068676,0.3290110213,0.9762840375,1.57009979,1.532863362,1.4105895,1,1.052106389,1.6370027,1
0.4444659575,0.9974045553,1.57009979,0.3609322848,0.8987816137,1.172289948,1.053632651,1.566024683,0,0.6616147075,1.164996123,1
0.2202668222,0.3202665296,1.172289948,0.3294178342,0.6541575078,0.8373364373,1.426515805,0.3754452334,0,0.2201226392,0.5580974141,0
0.2105039479,0.8598424646,0.8373364373,0.08878949542,0.917946199,1.22481774,1.124316788,0.7199774259,0.05,0.2721335007,0.6271533504,0
0.165194918,0.6448419047,1.22481774,0.09926107385,0.2691688587,1.596939415,0.6154863246,0.7898138041,0.1,0.3537180984,0.6854989918,1
0.1038473743,0.7089313047,1.596939415,0.1459904168,0.9052871468,1.494248303,1.352723783,1.132120343,0,0.3967652708,0.7315798801,0
0.1486654935,0.8027246567,1.494248303,0.1424639387,0.365791208,1.017528702,1.382068536,1.199469956,0.05,0.4444528774,0.7813724165,0
0.2403775134,0.4959607702,1.017528702,0.1458296196,0.9627739766,0.8995165875,1.375294707,0.5046543186,0.1,0.5080595465,0.797300914,0
0.318600539,0.9991822324,0.8995165875,0.1480136835,0.9127986773,1.383931388,1.434866625,0.8987809919,0.15,0.5639134471,0.7915828911,0
0.3728845136,0.94739586,1.383931388,0.1610775506,0.9713111441,1.630883928,1.584095734,1.311130868,0.2,0.5678248789,0.8112859174,0
0.4114820926,0.9942222394,1.630883928,0.1744379893,0.9393520026,1.377429347,1.293891016,1.621461071,0.25,0.5159963307,0.8828846289,0
0.4292918366,0.7289617987,1.377429347,0.1703227313,0.4801468981,0.8940157572,1.501190604,1.004093375,0.3,0.4755134527,0.9748735256,0
0.4085526914,0.5499225739,0.8940157572,0.1596686896,0.9998639998,1.029163844,1.325027606,0.4916394463,0.35,0.5211227424,1.049517989,0
0.3472618239,0.904806477,1.029163844,0.1732140412,0.6516826056,1.512648747,0.9857668771,0.9311941116,0.4,0.6152832456,1.109722113,0
0.2947105225,0.6976467167,1.512648747,0.2068812186,0.8208023798,1.614041718,1.324809284,1.055294432,0.45,0.6862395742,1.17346082,0
0.3307450232,0.9935774405,1.614041718,0.227500148,0.8905960482,1.234115727,1.09909859,1.603675439,0.5,0.7293947887,1.232030535,0
0.4317697063,0.6439110324,1.234115727,0.2243495814,0.6808050073,0.8373087988,1.537805297,0.794660732,0.55,0.7845568309,1.25918406,0
0.5239229369,0.9210348977,0.8373087988,0.2205810699,0.9631219364,1.185212196,1.404595458,0.7711906239,0.6,0.8501000705,1.255090275,0
0.5839269945,0.9122542842,1.185212196,0.2385481138,0.8986719948,1.601120924,1.448248661,1.081214904,0.65,0.8754819762,1.263426017,0
0.6255760441,0.9814245295,1.601120924,0.2636639504,0.9999639631,1.551219581,1.55116368,1.571379349,0.7,0.8346530586,1.321217527,0
0.6521854002,0.9224959804,1.551219581,0.2659233235,0.7409239978,1.082808171,1.311116486,1.430993828,0.75,0.7784942105,1.412517215,0
0.6436000617,0.5309850792,1.082808171,0.2502204481,0.8869788454,0.8661369425,1.471107296,0.5749549826,0.8,0.7960366916,1.495314555,0
0.5883077799,0.996900536,0.8661369425,0.2534420913,0.8481759846,1.337838015,1.185708478,0.8634523823,0.85,0.8869396311,1.570174616,0
0.5246596954,0.7245679919,1.337838015,0.2874197746,0.7512347505,1.645335582,1.245321053,0.9693546038,0.9,0.9730551991,1.61517327,0
0.5321676651,0.9754814612,1.645335582,0.3159867521,0.9991187488,1.449755738,1.448478139,1.604994357,0.95,1.022963504,1.651977466,0
0.6225946537,0.8488093542,1.449755738,0.3161683929,0.6094603552,0.9473490771,0.577371705,1.230566232,1,1.084975909,1.712641156,0
0.7254530057,0.7122108643,0.9473490771,0.3051851263,0.7122108643,0.9473490771,0.674712305,0.674712305,1,1.156814688,1.791785769,0
0.09757666824,0.9699885003,0.885288122,0,0.8501960609,1.35265654,1.41537516,0.8587192977,1,1.500879716,2.725136017,1
0.05703129097,0.7424219135,1.35265654,0.05812686172,0.5978049511,1.630754621,0.9748731867,1.004241857,0,1.755089037,2.793904637,1
0.2426448708,0.3311627249,1.630754621,0.2009628823,0.6440350274,1.406008128,0.9101623663,0.540045144,0,1.625913665,2.159932802,1
0.4740212695,0.4402940448,1.406008128,0.2463693966,0.9194349417,0.9221379492,0.8478458515,0.6190570056,0,1.577979348,2.031739106,0
0.8412378221,0.999684265,0.9221379492,0.5350835101,0.4997151064,1.015502178,0.7967995957,0.9218467979,0.05,1.637699313,1.751082946,1
0.120941354,0.6616355811,1.015502178,0.7243459412,0.5030970812,1.489454905,0.8791619843,0.6718923738,0,1.174064972,1.79140081,1
0.2476803838,0.4858154865,1.489454905,0.1644304776,0.7438203869,1.594826859,1.186264731,0.7236002592,0,1.122122458,1.153107731,1
0.4699775054,0.4368531256,1.594826859,0.2643976911,0.7703912782,1.224534717,0.9433708656,0.6967050981,0,1.33960958,1.442023931,0
0.7595016537,0.9637233658,1.224534717,0.4214282362,0.780539979,0.8498885228,0.8189987714,1.180112719,0.05,1.179814557,1.385506485,1
0.4115572509,0.9516042569,0.8498885228,0.6340880502,0.7841323211,1.189772443,0.9329390275,0.8087575362,0,1.735780232,2.775695098,1
0.2315900297,0.9882797876,1.189772443,0.306574388,0.9590270841,1.572146841,1.5077314,1.175828057,0,1.99896703,3.242397456,1
0.1531242643,0.195493758,1.572146841,0.2193831403,0.3304414297,1.491881423,0.8203072339,0.307344894,0,1.738155739,2.490337885,1
0.376071808,0.3679719696,1.491881423,0.2241048615,0.8037896091,1.033628727,0.8308200305,0.5489705456,0,1.555057044,2.017195104,0
0.7731209652,0.9818078936,1.033628727,0.5384251371,0.7012783253,0.9025835237,0.6923386854,1.014824843,0.05,1.640648265,1.759468237,1
0.2684682004,0.9991680878,0.9025835237,0.6405510725,0.7749139589,1.357788829,1.052169517,0.9018326535,0,1.490278959,2.245890181,1
0.1223387969,0.2352094582,1.357788829,0.2253169697,0.4702484335,1.586519004,0.9503580538,0.3193647749,0,1.221773029,1.566268683,1
0.3574887643,0.3935586392,1.586519004,0.2411798316,0.7012920101,1.331356152,0.9336694322,0.6243882602,0,1.265630586,1.329439522,0
0.643098344,0.9168483987,1.331356152,0.3858715627,0.9394839301,0.8875801231,0.8338672623,1.220651756,0.05,1.1656209,1.252397953,1
0.4881717834,0.8532643225,0.8875801231,0.5106704076,0.8575406053,1.051616308,0.9018036856,0.7573404524,0,1.723105359,2.689677904,1
0.406207677,0.9770843162,1.051616308,0.3404192316,0.9526605191,1.483921875,1.413673784,1.027517802,0,2.169009261,3.476983884,1
0.1044296803,0.5556686315,1.483921875,0.3314346637,0.3499349744,1.52684627,0.8510691359,0.8245688377,0,1.799561611,2.705800704,1
0.2924432755,0.3218351466,1.52684627,0.2047750834,0.7103873694,1.136814724,0.8348029537,0.4913927933,0,1.577504358,2.098948516,0
0.7195765667,0.9527579946,1.136814724,0.5438687246,0.8568534955,0.85431209,0.7320203005,1.083109317,0.05,1.700344658,1.867649895,1
0.3652939184,0.961576174,0.85431209,0.5694863997,0.8292312589,1.23222251,1.021797423,0.8214861509,0,1.591779834,2.393472896,1
0.09474443084,0.9242527323,1.23222251,0.2763003333,0.6977627437,1.545248621,1.078216918,1.138885022,0,1.359166399,1.943978771,1
0.2620379592,0.3190208707,1.545248621,0.2344383555,0.6202744672,1.39766633,0.908236191,0.4929665607,0,1.25029019,1.354128789,0
0.5510149227,0.8557391838,1.39766633,0.3645448699,0.9970577191,0.9536647562,0.9508588067,1.196037844,0.05,1.21443109,1.226863431,1
0.5194589878,0.7618592742,0.9536647562,0.4095221905,0.9218039821,0.9535488859,0.8789851602,0.726558339,0,1.668583607,2.555723882,1
0.5110492634,0.9695843658,0.9535488859,0.3295522834,0.9321894982,1.391025907,1.296699742,0.9245460918,0,2.202884569,3.488132968,1
0.1055698695,0.9538988523,1.391025907,0.406013322,0.8158990012,1.529965063,1.248296967,1.326898016,0,1.866222717,2.91700658,1
0.2243077406,0.2674898429,1.529965063,0.1944569925,0.6189844025,1.216986065,0.8527363212,0.4092501143,0,1.63472024,2.247041455,1
0.419485039,0.4887233122,1.216986065,0.2013768821,0.9820981765,0.8532531576,0.8379783702,0.5947694605,0,1.532155076,2.126717141,1
0.5362755895,0.8706686452,0.8532531576,0.197170168,0.8965230065,1.128312505,1.011558119,0.7429007708,0,1.770871079,2.610788658,1
0.2426726383,0.9856099234,1.128312505,0.3752301063,0.9600715799,1.493840708,1.434194008,1.112076001,0,1.597557293,2.394259452,1
0.1893019734,0.09069699592,1.493840708,0.2772796846,0.4146243285,1.437718995,0.8334059827,0.1354868646,0,1.299252353,1.510330114,1
0.4336701901,0.3944919048,1.437718995,0.2453406387,0.8072193732,1.022266275,0.8266009218,0.567168505,0,1.383381338,1.702761632,0
0.7435017481,0.9940136024,1.022266275,0.4474329412,0.5808902986,0.8934035737,0.8073661849,1.016146582,0.05,1.271656796,1.601445078,1
0.2237943826,0.9991601184,0.8934035737,0.634899305,0.725131606,1.308479969,0.9488201814,0.8926532205,0,1.625002136,2.769013637,1
0.08394151693,0.5125507996,1.308479969,0.1456220995,0.2028814565,1.521838571,0.7787884223,0.6706624544,0,1.726898458,2.753738254,1
0.2459690878,0.3000991454,1.521838571,0.1731288216,0.6303352888,1.281413991,0.8687690435,0.4567024546,0,1.627115544,2.184455066,1
0.4297444407,0.4605086115,1.281413991,0.198722582,0.94494585,0.8782665522,0.8299143337,0.5901021777,0,1.5511371,2.053474711,1
0.5506451351,0.8055997578,0.8782665522,0.1964680181,0.9200603002,1.047344348,0.9636199554,0.7075313217,0,1.725109278,2.528784893,1
0.329498432,0.9777431515,1.047344348,0.3479908104,0.9560159351,1.44650693,1.382883675,1.024033764,0,1.692620494,2.591504308,1
0.1632578727,0.0604050173,1.44650693,0.3307796488,0.3674770097,1.46947006,0.8472374169,0.08737627613,0,1.28212304,1.543349575,1
0.4059756184,0.3786718856,1.46947006,0.243893636,0.7569334037,1.091162576,0.8359688539,0.5564469986,0,1.358967002,1.551425904,0
0.704567556,0.9790850916,1.091162576,0.4293626405,0.7006516463,0.8607349001,0.7628613609,1.068341011,0.05,1.246667963,1.456603097,1
0.293554483,0.9883983542,0.8607349001,0.5869740657,0.7885512299,1.238040428,0.9762583019,0.8507489586,0,1.620963117,2.734727993,1
0.09474796943,0.9343492542,1.238040428,0.20726579,0.7329027526,1.515644649,1.110820135,1.15676215,0,1.756718052,2.904271312,1
0.2115440633,0.2412616283,1.515644649,0.1796165367,0.5636179268,1.344481694,0.8746286625,0.3656668959,0,1.662545292,2.31265735,1
0.4062662304,0.4231325699,1.344481694,0.2026053654,0.8924022487,0.9214222925,0.8222793258,0.5688939942,0,1.581812934,2.05127261,1
0.5469098246,0.736649875,0.9214222925,0.1974782949,0.9448313474,0.9810724375,0.926947993,0.6787656165,0,1.69681301,2.459747916,1
0.4134514211,0.9734834462,0.9810724375,0.3057715881,0.9402817478,1.404712647,1.320825663,0.9550577774,0,1.773926403,2.846966146,1
0.1392727382,0.09149628709,1.404712647,0.3890830966,0.3062553119,1.504879555,0.8491046162,0.1285259916,0,1.262320652,1.904814976,1
0.3845404171,0.3678221762,1.504879555,0.247297557,0.7160371326,1.16973529,0.8452671561,0.5535280728,0,1.343184234,1.673339885,1
0.5947868812,0.5341461125,1.16973529,0.244587699,0.9952608337,0.8494103793,0.8453848822,0.6248095578,0,1.697831416,2.17719341,1
0.6924381566,0.8911997537,0.8494103793,0.2689862914,0.8911997537,0.8494103793,0.7569943208,0.7569943208,0,2.096625424,3.022036615,1
0.3223176426,0.6858506585,0.831405793,0,0.9904289773,1.221173398,1.418455047,0.5702202106,1,0.7579169725,1.178879213,0
0.3286465988,0.9780506621,1.221173398,0.2156715551,0.9270460337,1.443336907,1.338039755,1.194369451,1,0.9005121073,1.150601992,0
0.4427275232,0.9893759226,1.443336907,0.287698894,0.9993967055,1.271771529,1.271004276,1.428002784,1,0.8991039662,1.18952685,0
0.6196012384,0.9102750992,1.271771529,0.2866400258,0.618906713,0.8740965332,1.146472227,1.157661954,1,0.8136120078,1.276608462,0
0.7325097202,0.4283607899,0.8740965332,0.2271140578,0.7906418031,0.8625017901,1.423673115,0.3744286814,1,0.7870356088,1.344569992,0
0.7215263359,0.9351581346,0.8625017901,0.2156841569,0.9899701097,1.25500534,1.349352053,0.806575565,1,0.8538459249,1.407012903,0
0.6240828279,0.9287375679,1.25500534,0.2909540505,0.895343866,1.43354448,1.283515256,1.165570607,1,0.896409873,1.542122241,0
0.5508503998,0.9609009145,1.43354448,0.3470027829,0.9995619251,1.222389554,1.221854056,1.377494201,1,0.8772926727,1.739358813,1
0.2341806026,0.9182731983,1.222389554,0.3852621386,0.4714078716,0.8372366442,1.161938529,1.122487565,0,0.4353312542,1.131949126,0
0.2748744428,0.08527745477,0.8372366442,0.1306280744,0.8696099451,0.8997462353,1.323083627,0.07139741006,0.05,0.6341789588,1.183413442,0
0.2695007933,0.9953814842,0.8997462353,0.1564626039,0.9213130825,1.284239057,1.183186244,0.8955907431,0.1,0.8345830696,1.165365552,0
0.3296276112,0.9434762958,1.284239057,0.2476382335,0.9656339639,1.414711423,1.366093399,1.211649108,0.15,0.9095631813,1.179258978,1
0.2317666584,0.9991241596,1.414711423,0.1810804823,0.9327595832,1.166117052,1.087706855,1.413472362,0,0.5791319298,0.8670868077,0
0.4077524553,0.7316851856,1.166117052,0.2115463664,0.1579536211,0.8069647174,1.291429211,0.8532305716,0.05,0.5040578648,0.9546760708,0
0.4835188829,0.25378743,0.8069647174,0.1459878295,0.9328863183,0.9422001263,1.299988759,0.2047975017,0.1,0.5431152225,1.003325409,0
0.4348608671,0.9992846359,0.9422001263,0.1688146071,0.9192355606,1.307849889,1.202222125,0.9415261101,0.15,0.6369783822,1.070724863,0
0.3311970348,0.761409368,1.307849889,0.250184999,0.782630896,1.386133792,1.084831132,0.995809157,0.2,0.6510797843,1.228136298,1
0.2174743507,0.8444712034,1.386133792,0.2752254813,0.9838582385,1.103699221,1.085883572,1.170550071,0,0.4535723937,1.12124472,1
0.1379815382,0.9867450468,1.103699221,0.1196383818,0.8179784339,0.7865838,1.29820653,1.08906974,0,0.2441935272,0.8027409372,0
0.1645640442,0.6964938043,0.7865838,0.07363284211,0.970982134,0.9885584396,1.306041296,0.5478507433,0.05,0.4614820305,0.8247667165,0
0.1127686771,0.9971663728,0.9885584396,0.1237764297,0.8672953861,1.324601427,1.148820706,0.9857572335,0.1,0.6300110791,0.8036391927,1
0.1086022177,0.9989223929,1.324601427,0.1599452521,0.9851269586,1.347248594,1.32721091,1.323174027,0,0.5518019024,0.6939310441,1
0.1541455167,0.8240541389,1.347248594,0.07231685107,0.5474141589,1.036729485,0.9498834217,1.11020578,0,0.3255987304,0.5140730276,0
0.2913487951,0.5041265425,1.036729485,0.1378973694,0.3612897608,0.7795155179,1.332947297,0.5226428505,0.05,0.2625655261,0.5857715172,0
0.3276646554,0.5029608026,0.7795155179,0.0614420653,0.9784869201,1.03712024,1.313968117,0.3920657505,0.1,0.3438430373,0.6249378212,0
0.255270543,0.9971364377,1.03712024,0.1154172124,0.9138768072,1.333145411,1.218330672,1.034150381,0.15,0.425612583,0.7241053941,0
0.1561921462,0.7371174139,1.333145411,0.1885807105,0.8362260991,1.297836094,1.085284414,0.982684698,0.2,0.4052855945,0.9146251788,0
0.1982667894,0.9941616026,1.297836094,0.1974451801,0.86342925,0.9679764884,0.9584870827,1.290258811,0.25,0.3792909854,1.099552368,0
0.2683997656,0.659979554,0.9679764884,0.1460164204,0.8349519358,0.7884272411,1.215410239,0.6388446911,0.3,0.5348169328,1.188099803,0
0.2523499261,0.9639218941,0.7884272411,0.1425831322,0.8835425195,1.085830678,0.9593775728,0.7599822796,0.35,0.7538168957,1.189533656,0
0.2342070043,0.7362452,1.085830678,0.2324921842,0.7163606466,1.332164087,1.039244946,0.7994376245,0.4,0.8705589379,1.197212625,1
0.2168870375,0.9611451455,1.332164087,0.1737197477,0.9996042019,1.238243628,1.237753533,1.280403045,0,0.6710731659,1.015213818,0
0.4014144874,0.8272976277,1.238243628,0.2478963295,0.4372419381,0.9016836599,1.077101901,1.024396016,0.05,0.5978025349,1.116288372,0
0.5083971414,0.1252471018,0.9016836599,0.1878649508,0.7775454922,0.8143010762,1.258434272,0.1129332651,0.1,0.6179180991,1.178191542,0
0.4876479134,0.9397451906,0.8143010762,0.1867419739,0.9561492017,1.132388506,1.112935065,0.7652355201,0.15,0.7224699849,1.230953987,1
0.1846251524,0.8355726426,1.132388506,0.3345376231,0.7557127154,1.320539849,0.9979487549,0.9461928567,0,0.4515327004,0.8445783224,0
0.1628071128,0.9451275167,1.320539849,0.2028829615,0.9999999983,1.169622946,1.169622944,1.248078548,0.05,0.4055670721,1.04848273,0
0.2588618003,0.876235325,1.169622946,0.1798897276,0.7621478593,0.8436887502,1.160786665,1.024864942,0.1,0.4475415391,1.199673803,0
0.2954015238,0.7816327981,0.8436887502,0.1329984238,0.9981119184,0.855949093,0.9763867799,0.6594547985,0.15,0.6535335187,1.246001343,0
0.2510452112,0.8808868247,0.855949093,0.1847441143,0.4904553149,1.174401956,0.5759916813,0.7539942787,0.2,0.8408774894,1.24066458,0
0.2830802148,0.8311364895,1.174401956,0.2742429757,0.9348491151,1.297535162,1.212999598,0.9760883191,0.25,0.8950665442,1.283069734,1
0.2206918276,0.9959269978,1.297535162,0.1367286942,0.9014268924,1.094175044,0.9863188096,1.292250298,0,0.5687821319,0.9103226429,0
0.3921240395,0.647382257,1.094175044,0.2107062471,0.2164447036,0.8010257277,1.204790711,0.7083495095,0.05,0.5060840393,1.001589217,0
0.4623723483,0.3466455908,0.8010257277,0.14863449,0.9510612432,0.910247931,1.192101752,0.2776720366,0.1,0.5647413609,1.049533994,0
0.4098458197,0.9998445077,0.910247931,0.1789022625,0.8937762482,1.209570958,1.081085793,0.9101063944,0.15,0.6652025493,1.116338319,0
0.3130691102,0.7287519986,1.209570958,0.2600972134,0.7829775514,1.26296581,0.9888738772,0.8814772532,0.2,0.6771931475,1.273786933,0
0.3239370346,0.9906988466,1.26296581,0.2903098746,0.9684444646,1.015391088,0.983349879,1.251218771,0.25,0.6342519403,1.472236236,0
0.4055361335,0.7615014451,1.015391088,0.2523504474,0.7180674882,0.7805597892,1.212502465,0.7732217811,0.3,0.7161724973,1.601443999,0
0.4192162836,0.8651771175,0.7805597892,0.2253980506,0.9691746138,0.9728804293,0.9666510788,0.6753224684,0.35,0.9295234813,1.628003727,0
0.3815052765,0.7930785211,0.9728804293,0.2937054186,0.5835289547,1.235873151,0.8106356168,0.7715705721,0.4,1.094733264,1.626020905,0
0.4556480689,0.9201990418,1.235873151,0.3732556369,0.9882732652,1.21735246,1.203076891,1.137249289,0.45,1.113979555,1.685470709,0
0.6424598231,0.9005184673,1.21735246,0.3851334635,0.6210568152,0.9382467502,0.8906230646,1.096248372,0.5,1.04189425,1.790937234,0
0.7822523113,0.2515138012,0.9382467502,0.336465574,0.6369328315,0.7866812032,1.228074099,0.2359820066,0.55,1.031679017,1.87271415,0
0.7906459195,0.8589293072,0.7866812032,0.3245541512,0.9861816867,1.039152993,1.118606789,0.6757035409,0.6,1.12149515,1.927246358,0
0.6991284554,0.8990396951,1.039152993,0.3966007074,0.8250364856,1.251733087,1.032725467,0.9342397897,0.65,1.186977969,1.914500446,0
0.6377400432,0.9320027565,1.251733087,0.4593381377,0.9947203719,1.162038415,1.155903285,1.166618688,0.7,1.168349943,1.869411513,0
0.6824213756,0.9032250637,1.162038415,0.4545775881,0.6073741188,0.8692145015,0.5279383919,1.049582222,0.75,1.147638731,1.864478627,0
0.7360747329,0.4152981189,0.8692145015,0.411836545,0.4152981189,0.8692145015,0.3609831474,0.3609831474,0.8,1.140662815,1.912174461,0
0.04652836929,0.9824905091,0.9953070787,0,0.9649924575,1.440819541,1.390379989,0.9778797584,1,0.2827898715,0.666617151,0
0.03423245432,0.5154663226,1.440819541,0.04186954914,0.2837314856,1.52357047,0.7370819309,0.7426939502,1,0.4830727754,0.5777251825,0
0.0950088713,0.9575084676,1.52357047,0.100657376,0.9873844962,1.169197754,1.154447736,1.458831626,1,0.6255310242,0.415281656,1
0.05328910061,0.8939926454,1.169197754,0.0470115689,0.9990951211,0.7818505809,1.300886278,1.045254193,0,0.4289365966,0.1196820456,0
0.2510112734,0.9994020034,0.7818505809,0.204926017,0.9972392331,1.078234749,1.495570273,0.7813830369,0.05,0.3383933942,0.1684542864,0
0.3946570549,0.9999993545,1.078234749,0.1460409806,0.9994526754,1.489268545,1.492292978,1.078234053,0.1,0.1747643113,0.1535036962,0
0.4251033744,0.9956593967,1.489268545,0.03981443715,0.9930158385,1.495666876,1.485220897,1.482804221,0.15,0.07385537162,0.09238400358,0
0.3335947535,0.9861660098,1.495666876,0.09577251834,0.9859963189,1.091909831,1.154329932,1.474975835,0.2,0.1409315914,0.2299457988,0
0.1647652225,0.983636597,1.091909831,0.1737220336,0.9980091789,0.7797842416,1.48200336,1.07404247,0.25,0.1255469749,0.4154817337,0
0.04516763202,0.5744960121,0.7797842416,0.1790982016,0.5368157705,1.156367893,1.368671525,0.4479829371,0.3,0.04634235394,0.5270445569,0
0.1302903646,0.9834723915,1.156367893,0.1093258462,0.9980377006,1.522948329,1.519959849,1.137255898,0.35,0.2180237727,0.5190725286,0
0.1172614464,0.9959964269,1.522948329,0.02553477891,0.9893717611,1.458267683,1.442768866,1.516851094,0.4,0.4087827549,0.3994626399,0
0.02426348504,0.6959567328,1.458267683,0.130913855,0.9079651751,1.019616399,0.9257761823,1.014891212,0.45,0.5206088188,0.2297632814,0
0.2137844836,0.9989651308,1.019616399,0.1995454092,0.9916031219,0.7985737157,1.541713358,1.018561229,0.5,0.5116535912,0.1153552026,0
0.4059130746,0.99745245,0.7985737157,0.1936252699,0.9999409438,1.226418251,1.542983935,0.7965393093,0.55,0.389989603,0.1092241336,0
0.5180845445,0.9993467636,1.226418251,0.1145374304,0.9980990379,1.543479333,1.540545238,1.22561711,0.6,0.2138119588,0.09977162335,0
0.5088975696,0.9961958946,1.543479333,0.02758448335,0.9962490364,1.414371223,1.409065968,1.537607775,0.65,0.07766135941,0.2001036189,0
0.3860478145,0.996978525,1.414371223,0.1263773276,0.9997973527,0.9551233152,1.277886725,1.410097736,0.7,0.066942001,0.3934863234,0
0.2058821516,0.9963148168,0.9551233152,0.183946286,0.977508476,0.8318753386,1.545226321,0.9516035108,0.75,0.05451492567,0.5652970366,0
0.05398792588,0.8175867159,0.8318753386,0.1645610092,0.9879509449,1.287155815,1.545167226,0.6801302262,0.8,0.1832287461,0.6418662365,0
0.04533072865,0.9445410141,1.287155815,0.07753557389,0.8584200687,1.552995702,1.333122677,1.215771459,0.85,0.3845202454,0.5944438445,0
0.03056355529,0.6100722336,1.552995702,0.05753687931,0.7773455889,1.366638482,1.062350395,0.9474395567,0.9,0.5574772208,0.4504695393,0
0.1763965895,0.999277994,1.366638482,0.1598701102,0.9849936949,0.9002182537,1.325206082,1.36565176,0.95,0.633572519,0.2799148508,0
0.3802213622,0.9871837007,0.9002182537,0.2063826077,0.9928529823,0.8737671601,1.553456027,0.8886807871,1,0.5851695453,0.1697865761,0
0.5539975228,0.9984848124,0.8737671601,0.1762927287,0.9997709983,1.338779655,1.551756138,0.872443239,1,0.438565023,0.1484173555,0
0.6302967776,0.9988142084,1.338779655,0.08238918396,0.9981447825,1.553774141,1.550891552,1.337192141,1,0.2599904711,0.205871204,0
0.5813640569,0.9986441463,1.553774141,0.05950595536,0.9996781441,1.317148568,1.316724636,1.55166745,1,0.1311246132,0.3656382495,0
0.4329769057,0.9995803434,1.317148568,0.1529197165,0.9920531291,0.8556845528,1.373370318,1.316595818,1,0.1003965002,0.5626608786,0
0.2502401055,0.9700066752,0.8556845528,0.1873695009,0.9847789733,0.9199704333,1.547608216,0.8300197281,1,0.1748962728,0.7097847266,0
0.1130936858,0.9990847488,0.9199704333,0.1446634937,0.9814801822,1.382367529,1.483015615,0.9191284293,1,0.3484526779,0.748225087,0
0.07873191998,0.8820977974,1.382367529,0.05056614116,0.8890430987,1.547899363,1.376149247,1.219383352,1,0.5496478477,0.6661389022,0
0.1622323988,0.996794257,1.547899363,0.09547153958,0.999359066,1.267251047,1.266438823,1.542937196,1,0.6974106302,0.5063823882,1
0.04583395392,0.9958447943,1.267251047,0.1177156754,0.9847228491,0.8215220731,1.415642155,1.261985358,0,0.4386259768,0.04563103714,0
0.2501213266,0.9897718826,0.8215220731,0.2043469389,0.995034684,0.9680430107,1.536706799,0.813119449,0.05,0.3538810853,0.1160585009,0
0.3997145049,0.9969796558,0.9680430107,0.1497556346,0.999652315,1.419399183,1.536953309,0.9651191876,0.1,0.1868582032,0.1112922984,0
0.4380715231,0.9999646692,1.419399183,0.0397237266,0.9999904187,1.536991006,1.536976279,1.419349035,0.15,0.03075251784,0.03840306778,0
0.3531147984,0.9999424526,1.536991006,0.0858914292,0.9999552277,1.217531691,1.217477179,1.536902556,0.2,0.1109287222,0.2166546606,0
0.185071003,0.9996390509,1.217531691,0.1688791068,0.9906898885,0.797328587,1.438886223,1.217092224,0.25,0.1069041239,0.4110486073,0
0.01696850818,0.4753259332,0.797328587,0.17966371,0.6147559386,1.017027758,1.514156347,0.3789909547,0.3,0.02949236691,0.5302086002,0
0.1090973527,0.9993652619,1.017027758,0.1138464272,0.9981643953,1.451351278,1.516204362,1.016382212,0.35,0.2150823214,0.5296385516,0
0.1061272383,0.9962863589,1.451351278,0.01373228045,0.9974215324,1.52201286,1.518088399,1.44596148,0.4,0.4092096312,0.4140500115,0
0.02432793218,0.9483308797,1.52201286,0.1228084579,0.8095590904,1.167896048,1.008048648,1.443371794,0.45,0.5277816049,0.2394104825,0
0.2134958218,0.9815843835,1.167896048,0.1960862144,0.9762935271,0.782737041,1.479257312,1.146388523,0.5,0.5267295564,0.09904911557,0
0.4079431398,0.9884511259,0.782737041,0.1954219326,0.9992087044,1.066929781,1.502352488,0.7736973095,0.55,0.4104599294,0.08152640849,0
0.5266233312,0.9997726827,1.066929781,0.1201030747,0.9998802753,1.479369686,1.502855179,1.06668725,0.6,0.2329348987,0.08685778332,0
0.5253522866,0.9999310018,1.479369686,0.02017904574,0.9999880126,1.503178459,1.50316044,1.479267612,0.65,0.07844570211,0.1991508855,0
0.4083249759,0.9996078799,1.503178459,0.119337413,0.9971037807,1.117766218,1.114528922,1.502589032,0.7,0.04978483425,0.3938521652,0
0.2287417731,0.9865732626,1.117766218,0.181621684,0.9767763821,0.7777818611,1.503543371,1.102758265,0.75,0.05686879297,0.5695357888,0
0.06618111851,0.9506558061,0.7777818611,0.1675378499,0.9951169108,1.118198756,1.451502262,0.7394028422,0.8,0.1863635411,0.6529723593,0
0.03156641955,0.6250646435,1.118198756,0.08396412878,0.6272535,1.504028574,1.071851005,0.6989465069,0.85,0.3855990628,0.612838411,0
0.03861971884,0.9560351748,1.504028574,0.05004762228,0.9995713953,1.479959528,1.47932521,1.43790422,0.9,0.5619193202,0.4732674197,0
0.179244852,0.9840163646,1.479959528,0.1540636927,0.9611474669,1.066382909,1.167083783,1.456304395,0.95,0.6451829559,0.3014580657,0
0.381109481,0.9793881649,1.066382909,0.2053314489,0.9877673566,0.7830820416,1.522245082,1.0444028,1,0.6044732196,0.1841589329,0
0.5584757304,0.9960902396,0.7830820416,0.1803497376,0.9997042976,1.171279851,1.522376804,0.7800203784,1,0.4625282142,0.1414743656,0
0.6420145297,0.9994430769,1.171279851,0.08961521506,0.9988763275,1.525185493,1.523471684,1.170627538,1,0.2830872225,0.2209218464,0
0.6007747595,0.9998360244,1.525185493,0.05395654035,0.9999870205,1.45119706,1.451178224,1.5249354,1,0.1479759037,0.3468238179,0
0.4571780957,0.99750065,1.45119706,0.1482549894,0.9917540408,1.013206552,1.004851692,1.44757001,1,0.08376698952,0.485192837,0
0.2741406461,0.9744782573,1.013206552,0.1875439212,0.9744782573,1.013206552,0.9873477553,0.9873477553,1,0.1886095325,0.6272854031,0
0.06582607062,0.9990953381,0.9159140711,0,0.9830825726,1.173660805,1.237473518,0.9150854785,1,0.2949965381,0.4288427159,0
0.1375871087,0.9940977174,1.173660805,0.08750890174,0.9547843848,1.2431123,1.186904213,1.166733527,1,0.3163823062,0.4019000205,0
0.1982294922,0.8225596469,1.2431123,0.08287076678,0.5674484363,1.043583253,0.7770539093,1.022534015,1,0.3104124133,0.3886045871,0
0.2361476651,0.3080726027,1.043583253,0.07524410694,0.4206600994,0.8332987246,1.219188513,0.3214994088,1,0.2917768069,0.4071163434,0
0.2475312181,0.6238843906,0.8332987246,0.07183328623,0.9895179545,0.9787397948,1.188848502,0.519882067,1,0.2771619899,0.4534468817,0
0.237935955,0.999996626,0.9787397948,0.07589617949,0.9553389825,1.219665931,1.165194409,0.9787364925,1,0.2863020122,0.5151812117,0
0.2227088644,0.985830859,1.219665931,0.08224963872,0.9938425432,1.220177677,1.212664485,1.202384312,1,0.3259108698,0.5735958601,0
0.2208944452,0.9652795101,1.220177677,0.08529714063,0.835803557,0.9794826989,0.8186551237,1.17781251,1,0.383400057,0.6126058454,0
0.2497102095,0.6701193705,0.9794826989,0.09002221577,0.5047092505,0.8332583983,1.097350707,0.6563703296,1,0.4451945191,0.6260468107,0
0.3042613594,0.7260098476,0.8332583983,0.09590792777,0.8903167879,1.04478691,1.167268432,0.6049538028,1,0.4933257047,0.6193218855,0
0.3643426232,0.9136910824,1.04478691,0.09538881908,0.9246502313,1.246597811,1.152666954,0.9546124824,1,0.517118975,0.609484222,0
0.4183269236,0.8690864808,1.246597811,0.09311803388,0.7790297934,1.177800593,0.9175417525,1.083401304,1,0.518416585,0.6119299681,0
0.4551706583,0.6554065896,1.177800593,0.08603049795,0.3701522899,0.9176911826,0.9942898123,0.7719382697,1,0.5110130274,0.6403053599,0
0.47049437,0.3667309264,0.9176911826,0.0808132779,0.7154798759,0.8576760859,1.242474604,0.3365457376,1,0.5121834769,0.6926726784,0
0.4694036334,0.8076089252,0.8576760859,0.08308445673,0.9758326817,1.105805092,1.246974423,0.692666862,1,0.5321177428,0.7525785905,0
0.465608698,0.9707365129,1.105805092,0.08935511488,0.9852660681,1.252282876,1.233831826,1.073445379,1,0.574836154,0.8095679965,0
0.4747988771,0.9418514497,1.252282876,0.09372224823,0.8856100921,1.119565925,0.9914988819,1.179464442,1,0.6339572839,0.850740981,1
0.2182355468,0.450204815,1.119565925,0.42189813,0.7879557928,0.8672780558,1.105185195,0.5040339702,0,0.5521859716,0.8462023696,0
0.28817642,0.9682442226,0.8672780558,0.1594092549,0.9983680091,0.9013759878,1.235418015,0.8397369669,0.05,0.5944581277,0.8080057084,0
0.3648861308,0.996160995,0.9013759878,0.1653771645,0.9733672981,1.155080856,1.124317932,0.8979156009,0.1,0.5976666483,0.7776650155,0
0.4248582398,0.8299853602,1.155080856,0.1646993374,0.6819214244,1.236090054,0.8429162904,0.9587002001,0.15,0.5688224151,0.7749237746,0
0.4572552111,0.3976844921,1.236090054,0.1581728823,0.1236233786,1.050779132,0.9205443418,0.4915738454,0.2,0.5335352324,0.8133903567,0
0.456511031,0.3702052896,1.050779132,0.1551765653,0.7507123974,0.8366968237,1.170687751,0.3890039927,0.25,0.5178797861,0.8830127658,0
0.4319742638,0.8769667725,0.8366968237,0.1592833552,0.9974457931,0.9558888638,1.198854147,0.733755313,0.3,0.5343691976,0.9582075054,0
0.4064928326,0.9735142051,0.9558888638,0.164157227,0.9752392948,1.187548706,1.158144162,0.9305713874,0.35,0.5857748882,1.021049369,0
0.4048280617,0.8104586026,1.187548706,0.1644721036,0.7191991554,1.198976562,0.862302931,0.9624590645,0.4,0.6610312651,1.053890028,0
0.4364096443,0.5513892279,1.198976562,0.1655717303,0.4795332373,0.9786206513,0.9486250286,0.661102761,0.45,0.7349044459,1.049343211,0
0.4970971421,0.7288814743,0.9786206513,0.170170886,0.8562581481,0.8311662071,1.178363068,0.7132984631,0.5,0.7897679536,1.02055337,0
0.5708350325,0.9164384239,0.8311662071,0.1773861196,0.9449503836,1.011943896,1.119131107,0.7617126488,0.55,0.8101491761,0.99170119,1
0.2479939188,0.6910384083,1.011943896,0.4401444667,0.8499264498,1.19979268,1.019735533,0.6992920995,0,0.3851213314,0.6103887507,0
0.2750751978,0.936815335,1.19979268,0.1028633013,0.9232785286,1.143664622,1.055920989,1.123984182,0.05,0.4211027303,0.620115686,1
0.08608327345,0.3175033287,1.143664622,0.2321134278,0.5018931135,0.9120473544,1.060572564,0.3631173244,0,0.1282614817,0.3054881707,0
0.08383025568,0.2774780712,0.9120473544,0.03533806315,0.6385421579,0.8502918036,1.165961936,0.2530731408,0.05,0.1700089168,0.3421228031,0
0.09936317467,0.4690140106,0.8502918036,0.03130965987,0.8660993295,1.061113425,1.148018934,0.3987987689,0.1,0.2169960626,0.3629666053,0
0.1260280562,0.8924576851,1.061113425,0.02878091725,0.9805076463,1.190117358,1.16691917,0.9469988307,0.15,0.2671076292,0.3662910843,0
0.159532288,0.9919011347,1.190117358,0.03744822442,0.9984935083,1.074918196,1.07329884,1.180478758,0.2,0.3097249842,0.3580152366,0
0.2014934711,0.9956803704,1.074918196,0.05275167125,0.9547507726,0.8608868287,0.8219323648,1.070274947,0.25,0.3378153621,0.3525984973,0
0.250167709,0.9019141839,0.8608868287,0.06180504485,0.6890234676,0.8879391109,0.6411150148,0.7764460415,0.3,0.3492600857,0.3629961592,0
0.2944003812,0.5977164705,0.8879391109,0.05756809121,0.5522214587,1.096581183,0.6055556604,0.5307358314,0.35,0.3496792977,0.3939289043,0
0.3269937022,0.5767017448,1.096581183,0.04569942084,0.5805648373,1.158736693,0.6727217797,0.6324002815,0.4,0.3507425049,0.4422367163,0
0.3442851864,0.6464669947,1.158736693,0.0333290982,0.5670648976,0.9998268399,0.7459538059,0.7490850276,0.45,0.3623755905,0.5007441454,0
0.3500970244,0.6089858337,0.9998268399,0.02826056409,0.5198896797,0.8335024363,0.9654100762,0.6088803816,0.5,0.3896340241,0.5583906999,0
0.353675119,0.4746319957,0.8335024363,0.02646237954,0.6992682499,0.9345439337,0.9389672393,0.3956069248,0.55,0.4329055085,0.6015990004,0
0.364898877,0.6686363823,0.9345439337,0.02338736603,0.8232453813,1.113480965,0.9359168711,0.6248700749,0.6,0.4885329009,0.626642229,0
0.3901091665,0.8315655352,1.113480965,0.02826861134,0.8569836341,1.108072655,0.9496001312,0.9259323948,0.65,0.5459012133,0.6340733863,0
0.4308845534,0.8726669063,1.108072655,0.04289641603,0.8016394991,0.9278384222,0.743791928,0.9669783361,0.7,0.5903408204,0.6317253682,0
0.4842877749,0.8048274462,0.9278384222,0.0566134569,0.6435455647,0.8334133078,0.7408573722,0.7467498279,0.75,0.6174056867,0.6327511994,0
0.5403641188,0.6150918723,0.8334133078,0.05981809285,0.6225183475,0.9799774382,0.7215132446,0.5126257519,0.8,0.6274620681,0.6485161837,0
0.5846150394,0.6009916664,0.9799774382,0.04954944801,0.6429996096,1.109138849,0.7131758472,0.5889582736,0.85,0.628254588,0.6833437571,0
0.6128530074,0.6520252978,1.109138849,0.03488963573,0.6001987974,1.043121016,0.6260799792,0.7231865886,0.9,0.6319771208,0.7367224952,0
0.6249878157,0.6270654649,1.043121016,0.02454561757,0.4856624722,0.8699529944,0.7981494983,0.6541051647,0.95,0.6486887455,0.7983472714,0
0.6281044766,0.5009322878,0.8699529944,0.02392618006,0.5754679333,0.8571766468,0.8738769576,0.4357875438,1,0.6823012479,0.8575111601,0
0.633202806,0.5473121864,0.8571766468,0.02422384191,0.7382325941,1.015501448,0.8523652171,0.4691432247,1,0.7333361259,0.9135100344,0
0.6501818043,0.7217689903,1.015501448,0.02568810523,0.7763705226,1.083357267,0.8410866473,0.7329574545,1,0.7928645592,0.9666836974,0
0.6832220369,0.7791123898,1.083357267,0.03678257143,0.7227125207,0.9717659864,0.7023074456,0.844057069,1,0.8508394497,1.017446433,0
0.7329316509,0.7382841084,0.9717659864,0.05226738741,0.7382841084,0.9717659864,0.7174393848,0.7174393848,1,0.9063302454,1.067675,0
0.1319388327,0.956019525,0.8493884752,0,0.9317494145,1.300779337,1.212000386,0.8120319666,1,0.3523547748,0.5151976022,0
0.2131832407,0.608927589,1.300779337,0.1283656124,0.4730310674,1.55310949,0.7968992107,0.7920804256,1,0.2990711372,0.5771034341,0
0.2713819811,0.5614228092,1.55310949,0.07289733895,0.6877591913,1.353513871,0.9308916053,0.8719510926,1,0.3098423965,0.6341138153,0
0.280970425,0.8271381771,1.353513871,0.06378902859,0.9916636701,0.8919410215,0.8845055068,1.119542996,1,0.3941424626,0.6541638389,0
0.265257975,0.9928848008,0.8919410215,0.1009479413,0.7897984251,0.9045086688,1.323023462,0.8855946835,1,0.4849061401,0.6514297779,0
0.2656838099,0.8966931455,0.9045086688,0.1337273931,0.9812213188,1.369110294,1.555793264,0.8110667234,1,0.5161465358,0.6906628816,0
0.3127874278,0.9708872106,1.369110294,0.1501903324,0.9043730184,1.557657618,1.408703522,1.329251675,1,0.4649259323,0.8146280286,0
0.3788680481,0.7153514571,1.557657618,0.1336031669,0.6309432742,1.290605206,0.936342868,1.114272647,1,0.4070376233,0.9569045567,0
0.405082558,0.507142541,1.290605206,0.08995981912,0.8469053278,0.8387776333,0.878171383,0.6545208037,1,0.4878633506,1.041781415,0
0.3585593595,0.9453856284,0.8387776333,0.1100875627,0.7555218423,0.9761176345,0.7374781935,0.7929683199,1,0.64972596,1.078408624,0
0.2819938461,0.4148879565,0.9761176345,0.1952085603,0.5004351824,1.434027187,1.082260199,0.4049794507,1,0.7383019481,1.156085245,0
0.3155268476,0.970573989,1.434027187,0.2500850273,0.9987379946,1.549338478,1.547383205,1.391829488,1,0.7148771922,1.315462497,0
0.4467298721,0.8375835896,1.549338478,0.2393790238,0.6680088045,1.215789198,1.061277803,1.297700484,1,0.6883755826,1.479921709,0
0.5305150518,0.5893395835,1.215789198,0.1935300826,0.8766089369,0.8016366978,1.074836817,0.7165126999,1,0.8022062229,1.567676223,0
0.5203625797,0.9954396199,0.8016366978,0.2146085057,0.7445828185,1.061493313,0.8436124705,0.7979809297,1,0.9794429183,1.599624066,0
0.4837846132,0.5817978732,1.061493313,0.3049649275,0.7360739328,1.49201206,1.316446252,0.617574552,1,1.060935878,1.667385112,0
0.545426065,0.9903566467,1.49201206,0.3594554182,0.9897279188,1.524887798,1.509224027,1.477624061,1,1.017873289,1.813776386,1
0.3309103062,0.7106463766,1.524887798,0.3429828863,0.4478389948,1.129566061,1.139921867,1.083655988,0,0.4614314738,1.080130675,1
0.3026862741,0.2798783628,1.129566061,0.1917398703,0.9589755627,0.7902624673,0.8968010368,0.3161410997,0,0.4086388572,0.8586156327,0
0.2483272694,0.9999560471,0.7902624673,0.09747384078,0.576656222,1.156367047,0.6668262528,0.7902277329,0.05,0.5592664634,0.9015274786,0
0.1769045557,0.2411799512,1.156367047,0.1811261147,0.6148684696,1.538715911,1.244369853,0.2788925481,0.1,0.6080468699,1.016151439,0
0.2496399775,0.9940708828,1.538715911,0.221488395,0.903820904,1.481352873,1.338877692,1.529592684,0.15,0.5582400614,1.200754479,1
0.1849395874,0.4326800792,1.481352873,0.1688526907,0.3064925796,1.035110896,1.080641363,0.6409518783,0,0.2416323151,0.7846699036,0
0.2230110597,0.4982794353,1.035110896,0.05717001917,0.9873408984,0.8130235026,1.039733006,0.5157744725,0.05,0.4082915234,0.8546554691,0
0.1903085349,0.9826210822,0.8130235026,0.09090146953,0.713477093,1.255109066,0.9383291188,0.7988940339,0.1,0.5721260475,0.8898390281,0
0.1717612602,0.8222406843,1.255109066,0.1724631181,0.9477328562,1.569392017,1.487364379,1.032001737,0.15,0.6208696345,0.9827538215,0
0.2880376195,0.9332423298,1.569392017,0.2099618207,0.7694893309,1.416774572,1.090192918,1.464623062,0.2,0.5666299055,1.14079554,1
0.2347333323,0.1823886889,1.416774572,0.1866431337,0.4143023463,0.9396345967,0.9935849406,0.2584036567,0,0.2289173648,0.6924055629,1
0.2357992731,0.5353537331,0.9396345967,0.03961816533,0.9845542004,0.8723230187,0.8680700401,0.5030368891,0,0.3724706534,0.7154790671,1
0.1476798922,0.9974317103,0.8723230187,0.09945180536,0.8100614136,1.351144251,1.094509822,0.8700826405,0,0.3986612486,0.6040840056,0
0.07031906824,0.1182176512,1.351144251,0.1254441944,0.4153088565,1.579460705,0.9462896057,0.1597290999,0.05,0.442322029,0.7332675902,0
0.1665991568,0.9683378541,1.579460705,0.1691969242,0.8274239651,1.33093338,1.101246174,1.52945159,0.1,0.3877903858,0.9256374745,0
0.2897363954,0.621660546,1.33093338,0.1451385353,0.4201758372,0.8557081304,1.354079138,0.8273887715,0.15,0.4140494401,1.07119379,0
0.3281316343,0.6352737051,0.8557081304,0.1015142673,0.9952277687,0.9628293742,1.187272272,0.5436088744,0.2,0.5983083035,1.132238706,0
0.2798504717,0.8559921481,0.9628293742,0.1646648139,0.6468719586,1.437505561,0.9583499355,0.8241743843,0.25,0.7526067836,1.175402397,0
0.2762344481,0.856156458,1.437505561,0.250443877,0.9639420056,1.565136178,1.508700506,1.23072967,0.3,0.7716248259,1.293532485,0
0.4072308484,0.9229114553,1.565136178,0.2723280645,0.7113800519,1.226164884,1.016269857,1.444482107,0.35,0.7136413112,1.454747026,0
0.5238251921,0.3527594882,1.226164884,0.229352049,0.5407021678,0.8010567157,1.278129579,0.4325412968,0.4,0.7575457173,1.5636399,0
0.5297851376,0.8262112955,0.8010567157,0.215546016,0.8842484838,1.073897415,0.9495921605,0.6618421069,0.45,0.925776286,1.607203846,0
0.4537430594,0.4771611955,1.073897415,0.3004809072,0.1543962974,1.507451061,0.8250317684,0.5124221742,0.5,1.040362404,1.680892901,0
0.4503910461,0.7920311078,1.507451061,0.3777438872,0.9464479008,1.524049245,1.442433209,1.193948134,0.55,1.02091965,1.848688593,1
0.2694374473,0.9986466182,1.524049245,0.2238942225,0.8727196516,1.10830432,0.9701072761,1.521986625,0,0.5237220848,1.207962782,1
0.1830065971,0.3711760312,1.10830432,0.1829257509,0.7120818737,0.7934067689,1.345343672,0.4113759987,0,0.2661074374,0.7725951209,0
0.1913105722,0.8485622713,0.7934067689,0.04845694216,0.9610405339,1.193204064,1.243681495,0.6732550498,0.05,0.4658671412,0.8157621803,0
0.1289551195,0.7774435023,1.193204064,0.127601183,0.7201316727,1.555084467,1.119865579,0.9276487464,0.1,0.579780906,0.8761770768,0
0.1850039222,0.9997942266,1.555084467,0.1974973167,0.9419663822,1.455815533,1.371329291,1.554764472,0.15,0.5609172804,1.018353283,0
0.3367097112,0.6960339978,1.455815533,0.1986143677,0.2100584292,0.9878334878,1.293505996,1.013297105,0.2,0.5151605106,1.17051778,0
0.4215598357,0.121129804,0.9878334878,0.1483451897,0.9557584614,0.83993743,1.168404978,0.1196560767,0.25,0.6144808552,1.250362304,0
0.3928577816,0.9942083676,0.83993743,0.166720085,0.6422751257,1.30912358,0.8408175121,0.8350728212,0.3,0.7812285889,1.291080292,0
0.3173693138,0.04140792654,1.30912358,0.2633508588,0.3994923713,1.575924395,0.9522296566,0.05420809305,0.35,0.8472279438,1.399925995,0
0.3655565202,0.9796307604,1.575924395,0.3178966316,0.9873352162,1.36252684,1.345270732,1.543824014,0.4,0.7949899901,1.590848474,0
0.49907603,0.7117844039,1.36252684,0.2957455651,0.1506776266,0.8809748517,1.39787696,0.9698253544,0.45,0.788831836,1.758968547,0
0.5579957186,0.4054008595,0.8809748517,0.2516176353,0.9999516082,0.931709979,1.173921798,0.3571479621,0.5,0.9554693389,1.837738023,0
0.5098179627,0.8645428225,0.931709979,0.2987372604,0.4934319873,1.411786575,0.6966206554,0.805503175,0.55,1.142914111,1.833266149,0
0.4781746782,0.5815111189,1.411786575,0.3930211938,0.794049688,1.567371976,1.244571228,0.820969591,0.6,1.196845407,1.752889044,0
0.5963239612,0.9943302598,1.567371976,0.430245004,0.8776179186,1.249181822,1.09630435,1.558485384,0.65,1.141271727,1.701855844,0
0.7446361087,0.4961565175,1.249181822,0.3934735835,0.333478066,0.8089684606,0.2697732376,0.6197897023,0.7,1.087311533,1.770239277,0
0.7833467938,0.7306309921,0.8089684606,0.3661101197,0.7306309921,0.8089684606,0.5910574289,0.5910574289,0.75,1.049020663,1.903014096,0
0.06346284464,0.9873848671,0.928361293,0,0.9994479166,1.201946238,1.201282664,0.9166498919,1,0.2263099721,0.4504854441,0
0.09298662158,0.8519349474,1.201946238,0.053736259,0.6743304467,1.233287382,0.8316432315,1.023980005,1,0.3411479448,0.3378090702,0
0.0994640086,0.4661156702,1.233287382,0.09182126755,0.6751720642,0.987917734,0.7723598067,0.5748545748,1,0.3909651799,0.1933731766,0
0.178535743,0.9999606222,0.987917734,0.1338185918,0.7254291447,0.7745300981,0.5618667066,0.9878788319,1,0.3399971417,0.1714172197,0
0.2785800657,0.4488167938,0.7745300981,0.1270415081,0.3464049402,0.9767169762,1.033233938,0.3476221153,1,0.214186994,0.2595524468,0
0.3290196733,0.5161241338,0.9767169762,0.07668974844,0.7950006747,1.24386961,1.121811529,0.5041072034,1,0.1058295726,0.3237091157,0
0.2952858854,0.8520875473,1.24386961,0.05694483225,0.9343600629,1.236906438,1.155715977,1.059885805,1,0.1485591455,0.377306227,0
0.1961032062,0.9080388907,1.236906438,0.1113701224,0.9301916116,0.9605880425,1.005468588,1.123159149,1,0.1996359948,0.4529766123,0
0.1017392641,0.4648241373,0.9605880425,0.1372817558,0.7405396502,0.7766577058,1.272710599,0.4465045081,1,0.2263891406,0.5174245917,0
0.1253626073,0.9366174818,0.7766577058,0.1148286919,0.9271466465,1.023768111,0.9491831704,0.7274311847,1,0.2871018744,0.5164053698,0
0.1672441401,0.6980096003,1.023768111,0.07537182728,0.378840219,1.278658089,0.4844071104,0.7145999696,1,0.3725238437,0.4444206158,0
0.177675366,0.1825524843,1.278658089,0.09164638041,0.450946591,1.234757089,0.7675896912,0.2334222107,1,0.415319831,0.3770229321,0
0.2056624454,0.9215293093,1.234757089,0.1351505339,0.9976889664,0.9336098068,0.9314522032,1.137864847,1,0.3788560093,0.4226367431,0
0.2702939674,0.8143231213,0.9336098068,0.1457147049,0.2136040024,0.7852656871,1.187923581,0.7602600519,1,0.2873369356,0.5351139262,0
0.3172950103,0.2707135133,0.7852656871,0.1199247417,0.8443282705,1.067858651,1.276152313,0.212582033,1,0.2491349209,0.6245847685,0
0.3041686917,0.9224068565,1.067858651,0.1026601842,0.9945925305,1.306204271,1.299141012,0.9850001418,1,0.3175906945,0.6814876348,0
0.2323446882,0.9946751312,1.306204271,0.1375242074,0.9957126903,1.227330551,1.222068605,1.299248905,1,0.3869607651,0.7390975777,0
0.1791667623,0.8401377201,1.227330551,0.1722805513,0.5540850501,0.9075483339,0.9832913134,1.031126691,1,0.4204670384,0.7987484816,0
0.2228112671,0.3127358207,0.9075483339,0.1693994717,0.8661302215,0.7989497139,1.151921769,0.283822873,1,0.4591870504,0.8193145817,0
0.2812717682,0.9999721289,0.7989497139,0.1441673303,0.7724628265,1.107970546,0.8558660596,0.7989274463,1,0.5270727867,0.7786391582,0
0.3032815964,0.3853484917,1.107970546,0.1479238533,0.1205346172,1.3266103,0.6985633795,0.4269547787,1,0.576941008,0.72280843,0
0.3124549199,0.5990836962,1.3266103,0.1843343277,0.81934464,1.215051223,0.9955457073,0.794750602,1,0.5569837919,0.7405395755,0
0.3466483026,0.9998735734,1.215051223,0.2056712096,0.863197781,0.8828028256,0.8879012872,1.214897609,1,0.4760749497,0.8445949848,0
0.3857194963,0.4944224865,0.8828028256,0.1936868294,0.5633760785,0.8164078234,1.340012014,0.4364775681,1,0.4248122849,0.9560644581,0
0.3809477516,0.7698626184,0.8164078234,0.1754501801,0.998933019,1.1435642,1.296092327,0.6285218646,1,0.4821133653,1.029443058,0
0.3211027268,0.9832376403,1.1435642,0.1930328904,0.9342578406,1.340073085,1.251973787,1.124395366,1,0.5765478517,1.081030394,0
0.2631013389,0.9863449834,1.340073085,0.2309858231,0.9985320592,1.19823187,1.196472937,1.321774365,1,0.6312386251,1.137411296,0
0.2995910117,0.782155949,1.19823187,0.2450458976,0.3453217468,0.859654626,1.149463339,0.9372041855,1,0.659549928,1.179381316,0
0.3832608598,0.5180191155,0.859654626,0.2281051472,0.9827489767,0.8365830741,1.070883885,0.445317529,1,0.7091083483,1.16939011,0
0.4311808481,0.9463137103,0.8365830741,0.2176983974,0.5840871662,1.174419613,0.685963424,0.7916700328,1,0.7717138648,1.118998451,0
0.4415983032,0.2111038884,1.174419613,0.244612652,0.3530961939,1.346790289,0.8079801064,0.2479245471,1,0.7866977364,1.096638844,0
0.4562083419,0.8251887309,1.346790289,0.2773579102,0.9651026875,1.177058762,1.135982574,1.111356169,1,0.7258633114,1.163628954,0
0.4900967712,0.9455470855,1.177058762,0.2805789928,0.6478098128,0.8383401892,1.115698992,1.112964482,1,0.6467303425,1.284553943,0
0.5024739509,0.2583430034,0.8383401892,0.2607877897,0.8454169359,0.8587061845,1.27232902,0.2165793224,1,0.6533731219,1.38582484,0
0.458253604,0.9819042611,0.8587061845,0.2595132948,0.9350271153,1.200492874,1.122493389,0.8431672616,1,0.7501589723,1.448446496,0
0.3853464385,0.8302710252,1.200492874,0.2933487192,0.8250309475,1.346892547,1.111228034,0.996734449,1,0.8406490087,1.500427068,0
0.3781293723,0.9948921557,1.346892547,0.3247538053,0.9732554982,1.15160966,1.120810433,1.34001283,1,0.8811349762,1.552766738,0
0.4633890548,0.6897565742,1.15160966,0.322434178,0.407430727,0.8191379598,1.218538167,0.7943303338,1,0.9120083104,1.575585927,0
0.5478935655,0.7070160864,0.8191379598,0.303694053,0.993463254,0.8822631424,0.9665833513,0.5791437146,1,0.9694176141,1.54362877,0
0.5804624301,0.8048075414,0.8822631424,0.3107637271,0.3803375283,1.221796005,0.4979720003,0.7100520305,1,1.018056707,1.496656851,0
0.5863560478,0.3504477966,1.221796005,0.346730816,0.5936620586,1.340406135,0.9400484742,0.4281757178,1,0.9986964236,1.508799863,0
0.607325047,0.9496838895,1.340406135,0.3693742257,0.9994399732,1.121905407,1.12127711,1.272962111,1,0.9152374611,1.605767281,1
0.09518798559,0.9271254841,1.121905407,0.5258750715,0.9560995763,0.8024548824,0.767226773,1.040147093,0,0.219232759,0.131531395,0
0.1751139561,0.7558735952,0.8024548824,0.1070617132,0.09911932666,0.9069184799,1.037206702,0.606554457,0.05,0.1152391408,0.2090187113,0
0.2214179056,0.23757212,0.9069184799,0.05524810715,0.6384943175,1.238305246,1.084317064,0.2154585459,0.1,0.07282152084,0.2385930391,0
0.195070892,0.613541695,1.238305246,0.02782762966,0.7944108513,1.327248514,1.054380622,0.7597518993,0.15,0.1594027556,0.2577322805,0
0.1246147547,0.5859417978,1.327248514,0.08876166548,0.8071692765,1.087993939,0.8781952802,0.7776903807,0.2,0.2087205438,0.3020754941,0
0.1121875789,0.8008982746,1.087993939,0.1111031419,0.9992607243,0.7888943574,0.788311147,0.8713724682,0.25,0.2226535873,0.3358284362,0
0.1738605381,0.9777963985,0.7888943574,0.08818970822,0.6298194502,0.9324203987,0.5872565028,0.7713780615,0.3,0.2445754397,0.3107595916,0
0.2088823882,0.5333859358,0.9324203987,0.05368824228,0.5022706179,1.249901097,0.7259722169,0.497339927,0.35,0.2775395701,0.2425048651,0
0.2010921584,0.5578680032,1.249901097,0.07375372364,0.7227799306,1.307257181,0.9448592547,0.6972798291,0.4,0.2756990623,0.2503696433,0
0.1862034295,0.9438662632,1.307257181,0.1116059147,0.9997914163,1.050063744,1.049844718,1.233875951,0.45,0.214219815,0.3766602835,0
0.1975136773,0.8650362017,1.050063744,0.1177732686,0.5129010626,0.7792834538,1.22767805,0.9083431527,0.5,0.139555244,0.5020661885,0
0.2051760725,0.1205607618,0.7792834538,0.09514523029,0.8259586904,0.958507132,1.273245953,0.09395100682,0.55,0.1970384612,0.6017259677,0
0.1711315927,0.8542267302,0.958507132,0.08802807874,0.9836494671,1.256341845,1.28009373,0.8187824133,0.6,0.3094618544,0.6473494041,0
0.1092539749,0.9072417125,1.256341845,0.1219765878,0.8857789407,1.280250138,1.134018611,1.139805727,0.65,0.3809080871,0.6460654408,0
0.1445842386,0.5881524014,1.280250138,0.1482865166,0.3522824721,1.008581871,0.3553057147,0.7529821933,0.7,0.4362853289,0.6336495913,0
0.2421898826,0.7163646241,1.008581871,0.1410616382,0.7163646241,1.008581871,0.7225123726,0.7225123726,0.75,0.4752825442,0.6455866707,0
0.02205009144,0.8268732571,0.9862752315,0,0.8960541999,1.435053215,1.467034434,0.8155246131,1,0.226701844,0.2551634627,0
0.05125958481,0.7393472187,1.435053215,0.0584287385,0.8423355937,1.532968752,1.291274144,1.061002603,1,0.2915913078,0.1955114588,0
0.1319463356,0.9549104878,1.532968752,0.09137452746,0.9697379001,1.194156883,1.158019188,1.463847938,1,0.2995119189,0.1949746187,0
0.2263170344,0.9797581334,1.194156883,0.09941610397,0.9881060487,0.78893781,1.464877671,1.169984918,1,0.2547950785,0.2369249875,0
0.2918485494,0.985961357,0.78893781,0.06845141059,0.9983501397,1.046878696,1.509143446,0.7778621937,1,0.2068052227,0.2637894178,0
0.299461055,0.9963893213,1.046878696,0.02616505506,0.9982881477,1.469505266,1.507395041,1.043098753,1,0.202708901,0.2935439639,0
0.2527971017,0.9858781522,1.469505266,0.07167663171,0.9777795605,1.509565768,1.476022554,1.448753137,1,0.2059524411,0.368567477,0
0.19339843,0.8566409599,1.509565768,0.1070293799,0.7880217214,1.132958394,1.101063624,1.293155869,1,0.1890570563,0.4657951812,0
0.1702025591,0.3619236024,1.132958394,0.09920220735,0.8193224198,0.7788925497,1.155497807,0.4100443835,1,0.2156559486,0.5278113265,0
0.1639288611,0.9166167059,0.7788925497,0.06030158579,0.8392477293,1.103925591,0.9264670453,0.7139459232,1,0.3142938461,0.5329191671,0
0.1399256278,0.5940664944,1.103925591,0.07087493743,0.3409361829,1.495209138,0.7733069416,0.6558052058,1,0.4066721096,0.5180338928,0
0.1549808367,0.8638699739,1.495209138,0.1210279108,0.9512579086,1.481592605,1.409376683,1.291666279,1,0.438630954,0.547998923,0
0.2485967927,0.9707733726,1.481592605,0.1451897088,0.8681312312,1.07546105,1.102065731,1.43829065,1,0.412866591,0.6207084755,0
0.3428931456,0.8080312254,1.07546105,0.1281689339,0.8698826973,0.7818023863,1.480751383,0.8690061103,1,0.3893648037,0.6801477569,0
0.3834755586,0.9653477973,0.7818023863,0.100107151,0.9848612071,1.15710994,1.433903011,0.7547112115,1,0.4187492449,0.7070083277,0
0.3610329371,0.952727012,1.15710994,0.1211284863,0.9465097693,1.514170203,1.43317689,1.102409896,1,0.4606332601,0.7390406362,0
0.3155096756,0.9917578713,1.514170203,0.1667028343,0.9986796474,1.45055224,1.448636999,1.501690218,1,0.4625853208,0.8089168691,0
0.3051543963,0.8512314738,1.45055224,0.1801889833,0.5946364172,1.021980237,1.199544913,1.234755721,1,0.4491649701,0.888950692,0
0.3218496309,0.1855049018,1.021980237,0.1568364572,0.8825067536,0.7953482803,1.1666865,0.1895823435,1,0.4916170122,0.9301805158,0
0.315110254,0.9991442564,0.7953482803,0.1428495502,0.7105323426,1.207093415,0.8576789119,0.7946676661,1,0.5850502588,0.9304539071,0
0.2927757032,0.4344886721,1.207093415,0.1803884805,0.4711620686,1.528062866,0.9439495302,0.524468415,1,0.6509130621,0.9399777052,0
0.3244444331,0.9216507427,1.528062866,0.2193184791,0.9924348749,1.417133409,1.406412618,1.408340275,1,0.6506937636,0.9996951373,0
0.415718066,0.9146569483,1.417133409,0.2237313162,0.6933318204,0.9722956387,1.227543112,1.296190919,1,0.6200491976,1.078888827,0
0.4896756244,0.6382094944,0.9722956387,0.1989326138,0.9264612001,0.8178934737,1.403830896,0.620528308,1,0.6313997398,1.128909967,0
0.5009351939,0.9999997933,0.8178934737,0.1943337898,0.8980488895,1.25493755,1.283310424,0.8178933046,1,0.6888018688,1.151505713,0
0.4641358403,0.8345840208,1.25493755,0.2315218976,0.8748646794,1.537961838,1.34550849,1.047350826,1,0.7265835412,1.190823877,0
0.4407485539,0.9927789427,1.537961838,0.2660455979,0.9891204178,1.381204592,1.366177663,1.526856127,1,0.7172884656,1.263379125,0
0.4616384038,0.7592619784,1.381204592,0.2624694963,0.3601556716,0.926014802,1.301082805,1.048696131,1,0.7148556756,1.3307983,1
0.3764118515,0.5718328087,0.926014802,0.3623484086,0.9820994276,0.8486630423,0.8334714881,0.5295256451,0,0.601349927,1.062187574,0
0.3464392568,0.7543668688,0.8486630423,0.1924961252,0.1987258676,1.301640259,0.7720659282,0.6402032819,0.05,0.6777847335,1.069193837,0
0.3285741622,0.6091708576,1.301640259,0.2344568949,0.8312113555,1.544172306,1.300092788,0.7929213131,0.1,0.7045620645,1.111277791,0
0.3808428496,0.9930714779,1.544172306,0.2530257806,0.9050882174,1.341922848,1.214558559,1.533473474,0.15,0.6864397601,1.188986526,0
0.4626768788,0.6496745606,1.341922848,0.2396183242,0.4746357852,0.8830303216,1.300041059,0.8718131369,0.2,0.684611009,1.253223093,1
0.3876537051,0.7319258338,0.8830303216,0.2871785775,0.9377250495,0.8875785647,0.8323046535,0.6463127044,0,0.6947492258,1.242580757,0
0.3672287495,0.6312639027,0.8875785647,0.2355946021,0.46759642,1.347776598,1.078956488,0.5602963087,0.05,0.772952527,1.247110593,0
0.3695230353,0.8420531364,1.347776598,0.2729207015,0.9718274586,1.546168317,1.502608826,1.134899512,0.1,0.7887657814,1.28057268,0
0.4332831474,0.9167197803,1.546168317,0.2847644025,0.7143288608,1.297952139,0.9271646731,1.41740308,0.15,0.7624525019,1.337220315,0
0.5024912352,0.3518656475,1.297952139,0.2667250679,0.5151160038,0.8440330211,1.116171469,0.4567047699,0.2,0.7641664742,1.376010963,0
0.5174371684,0.86099976,0.8440330211,0.2571803273,0.8413341897,0.9348852159,0.7865508956,0.7267122286,0.25,0.8151761624,1.38925787,0
0.4808045512,0.4183796217,0.9348852159,0.2872212542,0.2722843346,1.393247039,0.9917872433,0.391136923,0.3,0.857369808,1.415440212,0
0.455818252,0.777254345,1.393247039,0.3230919466,0.9424062245,1.54264288,1.453796252,1.082907315,0.35,0.8492868298,1.488797984,0
0.4868810489,0.9400494352,1.54264288,0.3295786815,0.7439650396,1.24778332,0.9283071668,1.450160568,0.4,0.8284606477,1.579706418,0
0.5298529326,0.2902915833,1.24778332,0.3095465765,0.5337371699,0.8110050138,1.176368445,0.3622209954,0.45,0.8653202124,1.635755542,0
0.5313680447,0.910677187,0.8110050138,0.3047941372,0.8077413576,0.9906981365,0.8002278578,0.7385637646,0.5,0.9544744107,1.649099662,0
0.5071090038,0.4273713985,0.9906981365,0.3356115191,0.5067106118,1.437140358,1.092462019,0.4233960481,0.55,1.018939295,1.663502888,0
0.5220359511,0.9099040067,1.437140358,0.3696789647,0.9947781595,1.53166679,1.523668671,1.307659769,0.6,1.01825383,1.710261775,0
0.5910824781,0.8599083673,1.53166679,0.3706384881,0.5861604108,1.190148397,1.024633017,1.317093089,0.65,0.9954138226,1.767931454,0
0.6468936517,0.1696060472,1.190148397,0.3499312417,0.7398744279,0.7875169516,1.030267047,0.2018563652,0.7,1.018318019,1.79848891,0
0.6425168211,0.98301584,0.7875169516,0.3526780795,0.6472421004,1.054576468,0.6825662882,0.7741416378,0.75,1.079295572,1.810180524,0
0.6041495675,0.09251618208,1.054576468,0.3909523478,0.4209098902,1.477718096,1.048631476,0.09756538853,0.8,1.110932204,1.84760634,0
0.6022710165,0.9038316637,1.477718096,0.4200862872,0.9939325562,1.510945921,1.501778342,1.335608405,0.85,1.091619736,1.930243446,0
0.6508394572,0.8559098815,1.510945921,0.415432056,0.5581299787,1.124525059,1.106870125,1.293233545,0.9,1.079837033,2.015703462,0
0.6877527652,0.2442613975,1.124525059,0.3951645936,0.8511430341,0.7785035438,1.03744315,0.2746780624,0.95,1.135097054,2.059159806,0
0.6761753148,0.9989237139,0.7785035438,0.4032850653,0.585805753,1.125215825,0.6591579036,0.7776656513,1,1.223772284,2.057559611,0
0.6546660098,0.366470157,1.125215825,0.4402619048,0.642908265,1.512521674,1.243646739,0.41235802,1,1.269273895,2.009554495,0
0.6856459729,0.9772177015,1.512521674,0.4661710838,0.9935851887,1.478159307,1.468677194,1.478062954,1,1.254977106,1.954389408,0
0.7556831279,0.73858429,1.478159307,0.4566863744,0.335509964,1.051733753,0.3528671536,1.091745242,1,1.223933874,1.940919196,0
0.7936370198,0.2299952224,1.051733753,0.4388027032,0.2299952224,1.051733753,0.2418937384,0.2418937384,1,1.185903104,1.97223607,0
0.1431420976,0.8345293586,0.8792408605,0,0.8881689443,1.080994095,1.067584611,0.7337523113,1,0.4632409797,0.7936317477,0
0.1224731124,0.9911319076,1.080994095,0.1296456185,0.99280738,1.099768658,1.09185844,1.071407739,1,0.6448417591,0.640819467,0
0.2149774541,0.9963241608,1.099768658,0.2016626847,0.9538108809,0.9121819933,0.8700491106,1.095726085,1,0.6997743214,0.4697870432,0
0.4099855847,0.8184375124,0.9121819933,0.2322001457,0.3301127135,0.7659374342,0.7657037615,0.7465639614,1,0.6115880274,0.4118015938,0
0.5695549143,0.1456450083,0.7659374342,0.1855576152,0.5583376103,0.9206468306,0.9961413117,0.111554964,1,0.4448600152,0.4572727421,0
0.6203644688,0.667790148,0.9206468306,0.09694081202,0.8793455,1.121515452,1.047227274,0.6147988833,1,0.3168324154,0.5342961814,0
0.547234456,0.9210255594,1.121515452,0.1122109989,0.963643673,1.108983663,1.06866509,1.032944396,1,0.2994898249,0.681200145,0
0.3956921621,0.9583238691,1.108983663,0.185195929,0.9262284234,0.8940496588,0.8280942059,1.062765514,1,0.3118427399,0.8792771126,0
0.2512463763,0.7314294371,0.8940496588,0.2068580114,0.4796152818,0.7691853093,0.9506196465,0.6539342386,1,0.3834586353,1.030793615,0
0.212704945,0.4833497162,0.7691853093,0.1500636268,0.9202996439,0.9623303348,1.154264561,0.3717855009,1,0.5806069274,1.056573733,0
0.2383462986,0.9998886971,0.9623303348,0.1066760001,0.960165631,1.158036246,1.111906603,0.9622232246,1,0.790640287,0.9604952505,0
0.3222465874,0.9900221477,1.158036246,0.1866025323,0.9997225643,1.115331534,1.115022101,1.146481532,1,0.896755669,0.8374799294,0
0.4979048852,0.9382076661,1.115331534,0.2491877815,0.7199185001,0.877215153,0.6315234172,1.046412595,1,0.864281278,0.8115725476,0
0.6824058153,0.5140572151,0.877215153,0.2403716265,0.2863580869,0.7772027209,1.109947597,0.4509387786,1,0.7437042878,0.8849652415,0
0.7862393053,0.4706588041,0.7772027209,0.17926377,0.8802061767,1.002406811,1.160999044,0.3657973032,1,0.6448608193,0.9842063351,0
0.7704838842,0.9299457949,1.002406811,0.16347877,0.9885751674,1.189950137,1.176355156,0.9321839987,1,0.6245030293,1.103104795,1
0.2631385635,0.4471628612,1.189950137,0.6802265079,0.6448841949,1.118907327,0.7884917662,0.5321015079,0,0.2757269162,0.486974195,0
0.2399160284,0.7378601378,1.118907327,0.119913821,0.9624651043,0.8618427925,0.8294936131,0.8255971142,0.05,0.2877410173,0.5650459531,0
0.2343757296,0.9897814026,0.8618427925,0.1282217891,0.5763591567,0.7885486187,0.6941817211,0.8530359679,0.1,0.3406838497,0.5940620019,0
0.2429016437,0.2093176054,0.7885486187,0.09604250672,0.4471335953,1.039509759,0.9750476339,0.1650571086,0.15,0.4295843061,0.5536647616,0
0.231467574,0.7728146735,1.039509759,0.09950826228,0.9396042653,1.216889122,1.14339421,0.803348395,0.2,0.4965208219,0.5113522913,0
0.2477735866,0.9594173372,1.216889122,0.1613430919,0.8455002341,1.119805736,0.946796012,1.167504521,0.25,0.4932432815,0.5543874926,0
0.3293878001,0.4878677974,1.119805736,0.1853028191,0.2090539089,0.8479660181,1.072432335,0.546317158,0.3,0.4406334643,0.6653648015,0
0.4141928413,0.22385484,0.8479660181,0.1663053673,0.8285343931,0.8019016712,1.215338622,0.1898212973,0.35,0.410272492,0.7621626888,0
0.441159196,0.8363029308,0.8019016712,0.1398956482,0.9899790959,1.072740816,1.238560444,0.6706327179,0.4,0.4368195239,0.8386364227,0
0.4027509269,0.9480327088,1.072740816,0.1601850792,0.9660977227,1.238666544,1.196672927,1.016993381,0.45,0.4758526061,0.9430095246,0
0.3468910175,0.7673381359,1.238666544,0.1963451561,0.6677785964,1.118085729,0.7466337185,0.9504760767,0.5,0.4972014197,1.080698305,0
0.3292899054,0.1311084958,1.118085729,0.2013585603,0.4730353342,0.8355063244,1.053093463,0.146590538,0.55,0.5574191652,1.187452669,0
0.3495884888,0.8247474111,0.8355063244,0.1741149902,0.9615900206,0.8161893108,0.7848394962,0.689081678,0.6,0.6963656788,1.201509193,0
0.3613247832,0.779140462,0.8161893108,0.1705689157,0.5248326571,1.101592145,0.9128345785,0.6359261167,0.65,0.8435518504,1.143085278,0
0.3898730428,0.8179146719,1.101592145,0.226677311,0.9347946945,1.255218336,1.173371441,0.9010083779,0.7,0.9088777672,1.111236347,0
0.4922654166,0.9681331652,1.255218336,0.285336975,0.8398166494,1.113743692,0.935340496,1.215218501,0.75,0.8663735456,1.172773051,0
0.6258649481,0.5348006664,1.113743692,0.2829968433,0.0579363982,0.8243037806,1.12310896,0.5956308689,0.8,0.7881930134,1.289465867,0
0.7052095332,0.3321694261,0.8243037806,0.2512561187,0.9097186789,0.8306425217,1.217020745,0.2738085138,0.85,0.7738868314,1.391493922,0
0.6926692598,0.962584778,0.8306425217,0.2544746306,0.994429,1.125858976,1.240062434,0.7995638473,0.9,0.822799616,1.485968383,0
0.6203848572,0.9997925002,1.125858976,0.3028362572,0.9987128846,1.266548,1.264917807,1.12562536,0.95,0.8623761179,1.613238149,0
0.5687549355,0.8813257973,1.266548,0.3337786676,0.732526242,1.106698693,0.8106858349,1.116241426,1,0.8856280837,1.759743221,0
0.5736292176,0.2642918804,1.106698693,0.3190592152,0.3355964257,0.8141551186,1.125232324,0.2924914787,1,0.9712084147,1.852586993,0
0.5951486422,0.7480595341,0.8141551186,0.2918165119,0.9871410764,0.8447925508,0.9155931289,0.6090364988,1,1.135363835,1.843414872,0
0.6070623269,0.8676428739,0.8447925508,0.3150896144,0.6992063847,1.145552322,0.9901869714,0.7329782367,1,1.28288282,1.779890585,0
0.66389061,0.9003997736,1.145552322,0.378941994,0.9728395535,1.27267994,1.238113385,1.031455052,1,1.322134104,1.768182987,0
0.7969369082,0.9514454079,1.27267994,0.4222536826,0.7995252589,1.096792505,0.8769133117,1.210885485,1,1.252751841,1.846961814,1
0.3966953998,0.2925473815,1.096792505,0.7349823426,0.7481077492,0.8048562023,1.007471113,0.3208637754,0,0.5573439202,0.989708135,0
0.4062502141,0.8456497324,0.8048562023,0.2144820293,0.9972759802,0.8584301769,1.261334171,0.6806264321,0.05,0.6116695184,1.009866231,0
0.4157546397,0.9457187519,0.8584301769,0.2213362976,0.9498724943,1.160818037,1.177710572,0.8118335155,0.1,0.6243059345,1.049768807,0
0.4325956893,0.6938845643,1.160818037,0.224124802,0.6032782696,1.273624978,0.768350273,0.8054737181,0.15,0.6098703809,1.121468825,0
0.4516045967,0.1898592939,1.273624978,0.2144756682,0.350687435,1.083806097,0.8630661613,0.241809539,0.2,0.6226478041,1.180703613,0
0.4488725607,0.660710206,1.083806097,0.2013382374,0.9751336167,0.796246873,0.7764470931,0.7160817493,0.25,0.7060440669,1.184666323,0
0.428721194,0.9731462499,0.796246873,0.20400662,0.6151344687,0.8715455345,1.010010805,0.7748646584,0.3,0.8060800645,1.139580235,0
0.4186756297,0.7034176105,0.8715455345,0.2315144458,0.8963283012,1.171866438,1.252071909,0.6130604773,0.35,0.8531297201,1.119177915,0
0.4693450395,0.9895466073,1.171866438,0.2718798209,0.9025674922,1.269360839,1.145683829,1.159616457,0.4,0.8244391029,1.174521599,0
0.563205313,0.5962675466,1.269360839,0.274814462,0.2837048483,1.067493225,0.8565541094,0.7568786733,0.45,0.7765476974,1.274216346,0
0.6364556458,0.2429721291,1.067493225,0.2572768025,0.6106400412,0.7882567103,1.128324485,0.2593711016,0.5,0.7816990574,1.35656498,0
0.6512107817,0.7952823754,0.7882567103,0.2575266791,0.9972534705,0.8842616335,1.233977307,0.626886669,0.55,0.8321478464,1.417971029,0
0.6223415064,0.9887749952,0.8842616335,0.2884795222,0.9962333037,1.178915624,1.242861206,0.8743357924,0.6,0.8604235745,1.424455827,0
0.5994556124,0.8825021953,1.178915624,0.3131595438,0.7988380773,1.259829321,1.006399633,1.040395627,0.65,0.8611473893,1.410079444,0
0.6063379013,0.4070796795,1.259829321,0.3040666884,0.204858194,1.047630748,0.4666009366,0.5128509163,0.7,0.8991576906,1.418929148,0
0.6092934677,0.4325373895,1.047630748,0.2790140522,0.8910260403,0.7809494402,0.6958462874,0.4531394688,0.75,0.9350657775,1.453911607,0
0.5971285565,0.9996333231,0.7809494402,0.2872347432,0.9996333231,0.7809494402,0.7806630841,0.7806630841,0.8,0.9409745275,1.474476145,0
0.3378839487,0.9920950215,0.9482063381,0,0.9280086535,1.381568548,1.282107568,0.9407107874,1,0.521730211,0.6732938627,0
0.3444486605,0.6860370637,1.381568548,0.1537445265,0.4596105263,1.524469481,0.7006622204,0.9478072301,1,0.5242222989,0.676360773,0
0.3395299671,0.4583997388,1.524469481,0.1948205026,0.6256592397,1.233373582,0.9366633335,0.6988164117,1,0.4406195806,0.7833252726,0
0.3505439415,0.9477861942,1.233373582,0.195387892,0.9835673292,0.8397800334,1.317553898,1.168974453,1,0.3389921198,0.9161669484,0
0.3361078158,0.8775592995,0.8397800334,0.16498039,0.9373387696,1.049581869,1.461390766,0.7369567778,1,0.3976872128,0.9984032417,0
0.2557370585,0.9993371667,1.049581869,0.1680591238,0.9137167456,1.454669289,1.329155689,1.048886171,1,0.5519413589,1.025836618,0
0.1586554821,0.1679442823,1.454669289,0.213987182,0.2149543995,1.49203809,0.822017908,0.2443033897,1,0.639962224,1.040154341,0
0.2312637669,0.9932307737,1.49203809,0.2399967526,0.9482685152,1.125579195,1.067351312,1.481938147,1,0.6394771051,1.057311381,1
0.05987011864,0.4512295629,1.125579195,0.1933227727,0.5062522498,0.8231181238,1.440914157,0.5078946083,0,0.2269674052,0.3495727552,0
0.1453899602,0.501318653,0.8231181238,0.08937908116,0.9719829608,1.157646576,1.476912057,0.4126444691,0.05,0.2399351312,0.2937097337,0
0.179288059,0.9989722289,1.157646576,0.06159895041,0.8996268667,1.502376988,1.351578702,1.156456781,0.1,0.2701617994,0.2376900413,0
0.1737065978,0.6392181065,1.502376988,0.08957348966,0.3926207569,1.432215361,0.790273147,0.9603465734,0.15,0.2457938644,0.2915555913,0
0.171466305,0.5246156606,1.432215361,0.1110075852,0.7592977666,1.016141178,1.051561092,0.7513626075,0.2,0.1464774917,0.4171041561,0
0.1754159614,0.9887621012,1.016141178,0.09575343188,0.8767905657,0.8536350408,1.380147714,1.004721886,0.25,0.1247527586,0.5114335636,0
0.1424655301,0.6958145451,0.8536350408,0.07490418273,0.8589746356,1.26075165,1.479351134,0.5939716776,0.3,0.2726708523,0.5474609771,0
0.06717287985,0.8210579226,1.26075165,0.104450308,0.9717892493,1.52186742,1.478934397,1.035150131,0.35,0.3779082224,0.5574367037,0
0.1168091461,0.9270620821,1.52186742,0.1400611387,0.8318379899,1.347769161,1.12112559,1.410865579,0.4,0.3936980538,0.5739915813,0
0.237328455,0.7023108978,1.347769161,0.134686901,0.2712861396,0.9180903042,1.348900857,0.9465529694,0.45,0.3626611232,0.5906617524,0
0.3092080588,0.1567961561,0.9180903042,0.09639527654,0.9200860376,0.9240876155,1.345020345,0.1439530307,0.5,0.3692380243,0.5915350808,0
0.305948962,0.9955857204,0.9240876155,0.09456755391,0.8804906378,1.34986384,1.188542473,0.9200084344,0.55,0.4080296704,0.6152840386,0
0.2531742861,0.6203220606,1.34986384,0.1459258536,0.5307853863,1.511242461,0.839995282,0.8373503185,0.6,0.3993988385,0.7162122886,0
0.2212116854,0.7723161857,1.511242461,0.1734663532,0.949628665,1.243136574,1.180518125,1.167157013,0.65,0.345438802,0.861869774,0
0.2331507797,0.9453155377,1.243136574,0.1559833835,0.5062742324,0.8480433489,1.323646015,1.175156319,0.7,0.3795879259,0.9718040985,0
0.2269071409,0.2060697095,0.8480433489,0.1336233479,0.9323498535,1.019894219,1.40377156,0.1747560465,0.75,0.5341378445,1.013647995,0
0.2041210487,0.9945396186,1.019894219,0.1687451445,0.8888613514,1.417745453,1.260179139,1.014325208,0.8,0.6662518683,1.017448621,0
0.2699292028,0.977387569,1.417745453,0.2174728193,0.9989689234,1.469666937,1.468151598,1.385686781,0.85,0.7002059149,1.029957415,0
0.4070534831,0.9066013615,1.469666937,0.2254670951,0.682215064,1.125460981,0.9915459066,1.332402046,0.9,0.663241827,1.053629398,0
0.5076505382,0.3864880104,1.125460981,0.1906521361,0.5422240836,0.8225848652,1.415978048,0.4349771752,0.95,0.6469622693,1.070599849,0
0.5219932027,0.7979110407,0.8225848652,0.1803693351,0.9803920729,1.125167041,1.250323741,0.6563495458,1,0.6793063735,1.095418763,0
0.4663585523,0.8579098983,1.125167041,0.2274053968,0.730593711,1.458505529,1.066229945,0.9652919415,1,0.6906284238,1.180433136,0
0.4126391423,0.8251839506,1.458505529,0.2681081885,0.9365767846,1.397836373,1.309181096,1.203535355,1,0.6536210386,1.32535303,0
0.4112709019,0.9766565227,1.397836373,0.2618537332,0.7444673107,1.006101148,1.000435783,1.365206011,1,0.660317902,1.456599137,0
0.4196599182,0.2659724684,1.006101148,0.2339699115,0.6858340775,0.8495819897,1.412535426,0.2675952058,1,0.7900938318,1.519564853,0
0.408947832,0.9538908647,0.8495819897,0.2504436767,0.9411731179,1.225765613,1.231786678,0.8104084988,1,0.9477802468,1.526817494,0
0.4443568495,0.9152353192,1.225765613,0.3031250003,0.9327612655,1.467595038,1.368915805,1.121863982,1,1.019753831,1.531140015,0
0.5678301942,0.9943001381,1.467595038,0.3296975402,0.9237659572,1.298768718,1.199758328,1.459229949,1,0.9961726879,1.553994567,0
0.6955158929,0.6708137358,1.298768718,0.3057364907,0.1764110531,0.9021701487,1.306212007,0.8712318956,1,0.9606246006,1.578512704,0
0.7445967759,0.3425995042,0.9021701487,0.2822661377,0.9669235501,0.9218055354,1.264212579,0.3090830457,1,0.977517984,1.599588858,0
0.7047684784,0.9933333383,0.9218055354,0.3135885861,0.846965953,1.309910219,1.143217853,0.9156601697,1,1.003488031,1.661488609,0
0.6378198517,0.82125276,1.309910219,0.3645035528,0.8826770032,1.442169519,1.272969869,1.075767383,1,0.9820833119,1.790630002,0
0.6158623969,0.9998495401,1.442169519,0.3757893474,0.9397675694,1.178968092,1.107955978,1.44195253,1,0.9631162592,1.937237467,1
0.1100926941,0.1678899926,1.178968092,0.5985284951,0.7750295977,0.8358211574,1.107965294,0.1979369442,0,0.4032770096,0.7313879198,0
0.1182491156,0.9751038981,0.8358211574,0.08835543711,0.9721650753,1.021110919,1.359205858,0.8150124686,0.05,0.5295562696,0.7068328817,0
0.2041722553,0.994653908,1.021110919,0.1407346386,0.9563953114,1.36812561,1.308468919,1.015651966,0.1,0.5691776127,0.6902058239,0
0.3350200588,0.8137089012,1.36812561,0.158810821,0.6553109373,1.381736963,0.905467344,1.113255987,0.15,0.5286827164,0.7047785029,0
0.4387771529,0.4863142951,1.381736963,0.1334259424,0.2601578213,1.050054032,1.126288376,0.6719584371,0.2,0.4729113174,0.7307326282,0
0.4684929508,0.3748960107,1.050054032,0.09898948747,0.8816745139,0.8264243035,1.263663507,0.3936610676,0.25,0.4705633873,0.7674940459,0
0.4237309728,0.9658408631,0.8264243035,0.1325710827,0.950793137,1.127193305,1.25061625,0.7981943626,0.3,0.4907062726,0.847754282,0
0.3480330709,0.9470057261,1.127193305,0.182189354,0.9574553261,1.393332109,1.334053249,1.067458515,0.35,0.4780792125,0.9858986919,0
0.3088652361,0.9913060837,1.393332109,0.1927660363,0.9172311747,1.289056025,1.182362372,1.381218596,0.4,0.4759786966,1.126736622,0
0.313369834,0.5891472124,1.289056025,0.164693353,0.08704553931,0.9306707149,1.22116932,0.7594437638,0.45,0.5787453454,1.207342149,0
0.3170991502,0.451498111,0.9306707149,0.1551594117,0.9657839921,0.8767970992,1.250922389,0.4201960697,0.5,0.7445291206,1.216552622,0
0.3432462665,0.9999999935,0.8767970992,0.2035625227,0.9733187511,1.222545654,1.355445954,0.8767970935,0.55,0.8555924235,1.163862419,0
0.4459705222,0.994946224,1.222545654,0.2492100651,0.9620825488,1.381226001,1.328853431,1.216367182,0.6,0.8631042832,1.075022187,0
0.583049738,0.7844869695,1.381226001,0.2489765806,0.5527625974,1.171339162,0.6474724778,1.083553799,0.65,0.8079920376,1.028157432,0
0.6687529685,0.3068670516,1.171339162,0.2122861787,0.4597516943,0.8466915235,0.3892678625,0.3594453953,0.7,0.7450330359,1.073821899,0
0.6652315126,0.7128078794,0.8466915235,0.2122861913,0.7128078794,0.8466915235,0.6035283894,0.6035283894,0.75,0.6824081519,1.162980159,0
0.2506896008,0.3330976927,0.8589218666,0,0.9077449345,1.339332483,1.63687036,0.286104892,1,0.5283291612,0.930260924,0
0.2703699173,0.9375617137,1.339332483,0.2009690427,0.7395400197,1.638855861,1.211999496,1.255706858,1,0.5106706383,0.9582110901,0
0.3142757037,0.3065542725,1.638855861,0.1768275537,0.2893562647,1.429041831,0.8529147745,0.5023982661,1,0.5294242782,0.9626396334,0
0.3296966704,0.6944711259,1.429041831,0.1679360849,0.9884225316,0.923515426,0.9128234554,0.9924282893,1,0.5831174286,0.9390569801,0
0.3236140172,0.909547896,0.923515426,0.1903398064,0.3146132328,0.9721842051,1.414689733,0.8399815127,1,0.6109719624,0.9183598369,0
0.3376453269,0.741294926,0.9721842051,0.2111084627,0.9839090321,1.473250594,1.609346199,0.7206752184,1,0.5806270428,0.9315315224,0
0.3753147827,0.9226790945,1.473250594,0.2057599051,0.7699802955,1.623575461,1.250121113,1.359337524,1,0.5237904266,0.9688963483,1
0.2602235127,0.2380618184,1.623575461,0.2732543847,0.5209138723,1.274289569,0.8255525287,0.3865113264,0,0.3164958014,0.6193429204,0
0.2242534189,0.7870186857,1.274289569,0.1154810257,0.9722772446,0.8342655787,0.8111374381,1.002889702,0.05,0.3597143429,0.6231950793,0
0.177956957,0.7410107659,0.8342655787,0.1396782649,0.551088269,1.131511511,1.48886326,0.6181997754,0.1,0.3762728168,0.6428068871,0
0.17865813,0.9847995141,1.131511511,0.1476970838,0.9704273705,1.570374632,1.523934525,1.114311987,0.15,0.3552924051,0.6819982452,0
0.216238116,0.6217780379,1.570374632,0.1321010226,0.373148222,1.554342268,0.812938423,0.9764244573,0.2,0.3447228619,0.7164080208,0
0.2347328841,0.219548498,1.554342268,0.1134647011,0.645509912,1.09934901,0.8228360479,0.3412535103,0.25,0.3888030357,0.7229656383,0
0.220771571,0.9420242867,1.09934901,0.123178139,0.7198260952,0.8440059284,0.773089169,1.035613467,0.3,0.4475667666,0.7107458305,0
0.20819138,0.09419061723,0.8440059284,0.1494915208,0.6945691175,1.299714208,1.488154946,0.07949743934,0.35,0.465050435,0.7121896255,0
0.2379723943,0.9965078665,1.299714208,0.1601506167,0.9515827166,1.617790456,1.539461437,1.295175433,0.4,0.4339742193,0.7427286812,0
0.2833952103,0.6524479293,1.617790456,0.1477215486,0.3762581981,1.433484214,0.9535942088,1.055524033,0.45,0.404702598,0.7815758635,0
0.2996102765,0.132289569,1.433484214,0.1338626174,0.7088590839,0.9361886197,0.8736343387,0.1896350088,0.5,0.4291381306,0.8066110277,0
0.275205451,0.9431838515,0.9361886197,0.1470689241,0.7031691242,0.9536911256,0.7650105117,0.882997988,0.55,0.4768510417,0.8289802266,0
0.2442293876,0.5790570425,0.9536911256,0.1750451425,0.7601517768,1.447469687,1.466102675,0.5522415626,0.6,0.4909442502,0.8731328026,0
0.2547335864,0.9998894341,1.447469687,0.18617763,0.9446933427,1.607556683,1.518648097,1.447309646,0.65,0.4719595621,0.9346520065,0
0.290658129,0.5680698226,1.607556683,0.1733645215,0.2292793801,1.271166877,1.099711929,0.9132044398,0.7,0.4813102991,0.9812486086,0
0.303297878,0.3559100746,1.271166877,0.1614968669,0.9480411118,0.8354899303,0.8257942135,0.4524210979,0.75,0.5470427665,0.9935785776,0
0.2861176399,0.9581996055,0.8354899303,0.1788645196,0.253069523,1.120774819,0.9842238093,0.8005661216,0.8,0.6117405139,0.99234944,0
0.2860412225,0.5564515332,1.120774819,0.2081404118,0.8768810803,1.55381253,1.518724849,0.6236568663,0.85,0.6228931279,1.012248082,0
0.3333863844,0.9809267538,1.55381253,0.2168945519,0.8584443233,1.537689382,1.320020721,1.524176281,0.9,0.59184105,1.05633971,0
0.384937184,0.4604240044,1.537689382,0.2025211476,0.1273843469,1.088641854,1.17050598,0.7079891028,0.95,0.5834393106,1.096872921,0
0.3955649278,0.4989969276,1.088641854,0.1960650319,0.9986507233,0.8459378887,0.8447964844,0.5432289405,1,0.6264112515,1.123538221,0
0.3668613673,0.8636312241,0.8459378887,0.2196817382,0.4683919419,1.298065002,1.083161934,0.7305783743,1,0.6683305278,1.159089454,0
0.348127141,0.7918739035,1.298065002,0.2484296828,0.9424770175,1.605147844,1.512814952,1.0279038,1,0.6658561012,1.221594711,0
0.3734235751,0.9388356574,1.605147844,0.2521747744,0.7644439703,1.413292698,1.080383082,1.506970031,1,0.6517523582,1.289921203,0
0.4052584117,0.2572623878,1.413292698,0.2358110191,0.4099771941,0.9233928585,1.164895004,0.3635870542,1,0.6904688161,1.328096116,0
0.4027925568,0.8465472199,0.9233928585,0.2341189889,0.8174221235,0.9643057324,0.7882448395,0.7816956572,1,0.7712014928,1.334681524,0
0.3856247044,0.3406618734,0.9643057324,0.262979457,0.4368674448,1.451532445,1.164345749,0.3285021973,1,0.8220963471,1.343775853,0
0.4088518898,0.9172446127,1.451532445,0.2887546294,0.9983509616,1.594914282,1.592284207,1.331410315,1,0.8115502818,1.380654916,0
0.4711000643,0.8310673073,1.594914282,0.2862901511,0.5375592541,1.248044713,1.129651531,1.325481118,1,0.7845703113,1.42964981,0
0.5135412419,0.01829203363,1.248044713,0.2710137114,0.7847674035,0.8305846552,1.054972886,0.02282927587,1,0.8041191137,1.464500874,0
0.5043241514,0.9881963401,0.8305846552,0.2786324735,0.6656692373,1.13907413,0.7582466075,0.8207807164,1,0.856231294,1.494004781,0
0.472861465,0.5167370152,1.13907413,0.3113093622,0.6747708346,1.559586893,1.302710934,0.5886017662,1,0.8786488389,1.546368409,0
0.475331407,0.9850319863,1.559586893,0.3316904119,0.9887150255,1.52367684,1.506482186,1.536242975,1,0.8624044914,1.621160702,0
0.5111976397,0.6902485161,1.52367684,0.3226798254,0.2424337165,1.066731716,1.308133398,1.051715678,1,0.8702833055,1.68124921,0
0.528656365,0.3590343801,1.066731716,0.3091227208,0.9970047065,0.8552183099,0.9857679104,0.3829933606,1,0.9400993453,1.703033272,0
0.512226562,0.8546033999,0.8552183099,0.3248333259,0.2975860679,1.31929886,0.8723429546,0.7308724753,1,1.017817773,1.707835564,0
0.5100261612,0.5842561586,1.31929886,0.358479074,0.8376644573,1.610264215,1.36782017,0.7708084838,1,1.038104299,1.732659409,0
0.5608023431,0.9930057491,1.610264215,0.3714348765,0.8846332153,1.399377811,1.237936092,1.599001623,1,1.010764422,1.781266969,0
0.6238653524,0.4618902026,1.399377811,0.3583677291,0.2297632114,0.9091047147,1.327758104,0.6463589007,1,1.004463086,1.824742398,0
0.6414019873,0.6964333439,0.9091047147,0.3508434631,0.9328925759,0.9830466299,0.9170769028,0.6331308364,1,1.049223766,1.854058993,0
0.6134110584,0.6515474617,0.9830466299,0.3757816759,0.4251846574,1.471702274,1.025451159,0.6405015365,1,1.092048573,1.894284184,0
0.5944790625,0.8029263588,1.471702274,0.4075076706,0.9462509923,1.599625806,1.513647507,1.181668548,1,1.088820987,1.963285581,0
0.6200873115,0.9394657674,1.599625806,0.4119144019,0.7202345989,1.237851968,1.070801382,1.502793686,1,1.076300279,2.036863838,0
0.6521172875,0.1764452246,1.237851968,0.3950625219,0.695747761,0.8279576493,1.214985371,0.2184130685,1,1.11980587,2.077418074,0
0.6481327424,0.982953674,0.8279576493,0.394750394,0.6662642423,1.158592462,0.7719287286,0.8138440133,1,1.205544693,2.083548963,0
0.6311525057,0.2658358031,1.158592462,0.4258775703,0.5114879842,1.57734378,1.1641138,0.3079953575,1,1.257651617,2.041703093,0
0.6583758226,0.9413461574,1.57734378,0.4524761005,0.9999979111,1.530843879,1.530840681,1.484826506,1,1.245707954,1.984144171,0
0.7257477505,0.7957487329,1.530843879,0.448375046,0.3803009056,1.064072667,0.404667799,1.218167077,1,1.213332655,1.966318928,0
0.7698674615,0.1963503316,1.064072667,0.433164372,0.1963503316,1.064072667,0.208931021,0.208931021,1,1.178166898,2.002912167,0
0.02730825711,0.7257072706,0.8496940226,0,0.09150790023,1.210729326,0.723910738,0.61662913,1,0.3127454674,0.4065424024,0
0.08366263786,0.9609645276,1.210729326,0.08111237591,0.9931843206,1.442679067,1.432846229,1.163467934,1,0.3842831316,0.3558629546,0
0.1937361717,0.999658108,1.442679067,0.1131757079,0.9978790394,1.280470177,1.27775435,1.442185827,1,0.4013220093,0.3106377888,0
0.3022890774,0.9915912133,1.280470177,0.1123416927,0.9120902008,0.9001730604,1.030762058,1.269702976,1,0.3692102665,0.2896011901,0
0.3737238506,0.8619458662,0.9001730604,0.08040224346,0.7201048795,0.9139254011,1.227314096,0.7759004482,1,0.3119632932,0.3119772625,0
0.3888272844,0.7115661911,0.9139254011,0.04716934927,0.8584911343,1.286590985,1.291529965,0.6503184166,1,0.2583439444,0.3901859654,0
0.3521658576,0.9081972803,1.286590985,0.06204086264,0.9551072166,1.420400093,1.356634379,1.168478434,1,0.2339368215,0.4987192916,0
0.2890480509,0.989405501,1.420400093,0.0801706929,0.9913149656,1.173172178,1.162983137,1.405351665,1,0.2663373707,0.5925065548,1
0.030469804,0.7043095545,1.173172178,0.2805674827,0.9923063159,0.8387138246,0.9535985259,0.826276374,0,0.1672349495,0.3904366544,0
0.0522738169,0.9340445905,0.8387138246,0.0295634931,0.4795860657,1.000917256,1.088857759,0.7833961109,0.05,0.2629986377,0.3672572459,0
0.0814176581,0.9036170092,1.000917256,0.05046414522,0.9355231277,1.339813563,1.352690216,0.9044458577,0.1,0.345826265,0.3052404543,0
0.155927832,0.9955474153,1.339813563,0.09507146047,0.9759312376,1.367415407,1.33450341,1.333847929,0.15,0.382455453,0.2390489915,0
0.2575016311,0.9388075611,1.367415407,0.1122146811,0.8393131457,1.057023362,0.8871736028,1.283739923,0.2,0.3626974067,0.2073147346,0
0.343009507,0.8419084957,1.057023362,0.09198710069,0.7070992841,0.823408652,1.263825846,0.8899169483,0.25,0.3027849336,0.2326734056,0
0.3807596773,0.7464478098,0.823408652,0.04323861238,0.8793718667,1.09444065,1.273764538,0.6146315848,0.3,0.2383793409,0.309668239,0
0.3618409075,0.8834728042,1.09444065,0.02100024105,0.9329992007,1.364457418,1.27303768,0.9669085498,0.35,0.2073816811,0.4155975932,0
0.3029670725,0.9254141071,1.364457418,0.05931267018,0.9215343455,1.285827968,1.184934635,1.262688143,0.4,0.2311666286,0.5161078478,0
0.2391716951,0.9134133787,1.285827968,0.06588911373,0.8630252673,0.9464635349,1.088270661,1.174492468,0.45,0.3065610054,0.5775419548,0
0.207273386,0.8777752369,0.9464635349,0.03585920251,0.8868503108,0.8581436121,1.281757682,0.8307822536,0.5,0.4127558637,0.5823266519,0
0.2299191724,0.8952615589,0.8581436121,0.02300691659,0.9479644029,1.180007979,1.286235197,0.768262988,0.55,0.5144015949,0.5372829006,0
0.3055545935,0.9367711553,1.180007979,0.07664219417,0.9416886762,1.356667293,1.277558227,1.105397438,0.6,0.5768691798,0.4712292858,0
0.4124106936,0.9349343937,1.356667293,0.1084681385,0.8925583095,1.18112689,1.05422462,1.268394913,0.65,0.5822574088,0.4218506029,0
0.5145003084,0.8928398626,1.18112689,0.1032678849,0.7486297164,0.8614284454,1.089912336,1.05455717,0.7,0.5376848873,0.4187934506,0
0.5770890193,0.7545216282,0.8614284454,0.0630963244,0.7753456496,0.9316280714,1.179245407,0.6499663932,0.75,0.4719935958,0.4722359912,0
0.5824111651,0.7761603887,0.9316280714,0.006374845317,0.881034352,1.245971881,1.18245749,0.723092806,0.8,0.4224326975,0.5696887815,0
0.5375618369,0.8828563083,1.245971881,0.04610640579,0.9034417242,1.315187473,1.188195239,1.100014135,0.85,0.4185118272,0.6794945545,0
0.4713078784,0.9102235257,1.315187473,0.06783683183,0.8739686862,1.063445281,0.9294178749,1.197114579,0.9,0.4715030234,0.763820952,0
0.4212298797,0.8844171265,1.063445281,0.05114053895,0.7989865673,0.8231480338,1.150866842,0.9405292194,0.95,0.5694086244,0.7958308388,0
0.4175333146,0.7928717941,0.8231480338,0.005952755907,0.8550864166,1.024117802,1.14757401,0.6526508583,1,0.6796360444,0.7717825645,0
0.4713295836,0.8494422092,1.024117802,0.0564176685,0.8970011313,1.283752956,1.151527854,0.8699288881,1,0.76360643,0.712464171,0
0.5697145856,0.9040802519,1.283752956,0.1005539152,0.8902249714,1.242068915,1.105720764,1.160615696,1,0.7946454134,0.6532203796,1
0.2817662302,0.5091626547,1.242068915,0.4317540892,0.7314460462,0.9490253242,1.082973085,0.6324151061,0,0.4750770533,0.7452154968,0
0.3431161341,0.9360041518,0.9490253242,0.1757707339,0.9888506004,0.8426330403,1.273254572,0.8882916436,0.05,0.4555473236,0.758044873,0
0.3732696404,0.9646430661,0.8426330403,0.1524963629,0.9177597968,1.115945453,1.093155092,0.8128401196,0.1,0.455263678,0.7673997359,0
0.3588839899,0.6887641129,1.115945453,0.1532934903,0.5618646371,1.288024044,0.7236951623,0.7686231803,0.15,0.4668872737,0.7869055934,0
0.3245150998,0.296451182,1.288024044,0.1692809539,0.4462252833,1.143587469,0.9111754949,0.3818362504,0.2,0.4728554349,0.8196497442,0
0.3047251284,0.8316998946,1.143587469,0.1708748507,0.986395865,0.8606380655,1.111477326,0.9511215773,0.25,0.4854228243,0.8472505454,0
0.3046836101,0.9777547359,0.8606380655,0.1563457053,0.9566184416,0.9113271913,1.242308813,0.8414929445,0.3,0.5298502362,0.8512547037,0
0.3129492603,0.9981597873,0.9113271913,0.1536963403,0.9308574108,1.191434777,1.109055891,0.9096501554,0.35,0.5945625311,0.8351385161,0
0.3442360685,0.6357630287,1.191434777,0.1758864929,0.457117631,1.257046898,0.5746183,0.7574701821,0.4,0.6389038373,0.8201436274,0
0.4151658547,0.535724596,1.257046898,0.1947063067,0.5689670805,1.031444406,0.9952678593,0.6734309415,0.45,0.6393985556,0.8201380792,0
0.499097005,0.8254020997,1.031444406,0.1878836299,0.8876484623,0.822711342,1.211561303,0.8513563782,0.5,0.6085128348,0.8339121478,0
0.5525859097,0.9047831895,0.822711342,0.1635599843,0.9025184828,1.006983892,1.09929801,0.744375392,0.55,0.5790371166,0.8557074788,0
0.5540905705,0.7658017839,1.006983892,0.1531903567,0.7265427125,1.239614802,0.9006331009,0.7711500609,0.6,0.5689571038,0.8908641887,0
0.5148221961,0.5486002325,1.239614802,0.1670684432,0.5393578922,1.193164394,0.7276201131,0.6800529688,0.65,0.5759418657,0.9403993751,0
0.4679985069,0.6856877169,1.193164394,0.1766435112,0.7986580797,0.9240733033,1.106006012,0.8181381695,0.7,0.6009985758,0.9864782849,0
0.4416306501,0.9541109787,0.9240733033,0.166237092,0.9911046851,0.8476246054,1.224795884,0.8816684839,0.75,0.6575881014,1.005491687,0
0.4459971769,0.972604308,0.8476246054,0.1547658261,0.928789521,1.106166781,1.0701784,0.8244033427,0.8,0.7374771471,0.9923599035,0
0.4850709857,0.7434029075,1.106166781,0.16880574,0.6500232758,1.254074461,0.8151775893,0.8223276015,0.85,0.8038044362,0.964814975,0
0.5627016334,0.6063230987,1.254074461,0.1930107409,0.5708661929,1.103468487,0.8445892471,0.7603743133,0.9,0.8253463381,0.9476047392,0
0.6584007752,0.7682498247,1.103468487,0.197452532,0.7866758745,0.846373501,1.151130698,0.8477394717,0.95,0.8013666529,0.9513752561,0
0.7328531119,0.8575262001,0.846373501,0.1776261531,0.8799934975,0.9251352671,1.076417377,0.7257874522,1,0.7590358368,0.9743144918,0
0.7568606431,0.7917649723,0.9251352671,0.1584621758,0.7955772699,1.190641495,0.9472473097,0.7324896991,1,0.7289066015,0.9867404687,0
0.7292646494,0.6647905207,1.190641495,0.1649501998,0.653466989,1.232831629,0.8056147722,0.7915271792,1,0.723381784,0.9910026986,0
0.6756669272,0.6792981646,1.232831629,0.1797171378,0.7029358187,1.000689276,0.7034203354,0.8374602625,1,0.7453936039,0.9971612266,0
0.6307529903,0.8631068227,1.000689276,0.1771543664,0.9203931868,0.8229516519,0.7574390934,0.8637017414,1,0.7614926855,1.018083963,0
0.6177843783,0.9360554433,0.8229516519,0.1628125228,0.9360554433,0.8229516519,0.7703283733,0.7703283733,1,0.7793839734,1.057157167,0
0.1921477352,0.2250899645,0.8246362219,0,0.4520584425,0.9662906266,0.7338841512,0.1856173379,1,0.5149970075,0.7506596345,0
0.2492669125,0.9157822417,0.9662906266,0.1583574076,0.9794572679,1.093565552,1.071100728,0.8849117962,1,0.499142476,0.8407762175,0
0.3637437365,0.9998089642,1.093565552,0.1352021706,0.9966005125,1.028192877,1.024697549,1.093356642,1,0.4794973963,0.9265969656,0
0.4344595741,0.9893345031,1.028192877,0.09421503385,0.8672073275,0.8584540834,0.7444576715,1.017226689,1,0.5432705657,0.9506935137,0
0.4333524119,0.7366373005,0.8584540834,0.112647977,0.2111719639,0.8518259535,0.4996092383,0.6323692986,1,0.6497653138,0.9270364161,0
0.3926755295,0.2192949087,0.8518259535,0.1820174565,0.6231018722,1.011190741,0.8517089943,0.1868010947,1,0.6922692995,0.9439581952,0
0.3944096255,0.9562822779,1.011190741,0.2349637452,0.9988324672,1.073641197,1.072387685,0.9669837848,1,0.6265625284,1.046941272,0
0.4568114398,0.8895742032,1.073641197,0.2295360116,0.8638126878,0.956028264,0.8776179531,0.9550835121,1,0.5424908503,1.17311479,0
0.4886408749,0.6966354554,0.956028264,0.1853494419,0.9298227028,0.8253356961,0.8821572433,0.6660031851,1,0.5962548456,1.262475189,0
0.4275215489,0.9450062687,0.8253356961,0.1942261371,0.9673888709,0.8997581904,0.88637294,0.7799474065,1,0.7299045961,1.352338409,0
0.3161936035,0.9359636243,0.8997581904,0.2698097308,0.9063937634,1.041303965,0.9952962487,0.8421409369,1,0.7860805927,1.504071279,0
0.3204548517,0.9998059363,1.041303965,0.3125623657,0.9638827477,1.033776486,0.9964393198,1.041101885,1,0.7625745535,1.693371962,0
0.4373200591,0.8516916329,1.033776486,0.2866820306,0.8682040562,0.8885303376,0.9112620314,0.8804587835,1,0.8197813611,1.826094458,0
0.4976406846,0.9250563681,0.8885303376,0.2470155425,0.9873317538,0.8278674288,0.8173798005,0.821940647,1,1.018290245,1.856776174,0
0.4770733472,0.9156513839,0.8278674288,0.295927937,0.6739707003,0.9555004241,0.7846813384,0.7580379569,1,1.201350722,1.846412515,0
0.5052895883,0.8925120749,0.9555004241,0.3836271983,0.9591021566,1.051789341,1.008773425,0.852795666,1,1.241396983,1.896417172,1
0.1378691612,0.5737076302,1.051789341,0.4129180793,0.7598689995,0.9791663879,0.8626281225,0.6034195703,0,0.5986394714,0.8192005327,1
0.05941806115,0.8550348958,0.9791663879,0.08410467742,0.9904901231,0.8396410736,0.9273507808,0.8372214304,0,0.3629657193,0.440568983,0
0.2281708328,0.7923698436,0.8396410736,0.1940771699,0.7173992468,0.8635249192,0.9970204951,0.6653062662,0.05,0.2409929738,0.4260426196,0
0.3012200477,0.7912861713,0.8635249192,0.09745119443,0.937520871,1.007006915,1.0352505,0.6832953271,0.1,0.2665301936,0.4139699996,0
0.2431089088,0.9972356323,1.007006915,0.1013028781,0.9850668753,1.040926129,1.02538185,1.004223178,0.15,0.321998052,0.5206270019,0
0.1252481311,0.6501570121,1.040926129,0.1723208664,0.6443229141,0.918509427,0.9196030066,0.6767654222,0.2,0.2587459111,0.7290577783,0
0.1374819414,0.8652174285,0.918509427,0.1761173694,0.969794942,0.8219687539,1.042038921,0.7947103645,0.25,0.2225743483,0.8908461431,0
0.1884255917,0.9990593821,0.8219687539,0.1084150259,0.9840105608,0.9213622903,0.9731032788,0.8211955954,0.3,0.448481043,0.9355302098,0
0.1393296689,0.9462618643,0.9213622903,0.113781353,0.7997975043,1.04513402,0.8358955807,0.8718499985,0.35,0.6689903816,0.9104460053,0
0.1487839349,0.9930601457,1.04513402,0.2137063238,0.9981408492,1.010201231,1.008323114,1.037880942,0.4,0.7370924779,0.9298090339,0
0.3550699718,0.8187072873,1.010201231,0.2593502669,0.5564648688,0.8637954496,0.7789235748,0.8270591091,0.45,0.6611202319,1.023328549,0
0.5296705948,0.4061321155,0.8637954496,0.2189709751,0.6397251729,0.8410550958,1.049477254,0.3508150733,0.5,0.5950263919,1.124749867,0
0.5782875141,0.7448880654,0.8410550958,0.1616079636,0.9667211881,0.9873882669,1.063703441,0.6264919032,0.55,0.6612828113,1.217577784,0
0.498193722,0.9926979645,0.9873882669,0.2214357224,0.9992769114,1.064158191,1.063388711,0.9801783227,0.6,0.7353903294,1.371545653,0
0.3962238265,0.9976280955,1.064158191,0.2992930703,0.9561120892,0.9643833329,0.9220585632,1.06163411,0.65,0.7310309497,1.594562889,0
0.4068457441,0.7788453189,0.9643833329,0.3042584213,0.5106108439,0.8286795164,0.9211850205,0.7511054445,0.7,0.7620757062,1.784622522,0
0.4623128475,0.6335302771,0.8286795164,0.2505058043,0.9307378865,0.8921570956,1.048974463,0.5249935637,0.75,0.9662378321,1.860987787,0
0.4729727143,0.9956929097,0.8921570956,0.2610446282,0.9653671851,1.049058843,1.012726982,0.8883144945,0.8,1.212082892,1.854588417,0
0.5173324561,0.9883117284,1.049058843,0.3589608602,0.997893881,1.061706912,1.059470831,1.036797158,0.85,1.322275236,1.870434476,1
0.04500944815,0.9298277631,1.061706912,0.4795925627,0.737387222,0.9115100705,0.6721358787,0.987204563,0,0.4904507292,0.5473427529,1
0.09627286217,0.04898264471,0.9115100705,0.07589277716,0.6152019172,0.824443097,1.091240699,0.04464817393,0,0.2067316861,0.1140096146,0
0.207108067,0.2849631381,0.824443097,0.1378842148,0.7133937406,0.9631796651,0.9947563816,0.2349358921,0.05,0.05880531934,0.1573532224,0
0.2404633995,0.7247938883,0.9631796651,0.03991407023,0.9064092897,1.097116783,1.006182723,0.6981067346,0.1,0.117490741,0.2901770018,0
0.1680870028,0.9177521497,1.097116783,0.07260692084,0.9755430093,1.038550032,1.013150223,1.006881286,0.15,0.1514820726,0.5113945733,0
0.04637193926,0.8546331418,1.038550032,0.1250107959,0.9149723724,0.8624846027,1.008059242,0.8875792764,0.2,0.1151447421,0.7228870418,0
0.07349195064,0.9201455402,0.8624846027,0.1055624828,0.999997604,0.8548389076,0.9539662382,0.7936113607,0.25,0.2827548708,0.8391466739,0
0.09801975724,0.9984230695,0.8548389076,0.03032480631,0.8719135253,1.040376785,0.9071185905,0.853490886,0.3,0.529871662,0.8473768368,0
0.09146686562,0.9786990875,1.040376785,0.1130331416,0.9759783391,1.125805468,1.098761751,1.01821581,0.35,0.6932475227,0.8309138647,0
0.2478268881,0.8862927252,1.125805468,0.2045016049,0.703004492,0.9983853335,0.7018693743,0.9977931966,0.4,0.7064596934,0.8876571246,0
0.4491864847,0.4974901387,0.9983853335,0.2226255522,0.2404466472,0.8295969352,1.065162001,0.4966868581,0.45,0.6230614645,0.9995440941,0
0.580735035,0.3271612233,0.8295969352,0.1684966603,0.851138803,0.9142987039,1.132313112,0.2714119481,0.5,0.6014014225,1.107075179,0
0.588286453,0.9101043812,0.9142987039,0.1454319522,0.9981020735,1.112097702,1.131038542,0.8321072562,0.55,0.6813047653,1.226188674,0
0.4990248918,0.9985941832,1.112097702,0.2309426093,0.9990163797,1.13253172,1.131417738,1.110534297,0.6,0.7272875453,1.416510886,0
0.4304338565,0.9346172003,1.13253172,0.2889726071,0.7532581784,0.9476160373,0.7137995301,1.058483625,0.65,0.7226718928,1.643967303,0
0.4569142988,0.4120336475,0.9476160373,0.2701924799,0.4399436359,0.8232724977,1.157889762,0.3904496922,0.7,0.8146763391,1.803744338,0
0.4908306237,0.7514670881,0.8232724977,0.2225179226,0.9972191891,0.9914221752,1.134177736,0.6186621865,0.75,1.053989485,1.846783929,0
0.5014512402,0.990334034,0.9914221752,0.2688213804,0.9434130237,1.169949471,1.103745568,0.9818391222,0.8,1.271921571,1.816728454,1
0.04624033098,0.7509145845,1.169949471,0.4760380664,0.8995540721,1.117437641,1.00519558,0.8785321208,0,0.6102395613,0.6413792073,0
0.2358709009,0.8155876834,1.117437641,0.2174489463,0.490187388,0.8950019457,0.438718666,0.9113683766,0.05,0.5619862988,0.5387873912,0
0.4196371914,0.29937758,0.8950019457,0.1984298666,0.6214870984,0.8479326656,0.526979212,0.2679435166,0.1,0.4888924308,0.5768841065,0
0.4976997408,0.7283237678,0.8479326656,0.1280147,0.7283237678,0.8479326656,0.6175695138,0.6175695138,0.15,0.4233727573,0.721532469,0
0.1859458728,0.8948125975,0.7972516769,0,0.9626567251,1.168667989,1.434017616,0.7133908439,1,0.3032786085,0.290018265,0
0.2229322707,0.9990383039,1.168667989,0.06077260588,0.9882441829,1.435627227,1.418750256,1.167544086,1,0.3387750137,0.2097521827,0
0.2481315966,0.9436217036,1.435627227,0.09557801359,0.8921456571,1.309843175,1.1685709,1.35468901,1,0.3153332804,0.2371112061,0
0.2851167653,0.928127752,1.309843175,0.1066282368,0.9112069711,0.9120824482,1.200340968,1.215701802,1,0.2306851663,0.344819369,1
0.112710413,0.8443701988,0.9120824482,0.2130298234,0.9794983076,0.8253825905,1.180576203,0.7701352381,0,0.0800316276,0.2108262369,0
0.122068823,0.7912055238,0.8253825905,0.05651278991,0.698382966,1.210174055,1.187452713,0.6530472649,0.05,0.1431110468,0.203757323,0
0.09162970369,0.3999922163,1.210174055,0.05705009145,0.6660654899,1.426044655,1.098072341,0.4840602024,0.1,0.2092568979,0.1916033838,0
0.08662001921,0.5667905077,1.426044655,0.09035092503,0.5537537895,1.250242115,0.8647405681,0.8082685737,0.15,0.1937593575,0.2445361158,0
0.151985182,0.6417031827,1.250242115,0.09028802562,0.3562271144,0.8593784409,1.248487197,0.8022843445,0.2,0.1262684352,0.3083484702,0
0.1924915658,0.2215918887,0.8593784409,0.04725168829,0.8576979429,0.8649922519,1.346352127,0.1904312919,0.25,0.1538026988,0.3294280576,0
0.1659008679,0.9268550655,0.8649922519,0.04047404416,0.98087532,1.248559671,1.257414227,0.8017224503,0.3,0.2394281536,0.3482496476,1
0.02640563569,0.7441545569,1.248559671,0.1607082293,0.9175136771,1.406650512,1.290621084,0.9291213689,0,0.1469116806,0.2908771494,0
0.07847623436,0.9351277011,1.406650512,0.08103319687,0.9412235296,1.182153954,1.112671117,1.31539786,0.05,0.100617336,0.4117640684,0
0.1315042353,0.9385877686,1.182153954,0.05443140135,0.9946149359,0.815018915,0.9805582978,1.109555242,0.1,0.1597392262,0.4815841085,0
0.1312738108,0.9999601141,0.815018915,0.01492058755,0.8528447963,0.9147957308,0.9214656291,0.8149864072,0.15,0.2893712931,0.4914329221,0
0.0855417218,0.5233756764,0.9147957308,0.07709223182,0.6643072067,1.282007749,1.059837935,0.4787818343,0.2,0.3718546661,0.49687066,0
0.1168204282,0.9999656138,1.282007749,0.1238758917,0.9453273082,1.376589913,1.301328037,1.281963665,0.25,0.368837169,0.5560908685,0
0.2198253009,0.7320658099,1.376589913,0.1264840186,0.4383110213,1.10722999,0.9645329669,1.00775441,0.3,0.3166018596,0.6416539082,0
0.2859160776,0.2022267545,1.10722999,0.09144754685,0.6212899529,0.7850144629,1.134666868,0.2239115273,0.35,0.3297935973,0.6933985579,0
0.2767759891,0.8047253982,0.7850144629,0.08480489363,0.9503185458,0.9724905935,0.9539332772,0.6317210762,0.4,0.4198122739,0.715123019,0
0.2090904787,0.7099454435,0.9724905935,0.1450539391,0.4777428803,1.308645417,0.8420463583,0.6904152657,0.45,0.4740236442,0.774017802,0
0.1873771009,0.7972529251,1.308645417,0.1891541039,0.9460475853,1.33546112,1.263409768,1.043321386,0.5,0.4506863324,0.8955136774,0
0.2605032818,0.9492445945,1.33546112,0.1835017066,0.8271424193,1.028376724,1.032326863,1.267679249,0.55,0.4275648772,1.017402763,0
0.3125280791,0.7170582635,1.028376724,0.1472559416,0.9514314203,0.7751276891,0.9561728839,0.737406028,0.6,0.5169138823,1.075758128,0
0.2937004607,0.9971359274,0.7751276891,0.1554369176,0.6316371083,1.03505404,0.653778541,0.7729076671,0.65,0.6546514052,1.079709671,0
0.2596329815,0.2077270845,1.03505404,0.2159267968,0.4887340136,1.326719567,0.9458442869,0.2150087581,0.7,0.7240077099,1.0971089,0
0.3231935296,0.9822112425,1.326719567,0.2528149922,0.9917187842,1.283492451,1.272863573,1.303118875,0.75,0.6984215754,1.167851136,0
0.4361714489,0.7664543997,1.283492451,0.2407905792,0.4762967932,0.9500164672,1.098907583,0.9837384358,0.8,0.6571311506,1.247257698,0
0.4923027955,0.3274418549,0.9500164672,0.2092599057,0.922900451,0.7889498694,1.030118725,0.3110751542,0.85,0.7001393648,1.287701557,0
0.4592259488,0.9998481325,0.7889498694,0.2287759039,0.7261942624,1.099110497,0.7981677369,0.7888300536,0.9,0.7880837895,1.314004686,0
0.3953366733,0.4379942629,1.099110497,0.2893665137,0.5508881995,1.334774937,0.9453721369,0.4814040921,0.95,0.8181561669,1.391303414,0
0.4078253391,0.9457716983,1.334774937,0.3201969652,0.9999585166,1.221695325,1.221644645,1.262392359,1,0.7827113069,1.520652238,0
0.4817442626,0.8566284532,1.221695325,0.2999111523,0.7116575987,0.8782235329,1.149731862,1.046538977,1,0.7874889171,1.630411529,0
0.5135794123,0.7387539402,0.8782235329,0.2722148272,0.9979061112,0.8263589312,0.9127312191,0.6487910953,1,0.9016705486,1.66990242,0
0.4807696813,0.8404991105,0.8263589312,0.3017989438,0.3470247401,1.161278841,0.4986197909,0.6945539466,1,1.031121112,1.670686348,0
0.469099991,0.5163027727,1.161278841,0.3612313601,0.7496760193,1.331814394,1.071177563,0.5995714854,1,1.072098079,1.703151345,0
0.5561999919,0.9999395578,1.331814394,0.3832560205,0.9396850025,1.151983521,1.082501638,1.331733896,1,1.029857063,1.782581452,0
0.6636914061,0.6344344644,1.151983521,0.3589191909,0.4949591834,0.820454181,1.183734676,0.7308580482,1,1.009003921,1.853214644,0
0.6952318915,0.6759525022,0.820454181,0.3391350006,0.9921892397,0.8835491664,0.9535112286,0.5545880566,1,1.075438834,1.884339984,0
0.6426586121,0.8275858964,0.8835491664,0.376879577,0.4782526019,1.218457315,0.724924398,0.7312128289,1,1.153781649,1.920220554,0
0.5945287785,0.5772151097,1.218457315,0.4340719898,0.7819774293,1.317423958,1.031591917,0.7033119729,1,1.158841512,2.016535482,0
0.6337916846,0.9997934986,1.317423958,0.4485646081,0.9471678329,1.077248073,1.020334723,1.317151908,1,1.122626718,2.148514437,0
0.7027938472,0.7089502602,1.077248073,0.4189871448,0.7627532083,0.7843878144,1.156575955,0.7637153019,1,1.160201764,2.240477664,0
0.7124798947,0.9335931839,0.7843878144,0.405866733,0.8751632846,0.9545106442,0.8353526706,0.7322991171,1,1.292180608,2.262315736,1
0.3440128694,0.6203443144,0.9545106442,0.4666772668,0.320838962,1.268036645,0.7598516537,0.5921252511,0,0.8613724179,1.340546094,0
0.3646159915,0.8181791103,1.268036645,0.2991430415,0.949745432,1.291849223,1.226927898,1.037481094,0.05,0.8775159581,1.384379964,0
0.4785057119,0.9345473802,1.291849223,0.3084697519,0.7144664518,1.001367467,0.9377300192,1.207294307,0.1,0.8270009582,1.466160473,0
0.5759893714,0.351786899,1.001367467,0.2779124276,0.6936205405,0.7756373801,1.197237834,0.3522679558,0.15,0.8223515009,1.526425093,0
0.584199875,0.9115581958,0.7756373801,0.269252658,0.918989961,1.032755162,0.9490916265,0.7070386108,0.2,0.8986950596,1.552921536,0
0.518936384,0.6824972205,1.032755162,0.3192482983,0.5310482131,1.30804378,0.8463474208,0.7048525279,0.25,0.9606704665,1.603999519,0
0.4808524382,0.7952419411,1.30804378,0.3700199291,0.9404618714,1.256014776,1.181234007,1.040211275,0.3,0.9464058651,1.718098476,0
0.5310129601,0.9587185327,1.256014776,0.370913968,0.7672474564,0.9291048137,1.064960102,1.204164643,0.35,0.9194864836,1.848128263,0
0.5869179427,0.5710784116,0.9291048137,0.3377459047,0.9267633155,0.7953111107,1.069136596,0.5305917012,0.4,0.9916956981,1.921737279,0
0.5779070335,0.996457136,0.7953111107,0.3385284347,0.6905451031,1.112446638,0.7681945781,0.7924934316,0.45,1.134726461,1.93695901,0
0.5459943829,0.3941254727,1.112446638,0.3935457117,0.4826560188,1.337220081,0.8754829809,0.4384435569,0.5,1.224470258,1.871366107,0
0.5968494876,0.9395116232,1.337220081,0.4371729407,0.9997996865,1.211483329,1.211240653,1.256333809,0.55,1.211911846,1.767204701,0
0.7158848449,0.8238297459,1.211483329,0.4311238588,0.4878984818,0.8657938935,0.4224195262,0.9980560034,0.6,1.161480931,1.704529726,0
0.7913672207,0.3915786515,0.8657938935,0.400233429,0.3915786515,0.8657938935,0.3390264053,0.3390264053,0.65,1.092583201,1.720159734,0
0.2150574608,0.6814086814,0.863859446,0,0.9013882255,1.327154073,1.527559458,0.588641326,1,0.2877919542,0.4336520414,0
0.2217089759,0.9969078563,1.327154073,0.08978591998,0.97784316,1.555941503,1.521466756,1.323050322,1,0.3080604383,0.3681097855,0
0.2019092644,0.7748248577,1.555941503,0.1053004269,0.630533729,1.333670195,0.9053227817,1.205582154,1,0.3013744403,0.3234647004,0
0.1889460698,0.599290132,1.333670195,0.1194313229,0.9113216524,0.8692627218,0.79217794,0.7992553875,1,0.2444011552,0.3433982185,0
0.1959524491,0.992983146,0.8692627218,0.1076894669,0.4564148524,0.9058441312,1.093634753,0.8631632322,1,0.177414667,0.3889348601,0
0.1904444197,0.4123584422,0.9058441312,0.08079494169,0.7664699283,1.37160774,1.438436193,0.3735324749,1,0.1898044897,0.4113053831,0
0.1518012343,0.9566836463,1.37160774,0.07902468586,0.9999787296,1.553953334,1.553920281,1.312194694,1,0.2481249202,0.4119229847,0
0.1109822074,0.9432660413,1.553953334,0.1018295871,0.9092910407,1.286029611,1.169375203,1.46579141,1,0.2733163898,0.4146679082,0
0.1366385182,0.9989855635,1.286029611,0.108561636,0.9069853176,0.831841509,1.337192258,1.284725015,1,0.2631697954,0.4204107295,0
0.1876150909,0.6407538763,0.831841509,0.0896748802,0.8884733404,0.9555038105,1.508343548,0.5330056714,1,0.2618487219,0.4048939127,0
0.2067682013,0.9844644609,0.9555038105,0.07207516663,0.9550219936,1.414145437,1.350539995,0.9406595438,1,0.284012662,0.368957405,0
0.1914369874,0.7411016588,1.414145437,0.09034458873,0.5782170728,1.545263506,0.8934977412,1.048025529,1,0.2869680356,0.3622061228,0
0.1740500583,0.5333911753,1.545263506,0.1129388576,0.7489067247,1.231847789,0.9225390931,0.8242299176,1,0.2420381856,0.4201883718,0
0.1770997602,0.9910551779,1.231847789,0.1107226272,0.8012884585,0.8016893683,1.049829086,1.22082913,1,0.1894865112,0.4971598962,0
0.1741962454,0.4299245492,0.8016893683,0.08926524378,0.7216391653,1.01259266,1.526469456,0.3446659402,1,0.2252435162,0.5445669228,0
0.1374760136,0.9704739713,1.01259266,0.08781766459,0.9713017983,1.453727839,1.412008464,0.9826948199,1,0.3097111703,0.5599834245,0
0.0971783535,0.6257039441,1.453727839,0.11493238,0.5967390519,1.5281254,0.9118921021,0.9096032422,1,0.3587556777,0.5701204177,0
0.1431558575,0.9927629895,1.5281254,0.1309391578,0.9729982471,1.170340428,1.138739185,1.51706634,1,0.3610139423,0.587534589,0
0.21861639,0.7185963298,1.170340428,0.1204378577,0.473050469,0.7826025577,1.468434372,0.8410023359,1,0.3569745802,0.5934836463,0
0.2575116595,0.6837103202,0.7826025577,0.1040229949,0.9908141098,1.076325293,1.249802414,0.5350734453,1,0.3783643274,0.5790169408,0
0.2513674019,0.824330839,1.076325293,0.1177319317,0.5200055051,1.488620956,0.7740910923,0.8872481322,1,0.3965565872,0.5782489223,0
0.2302365432,0.2781555689,1.488620956,0.1465644254,0.5126233238,1.500566547,0.9018857845,0.4140682089,1,0.3725591462,0.6317721257,0
0.2295615592,0.9306422182,1.500566547,0.1559127181,0.9974097661,1.101574418,1.098721082,1.39649058,1,0.3254721951,0.7194460342,0
0.2364550959,0.7744599455,1.101574418,0.1407718601,0.2167076254,0.7792696601,1.515373527,0.8531252636,1,0.33741377,0.7891175586,0
0.2146817172,0.6749841712,0.7792696601,0.1319018495,0.9933230716,1.145153092,1.296262073,0.5259946857,1,0.4222688365,0.8196686266,0
0.1731643701,0.6170857878,1.145153092,0.1543131927,0.2403041843,1.516518746,0.5842823794,0.7066576981,1,0.4982011851,0.8313142627,0
0.1886927623,0.7331375061,1.516518746,0.1803831007,0.9127881426,1.460707542,1.333316524,1.111816771,1,0.5216612929,0.8491667567,0
0.2689655961,0.9490319039,1.460707542,0.1820444277,0.6960815254,1.027037619,1.153396321,1.38625806,1,0.5146079185,0.8681937079,0
0.3345208806,0.318721353,1.027037619,0.1656028283,0.8042275153,0.7960245185,1.2867488,0.3273388196,1,0.5244639717,0.8690931845,0
0.3497348069,0.9870559138,0.7960245185,0.1657302043,0.7821479081,1.216696179,0.9516363713,0.7857207085,1,0.5521607133,0.863045622,0
0.3296245146,0.319474492,1.216696179,0.1930391964,0.1001749905,1.5347601,0.7911887985,0.3887033938,1,0.5541729556,0.8925480122,0
0.3176654652,0.6834042945,1.5347601,0.2152024827,0.8878677393,1.407127727,1.249343313,1.048861643,1,0.5166331622,0.9717437659,0
0.3281986628,0.9822212537,1.407127727,0.2117464088,0.7273364065,0.950288169,1.150027732,1.38211076,1,0.4942932367,1.059117843,0
0.3268782474,0.2131680617,0.950288169,0.1961049112,0.8230958992,0.8351604946,1.349501692,0.2025710871,1,0.5488625295,1.112390516,0
0.2942889229,0.9988394933,0.8351604946,0.2036176792,0.7071823202,1.287833628,0.9107331728,0.8341912853,1,0.6405674673,1.130931798,0
0.2738717541,0.1351049838,1.287833628,0.2331793578,0.4380916229,1.540617682,0.9664376849,0.1739927414,1,0.6962218871,1.143958044,0
0.324910148,0.959730399,1.540617682,0.2503443562,0.9975526161,1.33925821,1.335980531,1.478577622,1,0.700680006,1.165952416,0
0.407079089,0.7678298201,1.33925821,0.241378645,0.2831599923,0.8775980889,1.352379971,1.02832239,1,0.6958309542,1.181010033,0
0.4537695987,0.3823729635,0.8775980889,0.2287190078,0.9990296149,0.8957706615,1.128385638,0.335569782,1,0.7172501009,1.178416186,0
0.4492171806,0.8810689894,0.8957706615,0.2429641729,0.4293872005,1.354925105,0.5817874979,0.7892357515,1,0.7405599454,1.185337855,0
0.4269499008,0.2088515168,1.354925105,0.2729377366,0.5202867189,1.531628451,1.005376932,0.2829781634,1,0.72577697,1.238490576,0
0.427205458,0.9410822325,1.531628451,0.2848909036,0.9994155404,1.257790248,1.257055121,1.441388322,1,0.6880110585,1.328529409,0
0.4394968526,0.7809217917,1.257790248,0.2733351571,0.1675757689,0.818224414,1.414114859,0.9822358144,1,0.6960652617,1.406370282,0
0.4266870654,0.4851163502,0.818224414,0.2644960811,0.9977798251,0.9738512817,1.159214126,0.3969340414,1,0.7747500801,1.443841631,0
0.3933481061,0.7331393672,0.9738512817,0.2844098071,0.3179112574,1.414120849,0.6476094157,0.7139687124,1,0.8593499292,1.456307615,0
0.3993273635,0.5802119666,1.414120849,0.3131126427,0.8109603141,1.505932458,1.221251459,0.8204898388,1,0.8934660472,1.472914303,0
0.4697593016,0.9953603553,1.505932458,0.3197268839,0.8725781961,1.165100069,1.016640917,1.498945467,1,0.8874431909,1.495812335,0
0.5440661031,0.4665630786,1.165100069,0.3052965636,0.4806048866,0.7833629654,1.338765013,0.5435926753,1,0.8910663068,1.505193767,0
0.5702079361,0.8497074226,0.7833629654,0.3016058739,0.8870596355,1.063392678,0.9432927213,0.6656293263,1,0.9188609329,1.503212412,0
0.5526201624,0.5051179913,1.063392678,0.32575504,0.1513755582,1.461712935,0.7740450712,0.5371387734,1,0.9313208667,1.526357093,0
0.5360894952,0.6162518912,1.461712935,0.3521122853,0.8365417238,1.462588174,1.223516032,0.9007833603,1,0.903562756,1.598165023,0
0.5457523586,0.9964880389,1.462588174,0.354297207,0.8511283585,1.065700774,0.9422699793,1.457451621,1,0.8762646491,1.689462734,0
0.553048255,0.3846358615,1.065700774,0.3390915005,0.6153056128,0.782662858,1.370293702,0.4099067352,1,0.9139660944,1.753584066,0
0.5300467332,0.9581151191,0.782662858,0.3405955082,0.8191131643,1.15764462,0.9482419476,0.7498811174,1,1.004089844,1.779531109,0
0.5051053808,0.3531789775,1.15764462,0.3681029116,0.3599750561,1.49448423,0.8954573085,0.4088557431,1,1.073871617,1.750464701,0
0.5368394714,0.8637599698,1.49448423,0.3911770952,0.981351999,1.401838771,1.37569728,1.290875653,1,1.088658809,1.687655373,0
0.6162663661,0.8933199879,1.401838771,0.3878863833,0.5401566618,0.96670126,0.5221701256,1.252290594,1,1.075038899,1.636026696,0
0.676528286,0.1679862919,0.96670126,0.3733587593,0.1679862919,0.96670126,0.16239256,0.16239256,1,1.038817914,1.621586055,0
0.2263996443,0.3956877891,0.9365980903,0,0.7037600901,1.321288202,1.213601696,0.3706004276,1,0.3510992008,0.4969030081,0
0.2422318547,0.9282190366,1.321288202,0.09956200148,0.9839107834,1.419417762,1.396580443,1.226444862,1,0.3848343427,0.4709095228,0
0.2705071945,0.9996663461,1.419417762,0.1126044908,0.9994964489,1.139361367,1.13878764,1.418944168,1,0.3880376122,0.4445190405,0
0.3096928256,0.9950589463,1.139361367,0.1166914333,0.8901988556,0.7869881454,1.1571607,1.133731721,1,0.3531242193,0.4304994657,0
0.3365176278,0.7107065179,0.7869881454,0.1023977977,0.7485731484,0.976941748,1.350161316,0.5593176045,1,0.3078606689,0.423763416,0
0.3296789582,0.8254555304,0.976941748,0.09005152333,0.970375094,1.354455945,1.414955918,0.8064219688,1,0.2858155098,0.4176074966,0
0.2876101401,0.9989591854,1.354455945,0.09847319876,0.9740866321,1.417172972,1.380449247,1.353046207,1,0.2841326009,0.4246618597,0
0.2331874774,0.878522965,1.417172972,0.1125178506,0.8977798078,1.107597892,0.9943790225,1.245019001,1,0.2790494597,0.453097475,0
0.1983613736,0.9580417333,1.107597892,0.1096380153,0.9246392543,0.7770216331,0.7184647034,1.061125004,1,0.2785436988,0.4865231194,0
0.1928057987,0.650321388,0.7770216331,0.09163554723,0.4679065912,1.015817809,1.231519445,0.505313787,1,0.3116356459,0.4985572277,0
0.2023233135,0.7803423241,1.015817809,0.0837944874,0.948203459,1.381102655,1.399547766,0.7926856299,1,0.3646709298,0.4808518388,0
0.2277841514,0.9997716705,1.381102655,0.09934887425,0.9968258562,1.409308405,1.404835058,1.380787308,1,0.3952679364,0.4514147016,0
0.2753013595,0.9989761761,1.409308405,0.1140519624,0.9939499226,1.074768933,1.068266498,1.407865522,1,0.3809232745,0.432615478,0
0.3236394588,0.931275452,1.074768933,0.1073329424,0.6916560102,0.7726758028,1.29370638,1.000905924,1,0.3352991839,0.427657937,0
0.3430968252,0.579397642,0.7726758028,0.08919113266,0.8903182085,1.052826112,1.396025344,0.4476865382,1,0.2977778606,0.4264972068,0
0.3199483652,0.9750939738,1.052826112,0.09002653945,0.9960309642,1.401691802,1.396128437,1.026604397,1,0.2871946301,0.4343018528,0
0.2657309772,0.9318279617,1.401691802,0.1099207237,0.8955795136,1.396090627,1.250310165,1.306135615,1,0.2822554328,0.4689726974,0
0.2136850449,0.880694551,1.396090627,0.1195914052,0.9749866703,1.040876062,1.014840285,1.229529408,1,0.2742396766,0.5205761966,0
0.1906531947,0.9786876978,1.040876062,0.1073098361,0.5133385099,0.7735829676,1.087683606,1.018692596,1,0.2943218275,0.5577224207,0
0.1893988964,0.3458694911,0.7735829676,0.08979076739,0.8389130835,1.087924865,1.382880824,0.2675587473,1,0.3557788118,0.5587356026,0
0.20163543,0.9906744032,1.087924865,0.09735882908,0.9906376035,1.416584088,1.403321466,1.077779317,1,0.4145155093,0.5334906593,0
0.2413708858,0.9773148139,1.416584088,0.1189416473,0.9844707397,1.377533026,1.356140957,1.384448614,1,0.430719847,0.5092989755,0
0.3032790667,0.9962546811,1.377533026,0.126108204,0.9261769316,1.005831171,0.9315776279,1.372373725,1,0.3996855018,0.5022345128,0
0.3511080931,0.7667414763,1.005831171,0.1116710753,0.574792594,0.7795762197,1.406703877,0.7712124771,1,0.3547600783,0.5038053728,0
0.3569592794,0.6910696299,0.7795762197,0.09928254598,0.9857857756,1.121233148,1.416367922,0.5387414497,1,0.3325068033,0.5087829861,0
0.3173463228,0.9901935727,1.121233148,0.1139538706,0.9259127176,1.4259463,1.320301814,1.110237857,1,0.3282420623,0.5326108008,0
0.2589197099,0.8372681,1.4259463,0.1349090518,0.8700854721,1.35341735,1.177588774,1.193899349,1,0.3181815892,0.5864418996,0
0.2186992053,0.9751254025,1.35341735,0.136033844,0.9764744009,0.9696006226,0.9467901871,1.319751638,1,0.3166408384,0.6442344639,0
0.2073107353,0.7189449846,0.9696006226,0.1185413348,0.2737193625,0.7907096828,1.398231186,0.6970895047,1,0.360141369,0.6731893309,0
0.2072664443,0.7245054474,0.7907096828,0.1104335836,0.9987969435,1.152864208,1.379908675,0.5728734724,1,0.4340627688,0.6634984047,0
0.2254260264,0.9553508633,1.152864208,0.1291102488,0.900065683,1.429701862,1.286825583,1.101389816,1,0.4839031153,0.6378176875,0
0.2790865645,0.9712831717,1.429701862,0.1478507676,0.9973287073,1.323358762,1.319823683,1.388645359,1,0.4822501041,0.6237337641,0
0.3466060118,0.9518452985,1.323358762,0.1458117734,0.7433444605,0.9323829823,1.023399527,1.259632816,1,0.4429332191,0.6257682727,0
0.3855476998,0.5111791876,0.9323829823,0.1291573642,0.6952195991,0.8072043976,1.422572606,0.4766147754,1,0.4085773246,0.6310738194,0
0.3750710667,0.8905017177,0.8072043976,0.1281166147,0.9907819688,1.182796591,1.325294293,0.7188169026,1,0.4002974221,0.6434294227,0
0.3244760536,0.8960644975,1.182796591,0.1503751095,0.823016293,1.4275251,1.174876416,1.059862033,1,0.3960317979,0.6832224983,0
0.2713977375,0.8462043057,1.4275251,0.1661002236,0.9420720068,1.286911785,1.212363568,1.207977886,1,0.3837603804,0.7463702606,0
0.2471137951,0.9866538024,1.286911785,0.1590956718,0.7458727228,0.8948095387,0.9365865354,1.269736406,1,0.3957091175,0.8001879594,0
0.2423998458,0.2494269388,0.8948095387,0.1423534139,0.7208057806,0.829332082,1.382170107,0.2231896041,1,0.4583981665,0.8174279538,0
0.2429745832,0.9775980811,0.829332082,0.145771445,0.926009968,1.210787381,1.151870626,0.8107534519,1,0.5320118843,0.8008112406,0
0.2701309649,0.8580052398,1.210787381,0.1684150626,0.8631098488,1.41887862,1.224648111,1.038861917,1,0.5664161152,0.7801021581,0
0.3356203813,0.9936759601,1.41887862,0.1811777399,0.988897357,1.243712658,1.229904161,1.409905575,1,0.549723765,0.7766323692,0
0.4007510113,0.8342928296,1.243712658,0.1722657429,0.4331317628,0.8581459869,1.180138599,1.037620553,1,0.5103696601,0.7834965411,0
0.4257321847,0.286337701,0.8581459869,0.1588535564,0.8861159376,0.8572598531,1.331659853,0.245719549,1,0.4899419049,0.7911922235,0
0.3996781138,0.9962737064,0.8572598531,0.1684767,0.9140812185,1.236330109,1.16377528,0.8540654512,1,0.489394278,0.8116888355,0
0.3449950735,0.782037645,1.236330109,0.1921409077,0.7878336264,1.403090306,1.105401724,0.9668566872,1,0.4818319229,0.8622470964,0
0.3043953397,0.9408519886,1.403090306,0.2005468171,0.9996908898,1.193652581,1.193283611,1.320100304,1,0.4721738455,0.9274387783,0
0.2933450914,0.8467082005,1.193652581,0.1879861395,0.3408275126,0.8244511694,1.212048331,1.010675429,1,0.50003277,0.9718337786,0
0.2904530568,0.2862016648,0.8244511694,0.1764985177,0.9684770243,0.890889252,1.201823133,0.2359592973,1,0.5723938987,0.9771075714,0
0.2935425572,0.9683296617,0.890889252,0.189167235,0.7740025205,1.258657892,0.9757322363,0.862674488,1,0.6376270162,0.9571192121,0
0.3311834777,0.8494274459,1.258657892,0.2109867269,0.9176943077,1.379463706,1.265925991,1.069138558,1,0.654323968,0.9431185978,0
0.4017750176,0.9950838544,1.379463706,0.2159297163,0.9057654957,1.13707621,1.029924397,1.372682062,1,0.626927212,0.946911577,0
0.4586135006,0.6251322207,1.13707621,0.2029626514,0.1228077609,0.7966106357,1.275080312,0.7108229766,1,0.5938041839,0.9557640852,0
0.4672706465,0.4949214855,0.7966106357,0.1961762671,0.9924942464,0.9297275582,1.208197464,0.3942597192,1,0.5857415072,0.9702352062,0
0.4288922962,0.9596686902,0.9297275582,0.2134618194,0.8017252729,1.276789619,1.031147829,0.892230428,1,0.5870705772,0.9768385549,0
0.3772798908,0.7664729489,1.276789619,0.2346989517,0.8604908873,1.347413282,1.15943685,0.9786247041,1,0.5760703288,0.9750354801,0
0.3514064697,0.9990878497,1.347413282,0.235566716,0.9394602417,1.0749999,1.009919666,1.346184239,1,0.5705751217,0.9784720307,0
0.3480724467,0.5872841642,1.0749999,0.2207127684,0.5872841642,1.0749999,0.6313304177,0.6313304177,1,0.5765623427,0.9907530024,0
0.09326889432,0.9338855476,0.8428785658,0,0.9681134838,1.214755413,1.205035226,0.787152111,1,0.3384708209,0.4658391425,0
0.1818275615,0.7575457256,1.214755413,0.1644683391,0.6140871634,1.46407833,0.8990717088,0.9202327709,1,0.2480292446,0.5844207264,0
0.2613636036,0.788251704,1.46407833,0.09862161964,0.8445270757,1.305809116,1.102791154,1.154062239,1,0.2102357682,0.7096957636,0
0.279632192,0.9283532895,1.305809116,0.05822881139,0.9999200824,0.90879962,0.9087269909,1.212252188,1,0.3425155495,0.7836456177,0
0.2322239087,0.9740804624,0.90879962,0.08221207082,0.7141795339,0.9077426669,1.009148515,0.8852439541,1,0.5199873651,0.8181042529,0
0.1684487825,0.7558293691,0.9077426669,0.1502806856,0.952404659,1.296001618,1.429617647,0.6860985673,1,0.6078673715,0.893719351,0
0.2458101456,0.9158094215,1.296001618,0.1962967397,0.7628721858,1.443430925,1.101153305,1.186890492,1,0.5697805985,1.043993713,0
0.3945461726,0.5356037581,1.443430925,0.1802054557,0.3964246267,1.194169524,0.9550295483,0.773107028,1,0.5161246861,1.184872792,1
0.3538566249,0.3441008248,1.194169524,0.2063252135,0.8873097059,0.8397512495,0.8948220221,0.4109147181,0,0.3751725943,0.7471500966,0
0.2710224064,0.9387720526,0.8397512495,0.09224159765,0.8404575329,0.9990244365,0.8480591407,0.7883350041,0.05,0.5401420681,0.7837310764,0
0.1607704355,0.4236131846,0.9990244365,0.1835953761,0.5511581542,1.354772006,1.075339162,0.423199923,0.1,0.5828131705,0.9306156946,0
0.2347904509,0.9961469571,1.354772006,0.2262467972,0.9807441227,1.390819384,1.364037936,1.349552012,0.15,0.4878622324,1.171106941,0
0.3763731794,0.8756559873,1.390819384,0.1856672374,0.8231762287,1.071924231,1.026842666,1.217879321,0.2,0.4610830075,1.379734338,1
0.1738176079,0.4030959644,1.071924231,0.3133679136,0.9641635635,0.8198000242,0.9355321506,0.4320883317,0,0.4917058293,0.8920701076,0
0.1079877503,0.9665005819,0.8198000242,0.1074106563,0.9571626073,1.099318597,1.265952833,0.7923372004,0.05,0.6688788429,0.918448813,0
0.1985562136,0.9400746192,1.099318597,0.1881929974,0.8410106864,1.384502009,1.164380985,1.033441511,0.1,0.6985794422,1.023331551,0
0.3931177824,0.6745868405,1.384502009,0.2144335423,0.4361382199,1.307945909,0.735126628,0.9339668362,0.15,0.6110722676,1.180477981,0
0.539363113,0.2775018045,1.307945909,0.1658644621,0.2523437325,0.9540446227,1.147160389,0.3629573499,0.2,0.5965200253,1.291548692,0
0.5562126978,0.4496149373,0.9540446227,0.116725234,0.9852935841,0.8551325798,1.092980573,0.4289527132,0.25,0.760583058,1.341161556,0
0.452098065,0.9887796194,0.8551325798,0.2234359692,0.7948181576,1.192918699,1.039936133,0.8455376668,0.3,0.8959060221,1.431912208,0
0.3666063314,0.8183169373,1.192918699,0.3292150793,0.9324502901,1.380782978,1.287511488,0.9761855761,0.35,0.86929154,1.64581996,0
0.4613063235,0.9713323089,1.380782978,0.3400776393,0.841890691,1.200073738,1.010330909,1.341199118,0.4,0.779671966,1.903127179,1
0.1495359647,0.2242077388,1.200073738,0.4224774571,0.7711500059,0.8620725909,0.9421455747,0.2690658193,0,0.3281190331,0.7514661281,0
0.09908353202,0.5793970754,0.8620725909,0.06168017437,0.9995946747,0.9343656492,1.146411272,0.499482338,0.05,0.5316051912,0.7780295143,0
0.1122351609,0.867024436,0.9343656492,0.1301702938,0.8536994457,1.267195219,1.089765596,0.81011785,0.1,0.6330340786,0.8450799788,0
0.2756653313,0.7211043821,1.267195219,0.1870999325,0.5393504245,1.341904338,0.7237566744,0.9137800255,0.15,0.5920985381,0.9918324833,0
0.4456092616,0.4421684292,1.341904338,0.1782707833,0.08856404806,1.077356574,1.035814499,0.5933477333,0.2,0.51096603,1.138195251,1
0.4201152121,0.3848082659,1.077356574,0.1938938215,0.9227654061,0.8200937487,1.012448609,0.414575715,0,0.4740874035,0.9017335036,0
0.3273074989,0.9776829196,0.8200937487,0.1244398876,0.8689992287,1.035972392,1.015579782,0.8017916506,0.05,0.6280359665,0.953939107,0
0.2133884775,0.7315422517,1.035972392,0.2229790078,0.8357810043,1.312830736,1.213721656,0.7578575764,0.1,0.6478727843,1.122077495,0
0.2840231406,0.9972246576,1.312830736,0.2506749369,0.9320057645,1.269546903,1.183225032,1.309187181,0.15,0.5490071747,1.374515824,0
0.4156414196,0.7973890095,1.269546903,0.2080716354,0.7737996588,0.9564972804,1.032920075,1.012322748,0.2,0.5674518093,1.569979056,0
0.4400498712,0.8172461643,0.9564972804,0.1521096921,0.9914411184,0.8416349534,0.8344314995,0.7816937336,0.25,0.8220335653,1.659221026,0
0.3439081668,0.8520461826,0.8416349534,0.2354230324,0.3351584594,1.13850703,0.567580607,0.7171118492,0.3,1.054868783,1.715700733,0
0.3253528248,0.785495131,1.13850703,0.3498019359,0.9406123018,1.323936421,1.245310884,0.8942917289,0.35,1.106291661,1.841908849,0
0.5327261467,0.9103469054,1.323936421,0.3825172073,0.7390553081,1.169649719,0.8644358338,1.205241423,0.4,1.035679073,2.007129727,0
0.7227900587,0.4633785545,1.169649719,0.3279928489,0.6181392467,0.8616174412,1.095203718,0.5419905963,0.45,1.063047304,2.113458558,0
0.7557669364,0.7975875028,0.8616174412,0.2960719056,0.9657902315,0.917963225,0.8865599156,0.6872153033,0.5,1.250850201,2.156667894,0
0.662846831,0.7652064632,0.917963225,0.4006283483,0.4794326916,1.225109086,0.8589550426,0.7024313927,0.55,1.382857159,2.249389684,0
0.6288050997,0.7379658881,1.225109086,0.5065721412,0.9071364099,1.298292652,1.177728536,0.9040887145,0.6,1.337451097,2.46706254,0
0.758350413,0.984136178,1.298292652,0.5080898661,0.8957178569,1.053554702,1.009427285,1.277696769,0.65,1.250373749,2.723381073,1
0.2477297297,0.3427427063,1.053554702,0.7171978957,0.9043065043,0.8197240946,0.9865435202,0.3610981898,0,0.4979180234,1.034302239,0
0.184497192,0.9332155071,0.8197240946,0.09626677325,0.9472248393,1.024721724,1.092648034,0.7649792366,0.05,0.7167288227,1.0520645,0
0.1988636363,0.9902103679,1.024721724,0.1951896371,0.9672078317,1.284083694,1.241975805,1.014690075,0.1,0.7960915059,1.125924531,0
0.3839151733,0.7504100488,1.284083694,0.2435357654,0.5355864065,1.237708734,0.6628999733,0.9635893074,0.15,0.7282520002,1.273202491,0
0.5634297742,0.3244666708,1.237708734,0.2124842829,0.1782561993,0.9393904693,1.125275781,0.4015952324,0.2,0.6647191641,1.403593422,0
0.6248540867,0.3773571622,0.9393904693,0.1434632324,0.9546473029,0.8457189578,1.117709564,0.3544857217,0.25,0.786111293,1.466181336,0
0.5478511727,0.9991237384,0.8457189578,0.2122713427,0.8786480231,1.136624073,1.062312467,0.8449778868,0.3,0.9487163406,1.531776835,0
0.4312012126,0.8435630034,1.136624073,0.3329445545,0.9060899917,1.308508993,1.185626902,0.9588140164,0.35,0.9702562902,1.710668118,0
0.4718003783,0.9929132782,1.308508993,0.3731567379,0.8976543746,1.148507081,1.030962405,1.299235953,0.4,0.8766110824,1.97353991,0
0.593301754,0.6655121821,1.148507081,0.3281073277,0.6546948537,0.8523748557,1.169964347,0.7643454534,0.45,0.9141896058,2.173689177,0
0.613285446,0.7983348853,0.8523748557,0.2821221706,0.9771194709,0.9295401228,0.9221140689,0.6804805827,0.5,1.178437567,2.260969205,0
0.5222646082,0.8239406163,0.9295401228,0.36720017,0.5480208455,1.234434932,0.8511623238,0.7658858617,0.55,1.416827562,2.239366225,0
0.5323975061,0.8967688464,1.234434932,0.4828755329,0.9818339285,1.295885813,1.272344658,1.10700279,0.6,1.459668441,2.134450751,0
0.7505701663,0.8782362384,1.295885813,0.5102299581,0.6403735831,1.042199225,0.6673968521,1.138093882,0.65,1.384276775,2.095352762,1
0.5184020686,0.3668550535,1.042199225,0.662847912,0.9175179684,0.8192150191,0.7516445001,0.3823360525,0,0.4257352137,0.9558947066,0
0.4508776508,0.9700604758,0.8192150191,0.1287286918,0.9700604758,0.8192150191,0.7946881112,0.7946881112,0.05,0.4362484735,1.137490298,0
0.2468488715,0.7483898796,0.8392887912,0,0.8704739293,0.988726875,1.090541035,0.6281152374,1,0.5923570189,1.10793047,0
0.2658535978,0.998409953,0.988726875,0.2329385115,0.9329168318,1.120072347,1.044934346,0.9871547528,1,0.5943630586,1.139283525,0
0.3390670555,0.8729879582,1.120072347,0.2065300816,0.9119856235,1.047445153,0.9552549208,0.9778096716,1,0.6308326414,1.130135029,0
0.3823032898,0.9895018231,1.047445153,0.1906124673,0.9468370008,0.8701968413,0.8239345673,1.036448888,1,0.6970435302,1.077189057,0
0.3927518976,0.7700206755,0.8701968413,0.2112870658,0.4986716675,0.8728804533,0.9287176817,0.6700695595,1,0.7278300156,1.022473145,0
0.4100726403,0.7616537662,0.8728804533,0.2390987405,0.9546847999,1.041050461,1.095434606,0.6648326848,1,0.6828071728,1.015571696,0
0.4476004141,0.9817480819,1.041050461,0.2393536072,0.909565734,1.096251382,0.9971126929,1.022049293,1,0.5939259336,1.054640967,0
0.4657824649,0.7269281829,1.096251382,0.215500671,0.7990766509,0.9647896593,0.84768319,0.7968960251,1,0.5495798448,1.102080885,0
0.4267520493,0.8105178534,0.9647896593,0.2057702363,0.9981180439,0.8375271899,0.8359510005,0.7819792437,1,0.5856890518,1.147097183,0
0.3404346625,0.9916578532,0.8375271899,0.2313389554,0.8715144089,0.9309180946,0.9886735021,0.8305404152,1,0.6300718438,1.208317207,0
0.2798722276,0.9601786397,0.9309180946,0.2576698809,0.9989078708,1.071949193,1.070778486,0.8938476698,1,0.6387045621,1.285254673,0
0.311754831,0.9027738443,1.071949193,0.2518243854,0.8137662344,1.046141943,0.8513149895,0.9677276938,1,0.6575113167,1.341007306,0
0.3688740223,0.8183048968,1.046141943,0.2264252782,0.9584647176,0.8901759267,0.8532022182,0.8560630746,1,0.7359870831,1.341707014,0
0.3923758627,0.9990841185,0.8901759267,0.2264511434,0.8079692853,0.8502896351,0.6870079088,0.889360631,1,0.8297941133,1.29989276,0
0.4074949257,0.7565581079,0.8502896351,0.2616872686,0.806886546,0.9939208547,0.9909074711,0.6432935175,1,0.8602441471,1.27107809,0
0.460451148,0.9940906756,0.9939208547,0.2880948263,0.9864010434,1.075166066,1.060544929,0.988047454,1,0.8078519216,1.290987856,0
0.5296439895,0.8109278837,1.075166066,0.279220468,0.7425386631,0.9785700439,0.9007161056,0.8718821422,1,0.7350957336,1.340998381,0
0.5527153699,0.6279680296,0.9785700439,0.256554951,0.901253628,0.8438281705,0.9147430022,0.6145107023,1,0.7275558576,1.394163506,0
0.503493132,0.9576954054,0.8438281705,0.2660118474,0.966777369,0.9007268735,0.9438875871,0.8081303619,1,0.7717336661,1.458543271,0
0.4208322807,0.9619563938,0.9007268735,0.3037134948,0.9580853474,1.045234989,1.043926163,0.866459975,1,0.7955746244,1.550032658,0
0.3919343467,0.9882570281,1.045234989,0.3215851378,0.9201096949,1.049856765,0.965983388,1.032960823,1,0.8012444404,1.64537322,0
0.4311787536,0.7237427363,1.049856765,0.3044742645,0.7575413512,0.9082040352,0.9458518731,0.759826208,1,0.8574869011,1.695507635,0
0.4657929033,0.8865530098,0.9082040352,0.2866569225,0.9943314103,0.8411027427,0.8363348763,0.8051710209,1,0.9730024842,1.68405913,0
0.4789218898,0.9289239356,0.8411027427,0.3098682809,0.7787100639,0.9702274375,0.933102947,0.78132047,1,1.06276133,1.649452775,0
0.5221712375,0.9439025215,0.9702274375,0.3507088424,0.9927085058,1.073668821,1.065840171,0.9158001247,1,1.061548686,1.64746372,0
0.6115529464,0.9217898023,1.073668821,0.3621905288,0.8104173396,1.000745442,0.8240566397,0.9896969703,1,0.9941712169,1.68784952,0
0.6828985531,0.5813490851,1.000745442,0.3413290552,0.7562353035,0.8545032371,1.002063424,0.5817824473,1,0.9506435659,1.742792467,0
0.6788048099,0.8364041292,0.8545032371,0.3322611002,0.9993832115,0.882982446,0.9533152583,0.7147100359,1,0.9757511192,1.804162836,0
0.6077116572,0.9859497987,0.882982446,0.3641567036,0.9292418948,1.038997536,1.024035558,0.8705763649,1,1.011590874,1.892670214,0
0.5431965679,0.9953967318,1.038997536,0.3996396374,0.9943160297,1.07383509,1.067731443,1.034214752,1,1.017885137,2.003866656,0
0.5488645588,0.8256922089,1.07383509,0.3987402036,0.6881140698,0.9383451718,0.9253112988,0.8866572676,1,1.045748817,2.090987784,1
0.4475961381,0.5123385806,0.9383451718,0.4181560303,0.8979051603,0.8366820448,1.016152844,0.4807504334,0,0.8769826072,1.578604398,0
0.4570907074,0.9924212653,0.8366820448,0.263999905,0.9511483006,0.9553603738,1.011139273,0.8303410536,0.05,0.9958902366,1.544409338,0
0.4905460052,0.9828705804,0.9553603738,0.305130323,0.9965975052,1.091709198,1.087994663,0.9389956051,0.1,1.038491033,1.521568581,0
0.5809368761,0.9254821377,1.091709198,0.3306189381,0.793759938,1.04594055,0.8302257059,1.010357362,0.15,0.9941769094,1.542978569,0
0.679582125,0.4833667975,1.04594055,0.3185281683,0.4598578514,0.878742471,1.036416456,0.5055729339,0.2,0.9319057547,1.591351142,0
0.7181047379,0.5470657991,0.878742471,0.2988508904,0.9442383359,0.8642096974,1.070780544,0.4807299521,0.25,0.9255014697,1.649142416,0
0.678591091,0.9835007549,0.8642096974,0.3171606283,0.9857529909,1.038078838,1.092482556,0.8499508898,0.3,0.9543812521,1.730387979,0
0.6067802953,0.9998253565,1.038078838,0.3577700938,0.9972680314,1.118865262,1.115808557,1.037897544,0.35,0.9633454278,1.843235036,0
0.5744769651,0.8586756225,1.118865262,0.3715662298,0.6584646232,0.9956164543,0.6648896287,0.9607423253,0.4,0.9754953925,1.951041703,0
0.5877678414,0.328962642,0.9956164543,0.3514515803,0.6227593738,0.8413573997,1.103015585,0.3275206192,0.45,1.058373867,2.002164175,0
0.6006018967,0.8719390746,0.8413573997,0.3403043909,0.9931169175,0.9307455441,1.01646287,0.7336123925,0.5,1.19407625,1.989135313,0
0.6179556986,0.9688648099,0.9307455441,0.3723345694,0.9436496394,1.113190524,1.09730236,0.9017666046,0.55,1.285751927,1.958394575,0
0.6884112461,0.998541304,1.113190524,0.4121767458,0.9584038678,1.116518849,1.070075984,1.111566718,0.6,1.279011256,1.962314708,1
0.5553376283,0.6294749149,1.116518849,0.409121889,0.3566033262,0.9338049786,0.9666780012,0.7028206077,0,0.7955501739,1.254586629,0
0.6284376504,0.2327983294,0.9338049786,0.2357910766,0.7790118572,0.8424841041,1.147417612,0.217388239,0.05,0.7593459368,1.309020273,0
0.6261144865,0.8836086614,0.8424841041,0.2344714116,0.9992932795,1.019049731,1.137878717,0.7444262515,0.1,0.7753815685,1.380895649,0
0.5651958389,0.9995146646,1.019049731,0.272433469,0.9962942634,1.16800301,1.163674698,1.01855515,0.15,0.7919541517,1.488344665,0
0.507578849,0.9643911732,1.16800301,0.3031210796,0.8686753224,1.085738312,0.9431540781,1.126411793,0.2,0.7944243146,1.611369435,0
0.4978631149,0.5076861027,1.085738312,0.2955733919,0.2161322937,0.8762073942,1.084125138,0.5512142521,0.25,0.8462082038,1.696251173,1
0.4783103964,0.5930595213,0.8762073942,0.3139606211,0.9766131381,0.8866142394,1.12391109,0.5196431378,0,0.9140159156,1.565066131,0
0.4874977665,0.9989042124,0.8866142394,0.2604076437,0.9542596952,1.110327754,1.153097944,0.8856426985,0.05,1.030344546,1.519525657,0
0.5392397921,0.9992369212,1.110327754,0.3040933263,0.9912157051,1.195180672,1.184681852,1.109480486,0.1,1.060016793,1.439146723,0
0.6448369168,0.8266691067,1.195180672,0.3229482506,0.589525481,1.032192073,0.6085035283,0.9880189385,0.15,1.01027661,1.391465759,0
0.741751309,0.2237263363,1.032192073,0.3055607319,0.4897831115,0.8408873867,0.4118524407,0.2309285509,0.2,0.9493124998,1.432001053,0
0.7693192975,0.7002319438,0.8408873867,0.291624445,0.7002319438,0.8408873867,0.5888162093,0.5888162093,0.25,0.9016420671,1.531336049,0
0.2641525797,0.9987818352,1.105949871,0,0.9634338623,1.605169149,1.546474313,1.104602642,1,0.4167165472,0.5278728027,0
0.2455976791,0.9298582831,1.605169149,0.08024363166,0.9339471279,1.648130449,1.539266699,1.492579829,1,0.4724964117,0.487351316,0
0.29047809,0.9954547508,1.648130449,0.1095280372,0.9955087903,1.192644451,1.245423718,1.640639286,1,0.462009014,0.4890974913,0
0.3684771095,0.9399593457,1.192644451,0.116689573,0.9021787155,0.8580320142,1.687142272,1.121037298,1,0.4037604187,0.5196948537,0
0.4211805401,0.94732521,0.8580320142,0.09186167582,0.9984819462,1.319057614,1.645796293,0.812835358,1,0.3551160476,0.5474019298,0
0.4151776637,0.9746346527,1.319057614,0.09018282251,0.9453612078,1.689225877,1.596928616,1.285599259,1,0.3445026945,0.5752762361,0
0.353347132,0.9482206454,1.689225877,0.1327129192,0.9682702192,1.524972442,1.476585401,1.601758852,1,0.3383232573,0.6260599301,0
0.2753124387,0.9952671147,1.524972442,0.165834343,0.91577973,0.993536292,1.464199388,1.517754923,1,0.3230701116,0.6853167986,0
0.2280377267,0.5085891303,0.993536292,0.1645677228,0.9186566265,0.9699586734,1.499618244,0.5053017586,1,0.3483947521,0.7166832154,0
0.2101911641,0.9976878883,0.9699586734,0.1392210168,0.7432719755,1.502651544,1.116878782,0.9677160205,1,0.4187540504,0.7151550118,0
0.1924595547,0.1468884906,1.502651544,0.1385295522,0.2164066813,1.694629364,0.8659007465,0.2207222173,1,0.4677302439,0.7216404753,0
0.2047235585,0.8712543818,1.694629364,0.1635304634,0.9938709729,1.34955326,1.341281812,1.476453259,1,0.4563131491,0.770461959,0
0.2632007385,0.8571757686,1.34955326,0.1712563712,0.3853770604,0.8675557553,1.62903045,1.156804353,1,0.4184608298,0.8330353816,0
0.3100668752,0.6236953887,0.8675557553,0.151156408,0.999970163,1.156036849,1.472596077,0.541090524,1,0.431086054,0.8754020025,0
0.3026349623,0.8877000769,1.156036849,0.1493149986,0.6676857447,1.629896256,1.088258496,1.026213999,1,0.4958654825,0.8969502932,0
0.2551364622,0.5154793808,1.629896256,0.1835962371,0.6780503747,1.627692792,1.103657707,0.8401779128,1,0.5418297309,0.9264058923,0
0.2420056605,0.9940224714,1.627692792,0.2154681367,0.9269099305,1.152287195,1.068066444,1.617963212,1,0.5466588875,0.9682643841,0
0.3008440409,0.5148462524,1.152287195,0.2175851197,0.6137855167,0.8683001904,1.603777809,0.5932507441,1,0.5528284332,1.000081164,0
0.3578083983,0.9438599385,0.8683001904,0.1979995107,0.9124127223,1.34870459,1.253330948,0.8195537643,1,0.5897280553,1.011248692,0
0.3714853051,0.7105978566,1.34870459,0.1986353375,0.6407322096,1.691030234,1.083497538,0.958386591,1,0.6210911209,1.033915315,0
0.3631461069,0.8345058387,1.691030234,0.2230149015,0.9522457938,1.501769771,1.430053948,1.411174604,1,0.608034806,1.099029296,0
0.3694243773,0.9571216773,1.501769771,0.2338277342,0.6295068693,0.9738216506,1.442573515,1.437376402,1,0.5810929656,1.178638672,0
0.3804318455,0.1660883735,0.9738216506,0.2199345108,0.9347307583,0.9848410902,1.45553146,0.1617404541,1,0.6137340933,1.231549962,0
0.3631099368,0.9785298689,0.9848410902,0.2105278132,0.6662410358,1.510567959,1.006402362,0.9636964228,1,0.7094029034,1.255516414,0
0.3350102631,0.3054005061,1.510567959,0.23878304,0.4581277652,1.686120693,0.989192723,0.4613282192,1,0.7865826664,1.274709603,0
0.368206463,0.9490166648,1.686120693,0.2711914567,0.9988117886,1.335329609,1.333742955,1.600156637,1,0.8105288174,1.305176234,0
0.4711774279,0.8164023918,1.335329609,0.2773640469,0.509172143,0.8649086451,1.622876626,1.090166286,1,0.8129034235,1.334796025,0
0.5623036244,0.7686109139,0.8649086451,0.2606311098,0.9955681777,1.157922946,1.468285143,0.6647782241,1,0.8315681777,1.349869132,0
0.5994269136,0.9009256922,1.157922946,0.2594773648,0.8000780297,1.624177131,1.299468439,1.043202532,1,0.8518056464,1.375369271,0
0.5945448693,0.8496297537,1.624177131,0.2833155515,0.92333811,1.620989408,1.496721296,1.379949216,1,0.8388645301,1.443724306,0
0.5821809256,0.998482234,1.620989408,0.2983434072,0.9075884777,1.151979787,1.173269261,1.618529125,1,0.8122846921,1.53260274,0
0.571856004,0.611001058,1.151979787,0.2877460177,0.7243478741,0.8664084639,1.609421425,0.7038608689,1,0.8414651082,1.598592399,0
0.5479228989,0.9545788998,0.8664084639,0.2742655992,0.8997973369,1.337222549,1.231635961,0.8270552382,1,0.9447777443,1.629500686,0
0.5243653868,0.6772321272,1.337222549,0.2963499113,0.6307676351,1.682523299,1.094131673,0.9056100712,1,1.043002613,1.644627874,0
0.5595171963,0.901621836,1.682523299,0.3297638323,0.9816241516,1.504944479,1.477289848,1.516999746,1,1.085952498,1.667182231,1
0.2109244881,0.9992578167,1.504944479,0.3530112952,0.886086287,0.983212448,1.239917096,1.503827535,0,0.4805003804,0.7203048989,0
0.3224010728,0.7293457204,0.983212448,0.1718928356,0.8638557048,0.9717675017,1.666007266,0.7171017912,0.05,0.4686861665,0.7436405409,0
0.3889000297,0.9850056884,0.9717675017,0.1414847199,0.9764983261,1.493622436,1.561339044,0.957196517,0.1,0.4817553134,0.7606514618,0
0.3928035626,0.9122678151,1.493622436,0.144389062,0.8946429819,1.68391372,1.506501592,1.362583677,0.15,0.4920576529,0.8072875482,1
0.1771719728,0.6978945097,1.68391372,0.3270956899,0.9155243842,1.350229111,1.236167676,1.17519414,0,0.3941783578,0.6962117733,0
0.2174185524,0.9581551976,1.350229111,0.1618854422,0.4567978396,0.8715977244,1.529341278,1.293729041,0.05,0.354250174,0.7633109943,0
0.2582102414,0.4423405075,0.8715977244,0.1377479591,0.9693541387,1.135947463,1.570229064,0.3855429798,0.1,0.3800932805,0.801294828,0
0.2452039489,0.9623905498,1.135947463,0.1308480377,0.7391877865,1.610856885,1.190725735,1.093225104,0.15,0.4674839155,0.8117817823,0
0.197533874,0.1025917425,1.610856885,0.1685106582,0.3015695984,1.629510496,0.8275801438,0.1652606148,0.2,0.5266157255,0.8294864373,0
0.2155648193,0.9501760877,1.629510496,0.2029530968,0.9890737994,1.173764274,1.160939491,1.548321908,0.25,0.5309777697,0.8664081925,0
0.3117968577,0.7569013053,1.173764274,0.2025107722,0.5684334518,0.8598508038,1.675692431,0.8884237115,0.3,0.5243871084,0.8954409652,0
0.3841684736,0.8683612213,0.8598508038,0.1760988168,0.9892532526,1.315373968,1.528377302,0.7466610941,0.35,0.5464693498,0.9086592861,0
0.3977244852,0.8877930526,1.315373968,0.1743335596,0.8147774466,1.678818791,1.367863688,1.16777987,0.4,0.570897165,0.9387764284,0
0.3774520713,0.8618199107,1.678818791,0.2016733432,0.9424156173,1.522777181,1.435088997,1.446839461,0.45,0.5563892368,1.013082292,0
0.3664661634,0.9887449509,1.522777181,0.2129547128,0.7886735739,1.002162845,1.351400724,1.505638249,0.5,0.5362563975,1.096027498,0
0.3674280508,0.3937847624,1.002162845,0.1933851907,0.8462407229,0.9555465428,1.557198421,0.3946364576,0.55,0.5858876797,1.148054652,0
0.3490017453,0.9991119139,0.9555465428,0.1859781846,0.832385732,1.479961391,1.231898746,0.9546979351,0.6,0.695123955,1.187497072,0
0.3347952514,0.5949994347,1.479961391,0.216777969,0.5910327581,1.690495664,1.0134577,0.8805761913,0.65,0.7777240054,1.201193385,0
0.3917449236,0.9404455351,1.690495664,0.2510007512,0.998229923,1.37080657,1.368380137,1.5898191,0.7,0.7997977064,1.209494434,0
0.5090902512,0.9105790234,1.37080657,0.2553755398,0.6899308771,0.8788800399,0.6063664768,1.248227708,0.75,0.8254200522,1.242845233,0
0.6030724561,0.7902484596,0.8788800399,0.2342152774,0.7902484596,0.8788800399,0.6945335977,0.6945335977,0.8,0.856510319,1.295105259,0
0.04990716453,0.8966036837,0.8423072751,0,0.9921333555,1.209369001,1.396190527,0.7552158057,1,0.09185605408,0.2478961398,0
0.04898109739,0.9946600877,1.209369001,0.02562062971,0.942005288,1.396306649,1.315328247,1.202911077,1,0.1324576648,0.2682887021,0
0.05786141082,0.8681913841,1.396306649,0.01300880163,0.8153905265,1.214825193,0.990556954,1.212261402,1,0.1836616555,0.2520909426,0
0.08184652217,0.8704810858,1.214825193,0.02815238215,0.9742587482,0.8474129894,0.8255995183,1.057482353,1,0.2275948705,0.2171238422,0
0.122573672,0.9998954641,0.8474129894,0.04742177532,0.7929019743,0.8688169115,0.8024318799,0.8473244043,1,0.250852952,0.182185375,0
0.1720933018,0.7201015421,0.8688169115,0.05634542618,0.6560711536,1.235399465,0.9330662937,0.6256363978,1,0.2322411626,0.1679107877,0
0.2151967417,0.7017603381,1.235399465,0.05117915649,0.7526256709,1.387631264,1.044366911,0.8669543462,1,0.1966798094,0.1807335625,0
0.2385549031,0.8239353195,1.387631264,0.03716410861,0.8579142147,1.176022306,1.008926253,1.143318409,1,0.1640086064,0.2203812488,1
0.1244735003,0.4665339619,1.176022306,0.1771891179,0.8913388575,0.8215309186,0.8744084967,0.5486543457,0,0.1158878171,0.1732711521,0
0.109705393,0.9941443444,0.8215309186,0.04480044008,0.7216582596,0.8984883009,0.9210968855,0.8167203165,0.05,0.09698158143,0.2241148079,0
0.08989208687,0.4566899768,0.8984883009,0.04744108074,0.5913250227,1.256859235,1.095682766,0.4103306013,0.1,0.08699978945,0.2855944541,0
0.06756939311,0.8879065048,1.256859235,0.05196731664,0.9881135839,1.371383475,1.355082641,1.11597349,0.15,0.115757543,0.3230602929,0
0.0435155513,0.8205311286,1.371383475,0.04912231821,0.6533279031,1.131841804,0.9307189236,1.125262831,0.2,0.1774744255,0.3344221227,0
0.04045340723,0.7292453362,1.131841804,0.05693274055,0.9826396506,0.8000015598,1.015609775,0.8253903565,0.25,0.2367452953,0.3228041472,0
0.08910780913,0.9909654018,0.8000015598,0.0713100679,0.9991324164,0.9308499405,1.272462192,0.7927738671,0.3,0.2602959584,0.2983437876,0
0.1516533119,0.9503779754,0.9308499405,0.07856405409,0.8538544325,1.273301986,1.087214545,0.8846592819,0.35,0.2527560872,0.2743336106,0
0.2039795035,0.6787879715,1.273301986,0.07371328806,0.5803091169,1.347192395,0.7817880289,0.8643020722,0.4,0.224662974,0.2613314745,0
0.2191018948,0.5145990375,1.347192395,0.05448607401,0.5558743656,1.08266617,0.9609382184,0.6932639097,0.45,0.1948501153,0.2750728408,0
0.2056111301,0.7168846484,1.08266617,0.05631386329,0.9514143447,0.7845615475,1.187205344,0.7761467566,0.5,0.1745065718,0.3172618755,0
0.1745019399,0.9981577273,0.7845615475,0.0635797277,0.9503472481,0.9652996798,1.296307254,0.7831161712,0.55,0.1702597586,0.3775156655,0
0.1421621017,0.981031115,0.9652996798,0.0634058151,0.9980345309,1.28410437,1.301806559,0.9469890212,0.6,0.1935367525,0.4363249248,0
0.1202618526,0.9117903163,1.28410437,0.06725126988,0.808630761,1.314710688,1.063115505,1.17083393,0.65,0.2460095465,0.4628907887,0
0.122815799,0.6347563202,1.314710688,0.06702881416,0.6000415093,1.029362557,0.998374541,0.8345209187,0.7,0.3110987257,0.4611602577,0
0.1572257669,0.9036371692,1.029362557,0.0771224039,0.9680522811,0.7771716683,1.288134206,0.9301702671,0.75,0.3638834368,0.4388680255,0
0.2144694046,0.9886709556,0.7771716683,0.08975910504,0.9695691212,1.001026237,1.211868892,0.7683670559,0.8,0.3747649838,0.4107875661,0
0.2755199773,0.8719114886,1.001026237,0.09357346978,0.802466785,1.288506821,1.033983926,0.8728062766,0.85,0.3554439492,0.3915130807,0
0.3209758619,0.6605492038,1.288506821,0.0873004079,0.6064590095,1.273750131,0.7724772428,0.8511221544,0.9,0.3207369566,0.3914096016,0
0.3246457667,0.623333086,1.273750131,0.0729964049,0.6809477991,0.9735048208,1.035455843,0.7939706,0.95,0.2918748832,0.4202803571,0
0.3011159166,0.8311170397,0.9735048208,0.07752520861,0.9745153904,0.7796815735,1.275012585,0.8090964448,1,0.2783211764,0.4727495005,0
0.2654971634,0.9924367754,0.7796815735,0.08273798681,0.9999940921,1.036972784,1.284116086,0.7737846666,1,0.2877818025,0.5347762867,0
0.2376965122,0.9709086191,1.036972784,0.08044181667,0.9417384888,1.285691957,1.2107856,1.006805814,1,0.3256865804,0.5875483012,0
0.2270421874,0.7799718057,1.285691957,0.08367925554,0.6995051018,1.224441117,0.8565028084,1.002803477,1,0.3858154248,0.60277479,0
0.2437762113,0.7425881094,1.224441117,0.08626606684,0.7509087885,0.9175902233,1.065155268,0.9092554143,1,0.4490931959,0.590255208,0
0.2875863056,0.9234210841,0.9175902233,0.09763571701,0.9553796045,0.7933746242,1.241349759,0.8473221588,1,0.4933079694,0.5621614979,0
0.3473792394,0.9435089018,0.7933746242,0.1079817754,0.9149915412,1.071849323,1.118674361,0.7485560204,1,0.4922136532,0.5376374782,0
0.4047693006,0.7906931455,1.071849323,0.1086709404,0.7393694815,1.274892431,0.9426165557,0.8475039126,1,0.464457941,0.5274851248,0
0.4418720467,0.6405300069,1.274892431,0.1021728815,0.6080382623,1.167408707,0.7380974462,0.8166068576,1,0.4283282962,0.5407385514,0
0.4348991542,0.6899256603,1.167408707,0.09258894543,0.7605514251,0.8651908867,1.104145583,0.8054252233,1,0.4053657717,0.5822593485,0
0.4045891429,0.8809190151,0.8651908867,0.0982115165,0.9754119892,0.818547602,1.249848003,0.7621631038,1,0.4012389872,0.6426735271,0
0.3693861482,0.965483367,0.818547602,0.1012273075,0.9721829381,1.104192236,1.193108739,0.7902940948,1,0.4230438065,0.7059314183,0
0.3470204456,0.8682570371,1.104192236,0.1061815157,0.822143285,1.255517727,1.032215469,0.9587226788,1,0.4708642767,0.7511858572,0
0.3465329406,0.7023230485,1.255517727,0.1047424307,0.6482008921,1.103958044,0.7563479757,0.8817790376,1,0.5348923747,0.755114241,0
0.3735946418,0.7908526951,1.103958044,0.1101514141,0.8183424636,0.8209106092,1.116867025,0.8730681948,1,0.5939789973,0.7338299409,0
0.4241970219,0.9224830679,0.8209106092,0.1218200672,0.9360667473,0.8543079615,1.1253714,0.7572761373,1,0.6282938289,0.7034660192,0
0.4850470622,0.8755763945,0.8543079615,0.1294320929,0.8442169163,1.132462174,0.9674199258,0.7480118847,1,0.6160630947,0.6828465703,0
0.5373737033,0.704167811,1.132462174,0.1276691792,0.6594970235,1.227288046,0.8093928135,0.7974434103,1,0.5824365255,0.6817277965,0
0.5651942294,0.624138743,1.227288046,0.1223539593,0.6113543978,1.036259927,0.8593421838,0.7659980186,1,0.5479422537,0.7055304513,0
0.5484426051,0.7451425935,1.036259927,0.1171468315,0.8362763853,0.7899340817,1.150608529,0.7721614093,1,0.5302938799,0.7551551051,0
0.5136735914,0.9046227095,0.7899340817,0.1226386995,0.9639222325,0.8986724446,1.130580802,0.7145923093,1,0.5348839596,0.8182560483,0
0.4815340778,0.9109041199,0.8986724446,0.1233406581,0.9028889096,1.155166522,1.042987042,0.8186044323,1,0.5665571776,0.8773115652,0
0.4659565679,0.7617129517,1.155166522,0.1266602598,0.7082942292,1.190363136,0.8431273402,0.8799053013,1,0.6219852846,0.9013669825,0
0.4749270163,0.6845600067,1.190363136,0.1267401403,0.6532918521,0.967516193,0.8971900654,0.8148749967,1,0.686935747,0.8943619057,0
0.5106311545,0.8244306077,0.967516193,0.1344999584,0.8621536682,0.7769865562,1.130879424,0.7976499629,1,0.7395854263,0.8662960962,0
0.5661320519,0.8966403115,0.7769865562,0.1455380117,0.9007682918,0.9488974467,1.044463964,0.6966774678,1,0.7491219809,0.8256411335,0
0.6260892199,0.7944951056,0.9488974467,0.1502810939,0.7641539439,1.170990296,0.8948168528,0.7538943771,1,0.727055844,0.7837055525,0
0.6717841363,0.6388718495,1.170990296,0.1469583809,0.5955792054,1.145454532,0.6822088999,0.748112736,1,0.6898835324,0.7535763296,0
0.67546427,0.6354504344,1.145454532,0.1363104712,0.6490874579,0.9020507108,0.5855098028,0.7278795798,1,0.6494268819,0.7443084095,0
0.650913517,0.7915055671,0.9020507108,0.1392942876,0.7915055671,0.9020507108,0.7139781594,0.7139781594,1,0.6115555019,0.7507241106,0
0.1614957727,0.9433042348,0.9138281404,0,0.5549565343,1.430256462,0.7937301691,0.8620179547,1,0.8811917908,0.9954581617,0
0.3794477966,0.659601924,1.430256462,0.2333194993,0.6359242143,1.686353601,1.072393089,0.9433999139,1,0.9621891085,1.000703074,1
0.2978457482,0.3626132188,1.686353601,0.1935821251,0.663849316,1.413380632,0.9382717659,0.6114941072,0,0.4576490842,0.7204034011,0
0.3990730355,0.8053507058,1.413380632,0.273457776,0.9677411537,0.9012597663,1.198453486,1.13826709,0.05,0.4249604871,0.8803292556,0
0.4995478038,0.9756549844,0.9012597663,0.1631179299,0.9680456532,1.057994457,1.492560547,0.8793185832,0.1,0.5964056685,0.9605213779,0
0.4624863538,0.9707426157,1.057994457,0.1258567373,0.9657264901,1.564169576,1.609579864,1.027040306,0.15,0.7568044192,1.147887734,0
0.3696287891,0.9999827135,1.564169576,0.2706423431,0.9802844807,1.656121512,1.623470216,1.564142537,0.2,0.7091400794,1.508322258,0
0.4422255381,0.7509216148,1.656121512,0.3193573507,0.4344492685,1.244407156,1.233773359,1.24361744,0.25,0.5932836559,1.856188369,0
0.5541552856,0.1570983648,1.244407156,0.228477721,0.7633705892,0.8438338572,1.204389049,0.1954943294,0.3,0.8484529163,2.052057764,0
0.4979498237,0.9364714376,0.8438338572,0.1894750039,0.7989838743,1.23690291,0.9882654788,0.7902263053,0.35,1.266945099,2.145918808,0
0.3464902696,0.1986334352,1.23690291,0.3835684855,0.3813730782,1.653943718,1.032859774,0.2456902739,0.4,1.48811468,2.307679525,1
0.3235898386,0.5799471097,1.653943718,0.0912496058,0.8212922985,1.568017042,1.28780032,0.959199879,0,1.286266318,2.277963909,0
0.6433019414,0.9489989889,1.568017042,0.540555315,0.7039340302,1.062118568,1.375056261,1.488046587,0.05,1.186498944,2.543504487,1
0.2860832862,0.4291931688,1.062118568,0.5603862189,0.9993204418,0.8999066714,0.9894114562,0.4558540339,0,0.6072881663,1.184300909,0
0.2313556318,0.9674492784,0.8999066714,0.1021001197,0.6041315005,1.413605875,0.8540038384,0.87061406,0.05,0.9124698877,1.238556459,0
0.1805954925,0.7142729067,1.413605875,0.2620931735,0.9227873099,1.68654629,1.556323514,1.009700377,0.1,0.972410352,1.479454058,0
0.4507854816,0.9431418241,1.68654629,0.3579154194,0.7949233453,1.425000258,1.132765972,1.590652345,0.15,0.8130875374,1.823019466,0
0.7036420814,0.685638898,1.425000258,0.3027686963,0.6339727835,0.9076069831,1.422573997,0.9770356063,0.2,0.8067015143,2.072971728,0
0.7515020275,0.786194879,0.9076069831,0.2068552333,0.9754939129,1.05050503,1.247598008,0.7135559622,0.25,1.139004589,2.203886606,0
0.5797963505,0.7933951975,1.05050503,0.3547135762,0.6214758363,1.559258267,1.041104422,0.833465646,0.3,1.409361377,2.367691175,0
0.4688528521,0.8573378599,1.559258267,0.5340810885,0.9779435889,1.653069344,1.616608567,1.336811146,0.35,1.428172245,2.648617963,1
0.1803915901,0.7167441916,1.653069344,0.350345274,0.9472790831,1.239576259,1.174224662,1.18482785,0,0.7669144368,1.607733235,0
0.4841663608,0.8462588379,1.239576259,0.4146097735,0.4159130927,0.8438148725,1.647730974,1.049002364,0.05,0.705046731,1.783131048,0
0.6247072121,0.613616405,0.8438148725,0.2486820898,0.9962915998,1.243220786,1.580409497,0.5177786486,0.1,1.013627379,1.8240637,0
0.5110393334,0.9170170018,1.243220786,0.3035856827,0.7331220816,1.651657627,1.210866678,1.140054598,0.15,1.269571465,1.924034149,0
0.4080114744,0.5759085334,1.651657627,0.4857778601,0.8086250962,1.550794115,1.254011041,0.9512037218,0.2,1.224458624,2.207136982,0
0.6423957179,0.9830748505,1.550794115,0.5195619048,0.7386008464,1.040827442,1.323151742,1.524546693,0.25,1.060400707,2.511769692,1
0.1527336471,0.2682732307,1.040827442,0.5751125002,0.9905914433,0.9135978534,1.178034614,0.2792261406,0,0.5984134624,1.114945286,1
0.09173183409,0.8968307955,0.9135978534,0.07417054613,0.9600475855,1.429543328,1.37242962,0.8193426896,0,0.9339441187,1.201216612,0
0.2198746028,0.927552581,1.429543328,0.261106408,0.8862633912,1.674972002,1.484466366,1.325976604,0.05,1.05152295,1.344263935,1
0.1335337365,0.4052169746,1.674972002,0.1516448904,0.5878028023,1.386291179,0.8517097446,0.678727087,0,0.531812182,0.978758238,0
0.3919756791,0.7634882481,1.386291179,0.3126253015,0.7494413942,0.8850185484,1.510495488,1.058417024,0.05,0.4507714523,1.188786623,0
0.5453493717,0.7790706438,0.8850185484,0.1550279286,0.9987284852,1.085504701,1.516541667,0.6894919703,0.1,0.6979336257,1.276743504,0
0.4879110762,0.9896804055,1.085504701,0.1474957951,0.9354449912,1.573854399,1.482164723,1.074302733,0.15,0.9353550713,1.430325156,0
0.3609134638,0.944674204,1.573854399,0.3387503247,0.9916941688,1.620991234,1.607527554,1.486779652,0.2,0.9174075037,1.764889809,0
0.4837652483,0.9050897929,1.620991234,0.3975783602,0.6100803452,1.180344519,1.260063679,1.46714262,0.25,0.7820402547,2.113261505,0
0.6503110783,0.3690953267,1.180344519,0.2998587303,0.742705466,0.8495778436,1.375420467,0.4356596458,0.3,0.9870310244,2.315514065,0
0.6144831392,0.9407980896,0.8495778436,0.2529760223,0.8427036048,1.291318941,1.088199126,0.7992812122,0.35,1.406109307,2.414313902,0
0.4534940275,0.3562135019,1.291318941,0.4464489941,0.2970033343,1.651699556,0.9186436249,0.4599852419,0.4,1.634586016,2.583938679,0
0.6224356622,0.9870532784,1.651699556,0.5939742709,0.9882568034,1.491344066,1.473830919,1.630315461,0.45,1.600853191,2.858885177,1
0.08816528985,0.872621423,1.491344066,0.542933498,0.5736193401,0.9768798396,1.470103416,1.301378781,0,0.322637471,1.044365934,1
0.1013581218,0.4029239838,0.9768798396,0.06598183524,0.9996921323,0.9626217238,1.221791214,0.3936083166,0,0.3749590374,0.694093623,0
0.110929644,0.8105191947,0.9626217238,0.06885349678,0.998491009,1.475676792,1.602021234,0.7802233844,0.05,0.6650594319,0.6974378395,0
0.06888944343,0.9338023882,1.475676792,0.1726291258,0.8636458054,1.648913328,1.424077079,1.377990513,0.1,0.7370365951,0.9383330246,1
0.04813952572,0.9823100292,1.648913328,0.05390104341,0.99422075,1.300796428,1.2932788,1.619744099,0,0.5042094282,1.062819273,0
0.3514287059,0.917624051,1.300796428,0.305836008,0.7424688943,0.8525504845,1.597896363,1.193642088,0.05,0.318822657,1.314505273,1
0.1245449271,0.6440640038,0.8525504845,0.2826737246,0.9822467918,1.162479505,1.256657547,0.5490970785,0,0.7535022837,1.127969818,0
0.1090229854,0.8014473745,1.162479505,0.159760583,0.9092445182,1.602422866,1.506248883,0.9316661472,0.05,0.9930522656,1.172008956,1
0.1180379291,0.4494810776,1.602422866,0.07803001454,0.6693607456,1.562360732,1.045782945,0.7202587567,0,0.7689663164,1.040138576,0
0.3984825659,0.7847864588,1.562360732,0.3428267627,0.7015285496,1.083197733,1.352671157,1.226119546,0.05,0.6668888008,1.301851033,0
0.6516110648,0.7108409383,1.083197733,0.2536114174,0.9310341169,0.8829283725,1.560045942,0.7699812927,0.1,0.7208690269,1.451341875,0
0.7114785466,0.9741653447,0.8829283725,0.124070548,0.9773318995,1.371951085,1.548121065,0.8601182223,0.15,0.9679610217,1.497806082,0
0.5986148982,0.9528742552,1.371951085,0.2818732571,0.9577662911,1.650422388,1.58071893,1.307296869,0.2,1.076701563,1.389502362,0
0.5416138067,0.9979187166,1.650422388,0.4201446354,0.9334721579,1.40168736,1.308436125,1.646987392,0.25,0.9694685631,1.285256563,0
0.6683080637,0.6428512183,1.40168736,0.3991251495,0.0642013656,0.9019492977,0.05790637662,0.9010764272,0.3,0.8548591739,1.423031009,0
0.7296118809,0.4395959274,0.9019492977,0.286733107,0.4395959274,0.9019492977,0.3964932379,0.3964932379,0.35,0.79918161,1.699099774,0
0.2448010485,0.3181254179,0.8392287485,0,0.6285791581,1.160226721,1.068389348,0.2669799963,1,0.3718023864,0.6955077885,0
0.2501646897,0.5162536448,1.160226721,0.09105812606,0.6047812556,1.335881874,0.8079163169,0.5989712737,1,0.4569595588,0.7708395012,0
0.2754051525,0.3376496672,1.335881874,0.1425554071,0.1945333355,1.161771199,0.9132719154,0.45106007,1,0.4851761805,0.8508463626,1
0.2797709577,0.3005989474,1.161771199,0.1081206902,0.8182725312,0.8412577822,0.8798332787,0.3492271994,0,0.3578456026,0.5751557603,0
0.2908325342,0.9245549166,0.8412577822,0.1189040713,0.8598951421,0.9141361442,0.7860612296,0.7777890186,0.05,0.4487481721,0.5547229745,0
0.2984596466,0.6284488987,0.9141361442,0.1202968043,0.1954096463,1.236817226,0.5044251035,0.5744878531,0.1,0.5107799762,0.5779250404,0
0.3035201306,0.4085187058,1.236817226,0.1583361707,0.6306440342,1.312828321,0.8609729719,0.5052629723,0.15,0.4580048618,0.7726652172,0
0.3307779057,0.9480105371,1.312828321,0.1793922754,0.9973974046,1.058737827,1.055982361,1.244575081,0.2,0.3107109212,1.050946875,0
0.3490716346,0.9382999832,1.058737827,0.1512203054,0.9173890638,0.8033079971,1.244667022,0.9934136853,0.25,0.3544514226,1.277082869,0
0.2908895653,0.9149728326,0.8033079971,0.1300609708,0.9810666817,1.011647773,1.08542,0.7350049936,0.3,0.6256064036,1.407316783,0
0.151468215,0.6612611804,1.011647773,0.1975081942,0.3108534051,1.293777796,0.4403721519,0.6689634005,0.35,0.8497324791,1.485596241,0
0.2117609194,0.9833828819,1.293777796,0.2728541012,0.9946915865,1.264509588,1.257797048,1.272278938,0.4,0.9501315793,1.56307184,0
0.4551958212,0.8558068513,1.264509588,0.2910311283,0.7995250453,0.9557637351,1.050683192,1.082175969,0.45,0.9853996379,1.623846752,0
0.645455194,0.839856087,0.9557637351,0.2612314057,0.9978104625,0.8180785387,0.873316292,0.8027039907,0.5,1.057613376,1.625255335,0
0.731292677,0.9143388828,0.8180785387,0.2664730247,0.5087932446,1.115329057,0.5674718898,0.748001017,0.55,1.148303083,1.610759771,0
0.7450240742,0.1794316187,1.115329057,0.3400623032,0.3694077641,1.326632572,0.7531819371,0.2001252981,0.6,1.146457135,1.708141594,0
0.7615879755,0.7809474101,1.326632572,0.3974139322,0.9114899656,1.194335655,1.088624965,1.036030271,0.65,1.022626544,1.955353957,0
0.7907132055,0.9983080742,1.194335655,0.3876150052,0.9709378498,0.8680868442,1.204751464,1.192314928,0.7,0.9428115064,2.228994821,1
0.2187030009,0.6679328679,0.8680868442,0.6929760144,0.9999405087,0.8811949509,1.012236419,0.5798237354,0,0.5350770303,1.232159682,0
0.118923022,0.966140399,0.8811949509,0.1598528596,0.7597155485,1.212227181,0.9571262889,0.8513580414,0.05,0.740078747,1.292262339,0
0.1812475101,0.9838160364,1.212227181,0.2273643452,0.8833771536,1.333295419,1.177802712,1.19260854,0.1,0.8334501705,1.352331218,0
0.3865938506,0.6805906838,1.333295419,0.2510075117,0.4861334994,1.108227667,0.972292995,0.9074284408,0.15,0.8480566377,1.416132258,1
0.3542783815,0.3676134599,1.108227667,0.2309595199,0.89941237,0.8131733384,0.8798613398,0.407399407,0,0.4339499862,0.6997451835,0
0.3583898336,0.9813836773,0.8131733384,0.1187468002,0.7520223482,0.9764210245,0.7342904317,0.7980350412,0.05,0.5241768392,0.684863282,0
0.3419285734,0.4281197486,0.9764210245,0.1483032217,0.03258588178,1.29328678,0.7045211117,0.4180251236,0.1,0.5750809141,0.7308543053,0
0.3364412743,0.563803199,1.29328678,0.1909923079,0.7723608544,1.313940569,1.014836261,0.7291592237,0.15,0.5088048343,0.9340640589,0
0.3660065632,0.9934506591,1.313940569,0.2022099689,0.9889925011,1.014744357,1.071536987,1.305335125,0.2,0.3744959244,1.206190311,0
0.3814677712,0.8629230825,1.014744357,0.1678893526,0.9296194059,0.8046677688,1.216534879,0.8756463287,0.25,0.4485738753,1.42212375,1
0.182907805,0.7937920523,0.8046677688,0.3333631312,0.9909336925,1.085377468,1.201373884,0.6387388796,0,0.5885482018,1.171705797,0
0.1380377271,0.997747001,1.085377468,0.1750834539,0.9968838508,1.352844693,1.348629027,1.082932114,0.05,0.7395473856,1.229363566,0
0.2655377614,0.7858057032,1.352844693,0.2277795497,0.5528374949,1.270824515,0.7025594415,1.063073075,0.1,0.784292157,1.299174378,0
0.4433757298,0.4252068052,1.270824515,0.2314752148,0.4659121475,0.9250708041,1.056052527,0.5403632322,0.15,0.7945666464,1.354413144,0
0.5624992618,0.7176617775,0.9250708041,0.2061480065,0.9887471874,0.8443796053,0.8348779598,0.6638879576,0.2,0.8641072063,1.355740328,0
0.5924692997,0.8564645091,0.8443796053,0.227234984,0.3533720454,1.193318201,0.4305760052,0.7231811641,0.25,0.9521736916,1.354056906,0
0.5747404102,0.1597392685,1.193318201,0.2996158726,0.4848334909,1.388045816,0.883150695,0.1906197765,0.3,0.9438969899,1.470862493,0
0.5858044349,0.8943867174,1.388045816,0.3447982059,0.9844354713,1.208055721,1.189252903,1.241449741,0.35,0.8209365751,1.722828579,1
0.1667751023,0.8344570792,1.208055721,0.4424247895,0.9991236238,0.8523847747,1.008911392,1.008070649,0,0.2003481312,0.5293231879,0
0.2227728149,0.8608089541,0.8523847747,0.1229640161,0.6176151519,0.9212823043,1.351018726,0.7337404464,0.05,0.0615891095,0.751705092,0
0.226174328,0.5636211454,0.9212823043,0.06498198622,0.8822279713,1.290133218,1.380229061,0.5192541876,0.1,0.3307403576,0.8802112053,0
0.1362564253,0.7944048618,1.290133218,0.1007225632,0.9466704971,1.398327533,1.32375542,1.024888101,0.15,0.5318576604,0.9593064167,0
0.1090471221,0.3811181558,1.398327533,0.1794912027,0.2655821703,1.131328862,0.95355648,0.5329280105,0.2,0.6231697728,1.038219665,0
0.2950036645,0.6307090755,1.131328862,0.2040001373,0.8628557708,0.8095670242,1.028651492,0.7135393809,0.25,0.6675002168,1.08953526,0
0.4492996576,0.9565766007,0.8095670242,0.1761817464,0.886725236,1.019061464,0.9036275168,0.774412872,0.3,0.749383672,1.073634261,0
0.5203203805,0.7000647768,1.019061464,0.1765694454,0.436156453,1.369597954,0.5973589854,0.713409036,0.35,0.8314969084,1.055933073,0
0.5362291976,0.431749816,1.369597954,0.2426426142,0.5753896392,1.384947222,0.8045774464,0.5913236644,0.4,0.8054382514,1.18107728,0
0.5561952835,0.9004097458,1.384947222,0.2881718753,0.9860548093,1.047645426,1.046619311,1.247019976,0.45,0.6633862104,1.446667056,0
0.5792771857,0.9605987081,1.047645426,0.2677489499,0.9111723264,0.8047475457,1.412712602,1.006366842,0.5,0.6131149538,1.706341345,0
0.5349597555,0.9461218242,0.8047475457,0.2296540593,0.9765354883,1.123181812,1.226531522,0.7613892159,0.55,0.8308746597,1.869953851,0
0.4069430842,0.7352542921,1.123181812,0.2750059164,0.5144763971,1.428430599,0.7348938282,0.8258242481,0.6,1.096909586,1.960545282,0
0.36584852,0.7125485297,1.428430599,0.3628456729,0.8616445545,1.350527798,1.163674922,1.017826123,0.65,1.244807322,2.039546331,1
0.1983876369,0.8980138224,1.350527798,0.1820007343,0.9995886364,0.9650111181,0.9840156278,1.21279263,0,0.9331801637,1.585159173,0
0.4460673636,0.8405152667,0.9650111181,0.333941646,0.8922113263,0.8373408554,1.398447288,0.8111065773,0.05,0.9716205021,1.619399665,0
0.6329440617,0.9898515619,0.8373408554,0.2843309676,0.9214994299,1.223246431,1.127220889,0.8288431536,0.1,1.064717138,1.635249058,0
0.7024295943,0.6828468924,1.223246431,0.2936716458,0.4788676847,1.465500188,0.7017806818,0.8352900243,0.15,1.142702821,1.582085554,0
0.7120875565,0.4432529886,1.465500188,0.3698493853,0.6049755922,1.298627356,0.7884854737,0.6495873379,0.2,1.086387923,1.4575185,0
0.7380530736,0.9321775964,1.298627356,0.4071379859,0.9981736056,0.8920069823,0.8903778257,1.210551328,0.25,0.9682938194,1.359352813,0
0.7599394413,0.8852470555,0.8920069823,0.3711109242,0.8852470555,0.8920069823,0.7896465545,0.7896465545,0.3,0.847994339,1.384832298,0
0.2723794636,0.7745175434,0.922805212,0,0.9683318706,1.166835918,1.192358372,0.7147288258,1,0.570141105,0.8508792142,0
0.3127257558,0.9403696974,1.166835918,0.1875856653,0.849392141,1.192367918,1.012787939,1.097257139,1,0.569137125,0.8025659129,0
0.3632534802,0.7419184319,1.192367918,0.1737117176,0.8631264529,0.9699136271,0.8371581086,0.8846397357,1,0.5545819702,0.7487685375,0
0.3917780945,0.9723203752,0.9699136271,0.1690238488,0.8810749492,0.7869296266,0.6933439808,0.9430667818,1,0.530494638,0.7088492374,0
0.3953015212,0.6151094612,0.7869296266,0.1760939805,0.1936382982,0.9692554659,0.89485823,0.4840478587,1,0.4886437686,0.7054291553,0
0.384075698,0.5640745189,0.9692554659,0.180155041,0.8416505082,1.205646625,1.13145228,0.5467323106,1,0.4260746978,0.7446255987,0
0.359658514,0.9888019008,1.205646625,0.1768554584,0.9987116431,1.191986926,1.190451222,1.192145675,1,0.3789062894,0.7982272762,0
0.3169786689,0.9451879814,1.191986926,0.1697046409,0.9747626706,0.9407646097,0.9170222234,1.126651717,1,0.3921587042,0.83373783,0
0.2544642269,0.996200118,0.9407646097,0.1708478467,0.7989279377,0.790539663,0.6315842226,0.9371898152,1,0.4504670959,0.8384964805,0
0.2088468843,0.4495662806,0.790539663,0.1787364505,0.4717138931,1.015168001,1.073510841,0.3553999759,1,0.5019059279,0.8155852368,0
0.2266922115,0.970009619,1.015168001,0.1804494443,0.9921204794,1.236196422,1.226455787,0.9847227258,1,0.5206025719,0.7771867936,0
0.2848848262,0.7648573097,1.236196422,0.1705354238,0.6205983326,1.183626994,0.7929371954,0.9455138695,1,0.514826579,0.7327988148,0
0.332285276,0.5911443138,1.183626994,0.1588684862,0.8392805476,0.9109651838,0.7773960603,0.6996943673,1,0.4976174158,0.6872973894,0
0.350001812,0.982576017,0.9109651838,0.1585569354,0.7908447278,0.8017477807,0.6340580054,0.895092542,1,0.4715511739,0.660991698,0
0.3450748983,0.4786528255,0.8017477807,0.1652869867,0.3794995272,1.058575297,0.994045021,0.3837588405,1,0.4295906148,0.6742828436,0
0.325511384,0.7346634503,1.058575297,0.1705342984,0.9242900568,1.258111278,1.162859745,0.7776965804,1,0.373849121,0.7211443486,0
0.2942670098,0.996417939,1.258111278,0.1663215338,0.9577631957,1.167893059,1.118564988,1.253604647,1,0.3482365792,0.773189636,0
0.2483714133,0.7977631162,1.167893059,0.1618888511,0.9064972452,0.8817973274,0.7993468481,0.9317020059,1,0.3834965182,0.8021288586,0
0.1945101987,0.9755364436,0.8817973274,0.1657730919,0.7931464859,0.819425347,0.6499243345,0.8602254287,1,0.4454002125,0.8016935065,0
0.180696925,0.7323956891,0.819425347,0.1727999515,0.8201435156,1.09804032,1.198257202,0.6001435917,1,0.4878677417,0.7777595291,0
0.2282621782,0.9889931898,1.09804032,0.171627777,0.8937472216,1.271239412,1.136166693,1.085954399,1,0.4964946826,0.7427800051,0
0.2886177062,0.5508780266,1.271239412,0.1611567602,0.3454816943,1.145418849,0.8378442996,0.7002978588,1,0.4856943177,0.702212494,0
0.3246686827,0.4626349462,1.145418849,0.1527388484,0.8474964651,0.8544983372,0.7963929128,0.5299107877,1,0.4677787652,0.6670088453,0
0.3290846648,0.9924823904,0.8544983372,0.1555626765,0.7377476315,0.8422466118,0.6602247969,0.8480745523,1,0.443011107,0.6533090182,0
0.3140853643,0.4886526778,0.8422466118,0.1627030919,0.5707069151,1.132518539,1.051173099,0.4115660623,1,0.4024052701,0.6759444781,0
0.2885206622,0.8749109184,1.132518539,0.1662374148,0.983199638,1.275546237,1.254116598,0.9908528353,1,0.3616181428,0.7242138671,0
0.2565945193,0.932904787,1.275546237,0.1623063754,0.818612878,1.116855522,0.9142723136,1.18996319,1,0.3588640752,0.7702434284,0
0.2169720532,0.4590050473,1.116855522,0.1587154583,0.773942648,0.8302854309,0.8842559256,0.5126423219,1,0.40520128,0.7920243013,0
0.1921602484,0.9344335683,0.8302854309,0.1637050268,0.9174425911,0.868852105,0.9759731532,0.7758465779,1,0.4613526935,0.7885562764,0
0.2132384929,0.9654886271,0.868852105,0.1691795098,0.9877459468,1.161220212,1.269772753,0.838866826,1,0.4918298977,0.7668555501,0
0.2675817628,0.9169036641,1.161220212,0.1661151852,0.7808669716,1.271047247,0.9925188144,1.064727067,1,0.4914391593,0.7387887776,0
0.3158011361,0.3966116206,1.271047247,0.1565174143,0.1042355879,1.082902797,0.8965244371,0.5041121084,1,0.4783783995,0.7085452606,0
0.3359602976,0.4196448826,1.082902797,0.1514000399,0.8849029603,0.8103718061,0.8507558541,0.454434617,1,0.4634905145,0.6850795334,0
0.3274039302,0.9988073293,0.8103718061,0.1561247978,0.7573968303,0.8979298247,0.8862876383,0.8094052994,1,0.4448563014,0.6824085041,0
0.3054264634,0.657102784,0.8979298247,0.1634227824,0.7597091405,1.183495619,1.135301076,0.5900321877,1,0.4157448589,0.7108690608,0
0.2804286581,0.9731312806,1.183495619,0.1659847763,0.9979636552,1.257782558,1.255221279,1.151696607,1,0.3939825124,0.7580999694,0
0.2586318716,0.7890102761,1.257782558,0.1629821196,0.5620689027,1.044381132,0.8995597483,0.9924033634,1,0.4080883394,0.7984179468,0
0.2429524303,0.1053248382,1.044381132,0.1612072217,0.7208645114,0.7959476532,1.073691456,0.1099992737,1,0.4554703616,0.8185167361,0
0.249016218,0.9209087337,0.7959476532,0.1667341223,0.9898179905,0.9282269351,1.198163743,0.7329951454,1,0.5008348101,0.8147507194,0
0.2838681769,0.9995508824,0.9282269351,0.1708213603,0.9937636991,1.198755285,1.191279487,0.9278100521,1,0.5191831875,0.7987275338,0
0.3298937312,0.8470712585,1.198755285,0.1669719357,0.7023432628,1.235834588,0.8679800969,1.015431148,1,0.5157823569,0.7803832857,0
0.3619124327,0.3214753728,1.235834588,0.1589036702,0.0717830436,1.002339063,0.9583806855,0.397290385,1,0.5045747247,0.7615118413,0
0.3669863536,0.4767005107,1.002339063,0.1564821888,0.933987271,0.7881032859,0.9775466726,0.4778155433,1,0.496963671,0.748623044,0
0.3524946672,0.9996794935,0.7881032859,0.163068591,0.826126598,0.9585212971,1.041741477,0.7878506936,1,0.4877457365,0.7544287879,0
0.3292668335,0.84016446,0.9585212971,0.171953031,0.9107663616,1.206431167,1.186983254,0.805315528,1,0.4710693384,0.7855958651,0
0.3126498344,0.9985286987,1.206431167,0.1739337757,0.9449298049,1.205388005,1.139007052,1.204656144,1,0.4642919793,0.8302212912,0
0.3075133991,0.626380742,1.205388005,0.1716620616,0.2759614121,0.9581833956,0.9592235102,0.7550318327,1,0.4867347104,0.8647998291,0
0.3137643331,0.2861461698,0.9581833956,0.1708818384,0.7905748523,0.7876887046,1.169861828,0.2741805086,1,0.5297363952,0.8806355715,0
0.3353580057,0.9282872475,0.7876887046,0.1766179614,0.9999041582,0.9875831812,1.203283139,0.7312013795,1,0.5635625886,0.8777308515,0
0.3704884317,0.9799831197,0.9875831812,0.1799027494,0.9604790544,1.205980646,1.15831915,0.9678148469,1,0.5716450375,0.8679311252,0
0.4052973186,0.7804666836,1.205980646,0.1758442989,0.617639369,1.166828773,0.720679387,0.941227715,1,0.564812498,0.8568689204,0
0.422843828,0.2567740321,1.166828773,0.1691770495,0.2230569458,0.9138091705,1.013996743,0.2996113288,1,0.5581106197,0.8451676074,0
0.4162495313,0.5874269565,0.9138091705,0.1689046154,0.974035789,0.7951338783,1.06111395,0.5367961398,1,0.5584550887,0.8376188737,0
0.3967615753,0.9967472825,0.7951338783,0.1772253832,0.9006561956,1.014150669,1.085779124,0.7925475324,1,0.5560189438,0.8501033097,0
0.3781205052,0.9560309508,1.014150669,0.1855947437,0.9891506508,1.196931785,1.183945854,0.9695594279,1,0.5483796269,0.8887205007,0
0.3738444666,0.9499030996,1.196931785,0.186745965,0.8254674719,1.120877146,0.9252476242,1.136969212,1,0.5504164574,0.9538823916,0
0.3840288336,0.4840758176,1.120877146,0.181817737,0.02095758037,0.8716875946,0.01826846283,0.5425895209,1,0.5875808447,1.031012032,0
0.4033747228,0.4474643318,0.8716875946,0.1834560027,0.4474643318,0.8716875946,0.390049107,0.390049107,1,0.6506454494,1.094560556,0
0.04667778201,0.9499888064,0.9630001417,0,0.7454080691,1.449980288,1.080827007,0.9148393552,1,0.1773954292,0.2969722598,0
0.07350616074,0.9919401734,1.449980288,0.05028587555,0.9819438254,1.614838933,1.58568112,1.438293699,1,0.3142477689,0.2149292212,0
0.0243317248,0.6758924894,1.614838933,0.0920647684,0.7919747114,1.295937722,1.026349903,1.091457507,1,0.360755108,0.3518413809,0
0.1736945509,0.9424110898,1.295937722,0.1543749815,0.9508167211,0.8488329182,1.534792003,1.221306081,1,0.2862405204,0.5384405307,0
0.3127181498,0.9677621419,0.8488329182,0.1405310642,0.9962840493,1.086294474,1.575207398,0.8214683631,1,0.2040185392,0.6280170681,0
0.3595884408,0.9969769017,1.086294474,0.06037185456,0.9983733335,1.537234866,1.569445298,1.083010499,1,0.3294011077,0.5995740538,0
0.2775008283,0.987711882,1.537234866,0.116885497,0.9662608484,1.575244,1.522096604,1.518345142,1,0.4964529315,0.5186366896,0
0.160580913,0.7076001954,1.575244,0.2250710957,0.3403435119,1.164631789,1.217057235,1.114642963,1,0.5697778152,0.4695241482,0
0.2840936175,0.8381472572,1.164631789,0.2657046125,0.9801846974,0.829540643,1.305419302,0.9761329398,1,0.5307043493,0.4777637798,0
0.4635927049,0.9947863422,0.829540643,0.2218255893,0.9151212142,1.218476532,1.397218465,0.8252157019,1,0.4385099654,0.5233078517,0
0.541602342,0.9085625736,1.218476532,0.1327585247,0.9137948868,1.593430797,1.456068915,1.107062174,1,0.3533157992,0.6509447468,0
0.4940070199,0.9549026413,1.593430797,0.123665687,0.9736736736,1.502022736,1.462479995,1.521571277,1,0.3084090374,0.87191755,0
0.3757015482,0.9979264483,1.502022736,0.1802415668,0.9859624739,1.031713479,1.340379801,1.498908214,1,0.3330065511,1.096726924,0
0.2573065419,0.8473434927,1.031713479,0.1881102609,0.9993610957,0.8748074499,1.284578175,0.8742157026,1,0.493559788,1.234860684,0
0.1975954363,0.9127149707,0.8748074499,0.1462388963,0.5150118806,1.344023816,0.6921882329,0.798449856,1,0.7363861106,1.251171937,0
0.226867138,0.5907807077,1.344023816,0.157580006,0.7878925799,1.614788923,1.291128619,0.7940233411,1,0.953808222,1.185183021,0
0.3947777777,0.9961420468,1.614788923,0.2430889005,0.9935112385,1.398348717,1.389275166,1.608559143,1,1.073314469,1.105116715,1
0.08009404887,0.8563424826,1.398348717,0.3352646569,0.9916835275,0.9156848301,1.21798577,1.197465412,0,0.5174906587,0.3738935369,1
0.08171414863,0.8108728696,0.9156848301,0.04327116462,0.9425184039,0.9722712146,1.069823524,0.7425039858,0,0.2231368802,0.3637169664,0
0.2267063104,0.9485302114,0.9722712146,0.1751732915,0.9522185284,1.451201747,1.568280563,0.9222286207,0.05,0.1761492616,0.2574775299,0
0.2474517512,0.9860192679,1.451201747,0.06376115158,0.9999718395,1.598545329,1.598500313,1.430912885,0.1,0.2494957965,0.2200561191,0
0.1563747639,0.9590589676,1.598545329,0.1195069708,0.8153385539,1.269816742,1.035330547,1.533099233,0.15,0.2599806298,0.4191938144,0
0.1065802894,0.6966809662,1.269816742,0.1759877245,0.8759771547,0.8417225645,1.186131504,0.8846571551,0.2,0.1327719389,0.613203112,0
0.2028103639,0.9784755762,0.8417225645,0.1428961713,0.8320114683,1.09949833,1.278732079,0.8236049712,0.25,0.1550327179,0.6859502666,0
0.2196133553,0.8099687493,1.09949833,0.04192757635,0.8563147871,1.530565421,1.378156512,0.8905592875,0.3,0.4180784353,0.6209474971,0
0.0967631522,0.7125716179,1.530565421,0.1281443487,0.7961035041,1.543281232,1.228611597,1.090637478,0.35,0.6163710221,0.4804723443,0
0.1601460274,0.9951935728,1.543281232,0.2361901908,0.9988451314,1.126374963,1.158814086,1.535863564,0.4,0.6797822345,0.3526833532,1
0.05606313127,0.8910581018,1.126374963,0.1239541719,0.9994005405,0.8339788024,1.48896338,1.003665536,0,0.2829484443,0.2523024765,0
0.2575532895,0.9991247933,0.8339788024,0.2066989834,0.9981123423,1.234252643,1.574177105,0.8332488986,0.05,0.1551298682,0.1837470045,0
0.3275694029,0.9995247428,1.234252643,0.07872641531,0.9915252366,1.574307224,1.560965343,1.233666055,0.1,0.1486827951,0.1857656361,0
0.2564060283,0.9568910307,1.574307224,0.08597170769,0.9062795662,1.449779766,1.313905777,1.506440462,0.15,0.183372457,0.4232775544,0
0.1126588356,0.6693415259,1.449779766,0.1622144211,0.6767842497,0.985322392,1.304805052,0.9703978007,0.2,0.09167940701,0.6642004842,0
0.0897546777,0.995185902,0.985322392,0.161150065,0.5474386737,0.8980629842,1.073517346,0.9805789534,0.25,0.1507079079,0.7966286451,0
0.1417266991,0.6974189199,0.8980629842,0.07525968515,0.8576562185,1.357959338,1.472327476,0.6263261165,0.3,0.4266139446,0.786227829,0
0.0588895238,0.9085086995,1.357959338,0.08345119414,0.9638715118,1.576384617,1.519432224,1.233717872,0.35,0.6614312935,0.6779319026,0
0.1509869981,0.9938565894,1.576384617,0.2092175402,0.9992779264,1.322429153,1.321474262,1.566700239,0.4,0.7766281324,0.5546792459,0
0.4181235627,0.9997906226,1.322429153,0.2676657238,0.9981480991,0.8743877063,1.411000221,1.322152266,0.45,0.7517433996,0.4941692183,0
0.6478292599,0.9942486829,0.8743877063,0.2333129021,0.9672404584,1.014712547,1.426851486,0.8693588253,0.5,0.6395412873,0.5189647593,0
0.7625085554,0.9425776923,1.014712547,0.1317289839,0.9374739594,1.455597717,1.415956775,0.9564454113,0.55,0.5088140664,0.657130564,0
0.7362876289,0.926619806,1.455597717,0.09204722019,0.928305176,1.533221963,1.423297884,1.348785674,0.6,0.4199645738,0.9029319046,0
0.6149419456,0.9562404657,1.533221963,0.1650204575,0.9593803943,1.17136658,1.14591213,1.466128884,0.65,0.4196069086,1.164185822,0
0.466512314,0.9971872273,1.17136658,0.1869509251,0.993780784,0.8282547483,1.474752612,1.168071792,0.7,0.5731163759,1.342219234,0
0.3666551926,0.9927403803,0.8282547483,0.1382613705,0.9347646418,1.154088222,1.356360314,0.8222419338,0.75,0.8361111775,1.384704722,0
0.3758660767,0.8288942485,1.154088222,0.1162833999,0.8458340063,1.515321681,1.281710609,0.9566170891,0.8,1.092420795,1.308741483,0
0.5336439673,0.9303607637,1.515321681,0.2107991516,0.9586576038,1.444839911,1.385106767,1.409795837,0.85,1.251109174,1.196917124,0
0.7904151889,0.9950052758,1.444839911,0.2853180806,0.9960925012,1.015745515,1.258369983,1.437623334,0.9,1.275458995,1.116289791,1
0.1348335262,0.7462460094,1.015745515,0.7113721843,0.9997721039,0.8674943207,1.304726248,0.7579960373,0,0.3286129782,0.4260328861,0
0.3029043208,0.996182118,0.8674943207,0.2021982669,0.9860885529,1.288962683,1.523689423,0.8641823297,0.05,0.2365060356,0.3549079101,0
0.3441677584,0.999985068,1.288962683,0.09003681025,0.9907089144,1.528669437,1.514466438,1.288943436,0.1,0.2560318078,0.3369366382,0
0.2551639464,0.9090208564,1.528669437,0.1306875954,0.7746259482,1.316409126,1.019724667,1.389592401,0.15,0.2669043053,0.5056124301,0
0.1358316879,0.09063366281,1.316409126,0.1876621433,0.5766840729,0.8875666112,1.112352915,0.1193109808,0.2,0.1703947262,0.7069778134,0
0.1562821932,0.9882092502,0.8875666112,0.1678553447,0.4633850507,0.9773782441,0.7609010088,0.8771015353,0.25,0.2076185501,0.9292105256,0
0.1799405428,0.4044238392,0.9773782441,0.07834855528,0.6835081365,1.398230899,1.242333745,0.3952750618,0.3,0.4663045878,1.150166923,0
0.08284467048,0.8302234474,1.398230899,0.1185950036,0.9662641235,1.491287352,1.440977466,1.160844077,0.35,0.6859633315,1.354881211,0
0.1894652573,0.9458007604,1.491287352,0.2330870539,0.9210350975,1.160487815,1.068850008,1.410460712,0.4,0.8990090957,1.545146577,0
0.4566765656,0.9682060615,1.160487815,0.2733440977,0.9682060615,1.160487815,1.123591337,1.123591337,0.45,1.106525594,1.732859376,0
0.2315464492,0.8410393732,0.9828292174,0,0.7874166738,1.302037849,1.025246312,0.8265980689,1,0.3081624276,0.4788591904,0
0.2414932207,0.3435106055,1.302037849,0.130235057,0.3277308001,1.330217377,0.7539116809,0.44726381,1,0.2461450365,0.5126863888,0
0.241307972,0.3860761998,1.330217377,0.1022564887,0.7253163255,1.03563166,0.8132001168,0.5135652697,1,0.2431285976,0.52818484,0
0.2118998352,0.9088113523,1.03563166,0.08390234986,0.9241949213,0.8074021482,0.7925088343,0.9411938097,1,0.3123396243,0.5027286944,0
0.1615825973,0.7361819858,0.8074021482,0.09372116498,0.5720041415,1.075927613,1.220515489,0.5943949168,1,0.3816548729,0.4553282095,0
0.1450744406,0.9622595719,1.075927613,0.115222967,0.9969884974,1.361733284,1.35763242,1.035321644,1,0.4016710986,0.4471521934,0
0.2088088158,0.7692429272,1.361733284,0.1253568555,0.540840418,1.305907871,0.706287759,1.047503697,1,0.3581603117,0.5003875858,0
0.2901535802,0.3873397591,1.305907871,0.110691149,0.2267882809,0.9636841314,1.151808673,0.5058300403,1,0.2992498248,0.5746035225,0
0.3321195656,0.424284458,0.9636841314,0.07794047285,0.9126824611,0.8302768313,1.300541727,0.4088761994,1,0.3160593359,0.6272492394,0
0.3072231266,0.9478626109,0.8302768313,0.08721634465,0.9900858998,1.16801084,1.35203199,0.7869883651,1,0.3776075481,0.6685531393,0
0.2431748274,0.9999421295,1.16801084,0.1386991348,0.9996267901,1.401504585,1.40098153,1.167943247,1,0.4036742179,0.7472822209,0
0.2190077004,0.8376855368,1.401504585,0.1668752688,0.6671980234,1.263811868,0.8432127801,1.174020121,1,0.3844377212,0.8532694794,0
0.2526438922,0.215992683,1.263811868,0.1440835317,0.3940601135,0.8977289719,1.12353807,0.2729741161,1,0.4104620395,0.9257645309,0
0.2757985064,0.726088131,0.8977289719,0.1095031889,0.9679290141,0.8803042346,0.8520720099,0.6518303513,1,0.5280424336,0.9328690526,0
0.259730536,0.8167543726,0.8803042346,0.1315827349,0.5066166492,1.252208743,0.941807643,0.7189923328,1,0.64568682,0.9108354451,0
0.2699036993,0.8488981161,1.252208743,0.1911889272,0.9529778933,1.420920421,1.354105749,1.062997643,1,0.6721599174,0.9334098201,0
0.3635310599,0.9454513493,1.420920421,0.2194360219,0.777308547,1.207379939,0.9385067463,1.343411129,1,0.6107339979,1.019578538,0
0.4660886701,0.4674258666,1.207379939,0.1984632258,0.215134304,0.8455465893,1.308937001,0.5643606144,1,0.561598986,1.112311821,0
0.4925153716,0.5368829087,0.8455465893,0.1710025547,0.9975656501,0.9488195211,1.222669955,0.4539595123,1,0.6105047523,1.170071441,0
0.4338541445,0.9785770386,0.9488195211,0.2053493231,0.861038089,1.324096978,1.198446244,0.9284929972,1,0.6914410403,1.228873451,0
0.3596476319,0.9247759704,1.324096978,0.2651757615,0.9768756748,1.420519056,1.387670511,1.224493068,1,0.7123320728,1.327456183,0
0.3697836662,0.9241249788,1.420519056,0.2748066676,0.708672212,1.140527273,0.8665543714,1.312737142,1,0.7025445696,1.444032978,0
0.4328304524,0.294297011,1.140527273,0.2462804403,0.6182562109,0.8139885347,1.209330646,0.3356537675,1,0.7633469989,1.50368156,0
0.456144563,0.9064050903,0.8139885347,0.2280910276,0.8699975097,1.026925034,0.8934222223,0.7378033513,1,0.9004748202,1.499454618,0
0.4434717213,0.6397068141,1.026925034,0.2741919223,0.5325610041,1.380970001,0.9765028076,0.6569309418,1,1.000150519,1.494081892,0
0.4837044273,0.9072734762,1.380970001,0.3310165522,0.9882019007,1.401435315,1.384901042,1.252917454,1,0.9865751081,1.5500959,0
0.594542701,0.9006138519,1.401435315,0.3400105012,0.6300218565,1.067587148,0.9994967476,1.262152057,1,0.91350733,1.650659737,0
0.6799204767,0.2162173248,1.067587148,0.3074787134,0.6408840393,0.8074442393,1.324188616,0.2308308372,1,0.909352515,1.736279751,0
0.6653961944,0.8985736003,0.8074442393,0.3060435401,0.938785191,1.107237485,1.116234568,0.7255480772,1,0.992152897,1.791860564,0
0.5821722239,0.7991381189,1.107237485,0.3606924348,0.7470693146,1.421229613,1.139615521,0.8848356806,1,1.059284684,1.868695126,0
0.5414888501,0.9524449032,1.421229613,0.4095741776,0.9996926401,1.365154846,1.364735253,1.353642901,1,1.057968875,1.982539597,0
0.5940772997,0.8228262161,1.365154846,0.3964732262,0.4662697944,0.9934208104,1.163078593,1.123285197,1,1.067199519,2.080485654,0
0.6531562072,0.2673716883,0.9934208104,0.3638640311,0.9283045237,0.8265475019,1.099093868,0.2656125993,1,1.169708333,2.111063299,0
0.6565234184,0.9921255886,0.8265475019,0.3747054681,0.6563471914,1.18414314,0.7772090244,0.8200389269,1,1.307027714,2.098201116,0
0.6557699768,0.5865400524,1.18414314,0.4351726309,0.70607126,1.443932407,1.155095881,0.6945473795,1,1.356469642,2.118086571,0
0.7322733318,0.9882364898,1.443932407,0.4747399726,0.9859057599,1.313412475,1.294900925,1.426946694,1,1.301632981,2.201373338,1
0.09332950839,0.5914616997,1.313412475,0.6697943901,0.1035770729,0.9236323703,1.252310538,0.7768331751,0,0.0907264838,0.2478435253,0
0.1525493108,0.279370485,0.9236323703,0.06375395293,0.7008624516,0.8681451377,1.43307566,0.2580356232,0.05,0.0678508907,0.3007692177,0
0.1488081742,0.7012095481,0.8681451377,0.007928419912,0.9891248014,1.253407288,1.4294513,0.6087516597,0.1,0.1862479662,0.3354298322,0
0.0736841598,0.9978816964,1.253407288,0.07674269046,0.9658935681,1.448497917,1.399094821,1.25075219,0.15,0.2438078126,0.4175434432,0
0.04560245546,0.9995951199,1.448497917,0.1127593505,0.9992168638,1.248251542,1.247273991,1.447911449,0.2,0.2253308485,0.5471309771,0
0.1484389414,0.9308534308,1.248251542,0.1068192355,0.9568087396,0.8647054319,1.14271838,1.16193923,0.25,0.2244298018,0.6369199268,0
0.1980370859,0.9543523266,0.8647054319,0.06008171241,0.9443027041,0.9265917783,0.9981847638,0.8252336408,0.3,0.3430364862,0.6564770897,0
0.1759113656,0.7610293266,0.9265917783,0.0779075351,0.4515220663,1.311684318,0.5922544135,0.7051635171,0.35,0.4670313065,0.6461804631,0
0.1524524847,0.5009076199,1.311684318,0.1485069269,0.7541947053,1.434575832,1.100658891,0.6570326695,0.4,0.4921846233,0.6895904804,0
0.2365544082,0.9924678948,1.434575832,0.1800415912,0.8771466959,1.172257032,1.028241382,1.423770456,0.45,0.4259462828,0.790614752,0
0.3342737201,0.5916805696,1.172257032,0.156459449,0.2507299862,0.82366984,1.349255026,0.6936017085,0.5,0.3880932167,0.8828000141,0
0.3481803974,0.4944728024,0.82366984,0.1235129366,0.9973316487,0.9953341223,1.246273446,0.407282334,0.55,0.4707277433,0.9353705509,0
0.2747291692,0.9384580577,0.9953341223,0.1671053079,0.7162687645,1.356144935,0.9713642572,0.9340793272,0.6,0.5627225864,0.9984712252,0
0.2058358198,0.6490401776,1.356144935,0.2273761032,0.8269964887,1.402070493,1.159507375,0.8801925495,0.65,0.5758045743,1.107356392,0
0.269753161,0.9852438369,1.402070493,0.2309272871,0.8623860952,1.08896671,0.994141428,1.381381312,0.7,0.5630005974,1.219580254,0
0.3568628967,0.6592731017,1.08896671,0.1976358157,0.8544270455,0.8068206911,1.153153529,0.7179264605,0.75,0.6368965454,1.271186718,0
0.3735806944,0.9835957392,0.8068206911,0.1881689871,0.78775368,1.067918895,0.8412570399,0.7935853941,0.8,0.7766023671,1.275770423,0
0.3501771016,0.3842957919,1.067918895,0.246375501,0.2861129856,1.384279507,0.8685139049,0.4103967376,0.85,0.8512197641,1.211252502,0
0.3944157216,0.8754171708,1.384279507,0.2990686653,0.9815130045,1.351318666,1.326336844,1.211822049,0.9,0.815696179,1.119894184,0
0.5035867554,0.9072534601,1.351318666,0.2970422423,0.6298165363,1.003436558,0.6319809373,1.225988535,0.95,0.7494869693,1.09188623,0
0.5608438109,0.2468919531,1.003436558,0.2618330546,0.2468919531,1.003436558,0.2477404116,0.2477404116,1,0.6797961391,1.149825314,0
0.01506646811,0.9850345518,0.8470264219,0,0.9968525782,1.044694695,1.089815584,0.8343502918,1,0.760120785,1.227463683,0
0.2193684109,0.7546860036,1.044694695,0.2234001616,0.6850489162,1.098835092,0.784980908,0.7884164643,1,0.8724385212,1.25469411,0
0.4400645553,0.8913720075,1.098835092,0.246965432,0.9679012442,0.9426374884,0.9123799978,0.9794708419,1,0.9172656143,1.312987424,0
0.6452174425,0.9994182198,0.9426374884,0.2562987639,0.8201654636,0.7851212461,0.6439293308,0.9420890805,1,0.9431867791,1.320800138,0
0.7737530904,0.6350537445,0.7851212461,0.2317393555,0.1228978119,0.9010763102,0.5980645047,0.4985941872,1,0.9811574808,1.248724977,0
0.7962232916,0.3052841419,0.9010763102,0.2517979979,0.6396267506,1.093006755,0.8545964882,0.2750843081,1,0.9824928194,1.204888579,0
0.7463717693,0.8943379461,1.093006755,0.3274456593,0.9690247297,1.092462011,1.058622705,0.9775174162,1,0.8848205272,1.33958722,0
0.6984396954,0.9639549323,1.092462011,0.3735335255,0.9391894482,0.89825133,0.9261685931,1.053084144,1,0.7303556409,1.598990323,0
0.672086175,0.6887533003,0.89825133,0.3598723967,0.9494745363,0.7865761726,0.9262964358,0.6186735681,1,0.7185510607,1.822541866,0
0.6030086322,0.9247320894,0.7865761726,0.3269377596,0.9699311239,0.9630965238,0.9739947693,0.7273722276,1,0.9174652377,1.962417681,1
0.2535965618,0.6012096861,0.9630965238,0.556962441,0.8266574494,1.134481138,0.9816455036,0.5790229587,0,0.4844098037,0.8415249086,0
0.2058173596,0.3897330218,1.134481138,0.1595519515,0.625504613,1.077952713,0.8064389191,0.4421447621,0.05,0.6014818773,0.979204408,0
0.273736156,0.8434201213,1.077952713,0.2368099781,0.9890256616,0.8575107868,0.8481001732,0.9091670077,0.1,0.63791006,1.15627751,0
0.4541269639,0.983324444,0.8575107868,0.231603195,0.6423967298,0.8071183846,0.5184902109,0.8432113177,0.15,0.7010813001,1.232753467,0
0.564917261,0.4498064531,0.8071183846,0.164807575,0.2549337525,1.027776474,0.6010583957,0.3630470578,0.2,0.8425678425,1.171953084,0
0.5630411106,0.4502609343,1.027776474,0.2025167232,0.6930851951,1.167637329,0.8684197112,0.4627675956,0.25,0.9488322873,1.104528255,0
0.534995405,0.9627406444,1.167637329,0.3141165761,0.9993786976,1.056415229,1.055758876,1.124131915,0.3,0.9142359151,1.220287491,0
0.6000293255,0.8214988566,1.056415229,0.3689470686,0.7122651619,0.8235764805,1.088708582,0.8678439031,0.35,0.7700210842,1.467287059,0
0.6996001398,0.4030490814,0.8235764805,0.3342620938,0.9067499555,0.8434498693,1.116341552,0.331941744,0.4,0.7209457127,1.681807385,0
0.6983800654,0.9247422059,0.8434498693,0.2860137806,0.9957485267,1.090849391,1.145453378,0.7799736927,0.45,0.8736871604,1.83702548,1
0.2792427465,0.5296088898,1.090849391,0.6362445367,0.7414975856,1.191703894,0.8919013418,0.5777235346,0,0.483494823,0.7407548503,0
0.244187499,0.5561223849,1.191703894,0.1699618837,0.8001340055,1.029285395,0.8235662461,0.6627332116,0.05,0.5620215553,0.8984873752,0
0.3237097796,0.9612411074,1.029285395,0.2333359521,0.9498069896,0.7990892463,0.7589805515,0.9893914332,0.1,0.5836968871,1.060271482,0
0.4736501053,0.850304044,0.7990892463,0.2017473056,0.3547752513,0.8908896881,0.5541655063,0.6794688177,0.15,0.6629483225,1.092920107,0
0.5400997609,0.2665382672,0.8908896881,0.1362427807,0.5024941205,1.149174803,0.7882870281,0.2374561937,0.2,0.8056081973,1.006371863,0
0.5085216927,0.7352187556,1.149174803,0.2133309238,0.8804239149,1.206499486,1.062231001,0.8448948683,0.25,0.879450453,0.9780428711,0
0.4954928389,0.9960672996,1.206499486,0.3179688663,0.9433674155,0.998199166,0.9416685673,1.201754685,0.3,0.8076901107,1.151335195,1
0.1560847777,0.190049546,0.998199166,0.4954531427,0.6681726643,0.7857350577,1.169286038,0.1897072983,0,0.5464388925,0.3650224635,0
0.3787487301,0.3990333396,0.7857350577,0.2877204304,0.6619227707,0.9446206389,1.11340189,0.3135344841,0.05,0.3862106517,0.366706537,0
0.5279771216,0.5261802032,0.9446206389,0.1674157385,0.7653216094,1.200624768,1.037865003,0.4970406798,0.1,0.2321399034,0.4090711012,1
0.5013534305,0.4449751628,1.200624768,0.2838093471,0.6717276322,1.212297266,0.8368871373,0.5342482017,0,0.4305398948,0.4921845853,0
0.4356703884,0.7796998085,1.212297266,0.1789003273,0.9589681531,0.9648639398,0.9252737904,0.9452279463,0.05,0.4412518338,0.5904362447,0
0.3729736487,0.9940205374,0.9648639398,0.2371720341,0.6409857961,0.7839666856,0.8116277564,0.959094572,0.1,0.4236707665,0.7091677352,0
0.3877769391,0.2890855867,0.7839666856,0.202352669,0.4628152224,1.000476944,1.061415908,0.2266334693,0.15,0.4645614625,0.7159178783,0
0.387365047,0.7125119941,1.000476944,0.122829256,0.9068063788,1.243901546,1.170097457,0.7128518224,0.2,0.5931852189,0.6190207725,0
0.3326130088,0.9997327889,1.243901546,0.1747982955,0.9811389841,1.209684558,1.186868679,1.243569162,0.25,0.6825911055,0.592409409,0
0.3592634676,0.6869051516,1.209684558,0.2662129096,0.4616754546,0.9309435582,1.054572319,0.8309385548,0.3,0.6530793482,0.7505673894,0
0.516148259,0.1621323237,0.9309435582,0.2831958168,0.6515342081,0.7930235069,1.264827912,0.1509360423,0.35,0.5533560246,0.944508629,0
0.6395314998,0.6518955456,0.7930235069,0.2185937165,0.9607707029,1.055237762,1.277645344,0.5169684917,0.4,0.531956405,1.092977207,0
0.63427627,0.927151819,1.055237762,0.1787006304,0.9778094937,1.278342006,1.249974949,0.9783656109,0.45,0.6092761052,1.264610531,0
0.5223824741,0.8774550796,1.278342006,0.252779058,0.8493757894,1.199429381,1.018766277,1.121687686,0.5,0.6678075011,1.514502075,0
0.4332605379,0.3965991672,1.199429381,0.3088523079,0.3293864488,0.897970289,1.10465058,0.4756926935,0.55,0.7379385701,1.753328705,0
0.4613412734,0.6311676592,0.897970289,0.2834551595,0.9998306834,0.8112516693,0.8705284864,0.5667698053,0.6,0.9365550565,1.84989184,0
0.502816287,0.8767238406,0.8112516693,0.236092783,0.4387766566,1.106609892,0.6868394126,0.7112436792,0.65,1.208366548,1.789835764,0
0.5274380225,0.5589477595,1.106609892,0.3058254684,0.7431383603,1.303730482,1.081056783,0.6185371196,0.7,1.384314941,1.709178339,0
0.6537876997,0.998573331,1.303730482,0.4123296973,0.9653010295,1.182365516,1.141338649,1.30187049,0.75,1.377860104,1.779448205,1
0.09452966311,0.5750594737,1.182365516,0.607288421,0.3440510194,0.8672932551,1.145422312,0.6799304911,0,0.6628582308,0.1395031121,1
0.1189554077,0.3231524859,0.8672932551,0.02806513934,0.870254025,0.8365702621,1.287061965,0.2802679714,0,0.4176797248,0.6477207158,0
0.2937910331,0.4034052603,0.8365702621,0.2343994114,0.66836445,1.153069725,1.068070511,0.3374768444,0.05,0.3870475844,0.6151347791,0
0.3705822813,0.4301809285,1.153069725,0.1250460569,0.6494975968,1.320130392,0.9228152449,0.496028605,0.1,0.4405203916,0.6289522573,0
0.3428025213,0.5207324875,1.320130392,0.1564572689,0.7646867115,1.159306936,0.8865066089,0.687434783,0.15,0.4914391258,0.762119655,0
0.3436682394,0.8997864528,1.159306936,0.2215229061,0.9882191328,0.8400662312,0.8301695225,1.043128676,0.2,0.5095244103,0.9083522956,0
0.4270020227,0.9032273416,0.8400662312,0.1990079698,0.3190184347,0.8668892494,0.8031126104,0.7587707888,0.25,0.5798702044,0.9349216652,0
0.4694486166,0.3375003585,0.8668892494,0.1318859825,0.6418601853,1.193663089,1.057147321,0.2925754325,0.3,0.7125251584,0.9190298877,0
0.4349464879,0.8496718866,1.193663089,0.1884003709,0.9618866704,1.327742219,1.277137542,1.014221969,0.35,0.7906876264,0.9057231526,0
0.4321531324,0.9614502857,1.327742219,0.2867456339,0.8465902659,1.13100048,0.9574939975,1.276558136,0.4,0.7405198152,1.007305712,0
0.5449981443,0.487603863,1.13100048,0.3165016323,0.2936900003,0.8172689388,0.2400237149,0.5514802032,0.45,0.7330847283,1.24283311,0
0.6527355003,0.3404605199,0.8172689388,0.265750103,0.3404605199,0.8172689388,0.2782478078,0.2782478078,0.5,0.8083369084,1.501043823,0
0.117809578,0.9927716968,0.8510515223,0,0.9870749106,1.223860817,1.440094969,0.8448998639,1,0.3807029664,0.716250004,0
0.1171799961,0.9748219704,1.223860817,0.1239712609,0.8615285056,1.460380121,1.258159103,1.193046413,1,0.440403288,0.7635799984,0
0.198559221,0.6835405186,1.460380121,0.1387429421,0.4961866778,1.281970373,0.9392430044,0.9982289853,1,0.4849564974,0.7982809672,0
0.2873248523,0.691946124,1.281970373,0.1372527637,0.9220531846,0.8901857353,0.8240921361,0.887054431,1,0.5440412698,0.8087072382,0
0.3518346795,0.9999998502,0.8901857353,0.14178986,0.6515386223,0.9438076571,0.6149271407,0.8901856019,1,0.603986149,0.8220748739,0
0.39927863,0.4367564825,0.9438076571,0.1632232554,0.5436566671,1.328664098,0.9725899811,0.4122141125,1,0.6226496671,0.8874841634,0
0.445956172,0.8097377155,1.328664098,0.1779991532,0.9154771481,1.429882518,1.30902477,1.075869431,1,0.5942238095,1.018332673,0
0.4869000685,0.9972951888,1.429882518,0.1662253815,0.9995166724,1.138434345,1.137884108,1.426014956,1,0.5881285621,1.169211405,1
0.03673732502,0.9397678495,1.138434345,0.455532593,0.9999997271,0.8281868857,1.381598537,1.069863996,0,0.1743834095,0.4567271805,0
0.07490134114,0.9867821484,0.8281868857,0.04243765448,0.8430339359,1.073543971,1.307778576,0.8172400343,0.05,0.2549170992,0.5376794448,0
0.110496509,0.9068215363,1.073543971,0.04139330287,0.8923229063,1.397189557,1.292642968,0.9735127928,0.1,0.3574091534,0.5930445055,0
0.1658682176,0.953578364,1.397189557,0.07192991899,0.9709846706,1.353379159,1.314110417,1.332329732,0.15,0.4497384618,0.6300509004,0
0.2542487314,0.9885066372,1.353379159,0.09799217696,0.9962685217,0.9910085621,0.9873106352,1.337824281,0.2,0.5224879033,0.6527507776,1
0.05398928545,0.87259833,0.9910085621,0.2122412438,0.9887065311,0.8535066348,0.9124227497,0.8647524164,0,0.2725786764,0.4036432718,1
0.03534228767,0.9937205959,0.8535066348,0.02569892696,0.9469852045,1.206665504,1.161085016,0.8481471217,0,0.1846774705,0.2700304433,0
0.1029192388,0.8842166336,1.206665504,0.07564237314,0.8384199976,1.4202292,1.190748562,1.06695371,0.05,0.2263867645,0.321408435,0
0.1426843402,0.8123608579,1.4202292,0.06063375985,0.8072202581,1.237920689,0.999274658,1.153738611,0.1,0.2357835128,0.4356108647,0
0.17335411,0.9122946578,1.237920689,0.06310524389,0.9589318044,0.8734002094,1.317031939,1.129348431,0.15,0.2420074953,0.572893237,0
0.1975693,0.9955218621,0.8734002094,0.0434745495,0.9999940076,0.9542781823,1.356856088,0.8694890028,0.2,0.3189599037,0.6854917567,0
0.2095258396,0.992739133,0.9542781823,0.02796445875,0.9840952332,1.318222126,1.3230217,0.9473492953,0.25,0.4479487279,0.7599698458,0
0.2369491084,0.963070632,1.318222126,0.07775632021,0.9526882229,1.394199136,1.328237097,1.269541016,0.3,0.5658604716,0.8106384377,0
0.3197597265,0.9834657077,1.394199136,0.1182777195,0.9658532294,1.098189668,1.060690037,1.37114704,0.35,0.649200447,0.8487030493,0
0.4378479038,0.9911216986,1.098189668,0.1277562246,0.9161903714,0.8260434966,1.15898772,1.088439609,0.4,0.710591248,0.8733432057,0
0.5483100986,0.8922705628,0.8260434966,0.1171718913,0.8065664568,1.092697509,1.110892392,0.7370542956,0.45,0.7613978501,0.897665312,0
0.6291157349,0.7567334376,1.092697509,0.1186367196,0.7950467375,1.392018763,1.106719976,0.8268807422,0.5,0.7887575643,0.9604186255,0
0.6824639096,0.8404872713,1.392018763,0.1353924701,0.8679701523,1.321372834,1.14691218,1.169974051,0.55,0.7873695517,1.082377115,0
0.716792704,0.9422237849,1.321372834,0.1359191604,0.9427931628,0.9588496861,1.1966184,1.245028913,0.6,0.7947806263,1.233650587,1
0.2213884844,0.664540956,0.9588496861,0.6174435504,0.9996995107,0.8701096076,1.136249354,0.637194887,0,0.3827036744,0.6247765673,0
0.2699081349,0.9374151504,0.8701096076,0.1283534018,0.8199151846,1.232517874,1.239996165,0.8156539287,0.05,0.3791649033,0.6810764158,0
0.2938520397,0.9263067999,1.232517874,0.09294250349,0.9763802061,1.419179373,1.385658648,1.141689687,0.1,0.4611017583,0.7105655188,0
0.2988321299,0.9923710831,1.419179373,0.1103576253,0.9238778443,1.21039563,1.118257706,1.408352571,0.15,0.5606148154,0.7262473479,0
0.3424057143,0.8704086702,1.21039563,0.1459786842,0.6836695546,0.8558910135,1.254108714,1.053538851,0.2,0.6233732704,0.7481243821,0
0.4400676636,0.8517736125,0.8558910135,0.1502553736,0.9094870766,0.9857568768,1.330052105,0.7290253805,0.25,0.6564540125,0.7744701109,0
0.5415105394,0.918809953,0.9857568768,0.11802173,0.940709468,1.348688459,1.291586018,0.9057232296,0.3,0.6859662305,0.8050056771,0
0.6102068624,0.9059218432,1.348688459,0.0871776549,0.8916965986,1.397208023,1.245885642,1.221806335,0.35,0.7127807969,0.8638194299,0
0.6462286801,0.8772015774,1.397208023,0.09553196315,0.8375117579,1.077245438,1.085578922,1.225633082,0.4,0.7292296941,0.966594355,0
0.6670029501,0.8902686563,1.077245438,0.1016125125,0.9076590483,0.8275859715,1.404254549,0.9590378489,0.45,0.7576753649,1.088933498,0
0.6836325393,0.9380932435,0.8275859715,0.07594040438,0.9729331756,1.132630072,1.389611853,0.7763528083,0.5,0.8358160226,1.189966101,0
0.7039642328,0.9514573405,1.132630072,0.060430931,0.953047116,1.42619114,1.359227353,1.077649196,0.55,0.9545161308,1.254146969,0
0.7461936531,0.9366632394,1.42619114,0.1055401655,0.9166136768,1.329497529,1.218635618,1.335860813,0.6,1.068231103,1.294599312,1
0.2730134763,0.5650832888,1.329497529,0.6379429873,0.8598506973,0.9467120434,1.036479551,0.7512768359,0,0.7554374686,1.26111767,0
0.3889322477,0.9976378049,0.9467120434,0.2686564761,0.9560476867,0.8871401046,1.456558776,0.9444757248,0.05,0.791526447,1.289609558,1
0.08486540914,0.9454550763,0.8871401046,0.3447106424,0.9661071916,1.276520905,1.233256026,0.8387511153,0,0.2520728883,0.3756941272,0
0.1349141041,0.7766454168,1.276520905,0.08852691793,0.6194573412,1.457706744,0.9029871436,0.9914041103,0.05,0.3054576539,0.398275119,0
0.1712240402,0.6241435378,1.457706744,0.08962812715,0.6739411635,1.225121162,1.007177071,0.909818244,0.1,0.3082206911,0.4970433959,0
0.2089708066,0.921273132,1.225121162,0.09730872958,0.9966728696,0.8524375721,1.368714692,1.12867121,0.15,0.2826565506,0.6420371753,0
0.2397338056,0.985710282,0.8524375721,0.07771182487,0.9826935138,1.00980276,1.410656454,0.8402564795,0.2,0.3316941975,0.7690196195,0
0.2437353472,0.9994736387,1.00980276,0.05867972848,0.9731216145,1.395373899,1.357868502,1.009271239,0.25,0.4657047,0.8536157632,0
0.2448663015,0.9053468787,1.395373899,0.09894425187,0.8643300237,1.442032148,1.246391681,1.263297404,0.3,0.5976465125,0.9115852919,0
0.3100354216,0.9535484562,1.442032148,0.1448304198,0.9493660153,1.098957225,1.123526414,1.375047529,0.35,0.6868688428,0.9585195961,0
0.433132911,0.9986828885,1.098957225,0.1573628568,0.9791486414,0.8276177915,1.354944144,1.097509776,0.4,0.7484559511,0.9885657692,0
0.5552329293,0.9652407639,0.8276177915,0.1433678032,0.887587591,1.157601572,1.251584279,0.7988504292,0.45,0.8055083101,1.010809141,0
0.6433241823,0.8103216505,1.157601572,0.1412886885,0.8044452564,1.476785992,1.187993486,0.9380296169,0.5,0.8459983916,1.006538226,0
0.6996760547,0.8295431438,1.476785992,0.164504723,0.8571461082,1.383019438,1.185449729,1.225057694,0.55,0.8485172013,0.9743972329,0
0.738410262,0.9463760554,1.383019438,0.1759482359,0.9692360139,0.9721874289,0.9422790684,1.30885648,0.6,0.8331731145,0.9479424893,0
0.7612047594,0.9968428132,0.9721874289,0.1573226704,0.9968428132,0.9721874289,0.9691180516,0.9691180516,0.65,0.8166095012,0.959478485,0
0.04025925287,0.2102065013,0.9039026594,0,0.6559555083,1.271308973,1.173407837,0.1900062156,1,0.3785732136,0.6158699306,0
0.1251640241,0.9658109078,1.271308973,0.1211266197,0.8374525497,1.390059952,1.164109251,1.227844073,1,0.4210187462,0.5961027912,0
0.2251191779,0.6253021302,1.390059952,0.1147894248,0.325526986,1.145599348,0.9389587847,0.869207449,1,0.4267999774,0.5747471986,0
0.2927604462,0.3011396744,1.145599348,0.1059797594,0.7627823782,0.8014436508,0.9185510809,0.3449854147,1,0.4200508117,0.5514219933,0
0.3205995482,0.9415673601,0.8014436508,0.113339617,0.8057055371,0.9398240873,0.757221471,0.7546131825,1,0.4071571324,0.5435042472,0
0.3169105403,0.4965387426,0.9398240873,0.1336736592,0.05447984879,1.302272598,0.6870895535,0.4666590706,1,0.3788092554,0.5864140333,0
0.2964115166,0.4661026792,1.302272598,0.1475100068,0.7012955001,1.386200243,0.9897798996,0.6069927471,1,0.3224995322,0.6889346293,0
0.264719671,0.9614138237,1.386200243,0.1466689175,0.9999380696,1.112412621,1.112343729,1.332712076,1,0.2911746093,0.8080214979,0
0.2228391843,0.8596997449,1.112412621,0.1420977574,0.8129691487,0.7876105553,1.27869241,0.9563408468,1,0.3618074122,0.8983789426,0
0.1652435328,0.8602007321,0.7876105553,0.1511769968,0.9260311056,0.9759078843,0.9037210571,0.6775031763,1,0.4855400428,0.9382607851,0
0.1527749271,0.7165135002,0.9759078843,0.1727117882,0.6915510484,1.326894995,1.118977071,0.6992511741,1,0.5809309173,0.9398948018,0
0.2383323232,0.9992485264,1.326894995,0.1918303084,0.9700889359,1.375356516,1.334218139,1.325897869,1,0.6166219911,0.9209479034,0
0.3438966018,0.7301128387,1.375356516,0.1881719155,0.405161919,1.076323754,0.9995823318,1.00416545,1,0.6124362584,0.9057221312,0
0.4138308837,0.2295801794,1.076323754,0.1791032738,0.805438617,0.779392371,1.001876492,0.2471026005,1,0.6008608926,0.8898646353,0
0.4324885631,0.9800253199,0.779392371,0.1863729294,0.7493259139,1.011560763,0.7579886929,0.7638242577,1,0.5877043566,0.8915755863,0
0.4122825425,0.3654217301,1.011560763,0.2087207164,0.2082430965,1.345229721,0.8306982658,0.369646284,1,0.5596455772,0.9454732869,0
0.3788436768,0.6542293666,1.345229721,0.2237558686,0.8558989111,1.3575577,1.161932157,0.8800887885,1,0.512715408,1.053832891,0
0.3452472878,0.9981894128,1.3575577,0.221231698,0.9087496397,1.03756715,0.9428887736,1.355099723,1,0.5060632755,1.169713262,0
0.3122987568,0.5183291909,1.03756715,0.2145125514,0.7307846143,0.7771264366,1.218271083,0.5378013414,1,0.5908896247,1.248680687,0
0.2791491638,0.954237733,0.7771264366,0.2253604167,0.8497514745,1.04637416,0.8891579855,0.7415633692,1,0.7123632976,1.275741851,0
0.2964122131,0.7655068555,1.04637416,0.2487055111,0.8096237009,1.357199783,1.22197741,0.8010065931,1,0.7959667718,1.271295868,0
0.3853145207,0.9999688472,1.357199783,0.2671469434,0.9607850614,1.332682784,1.280421711,1.357157502,1,0.8170513569,1.253899246,0
0.4863443663,0.6929077856,1.332682784,0.2608156281,0.31689844,0.9965049454,1.077359581,0.923426277,1,0.8050650428,1.241568446,0
0.5452841969,0.265960546,0.9965049454,0.2525531726,0.9157155384,0.7812247071,0.9926504052,0.2650309993,1,0.7936938701,1.22962854,0
0.5478725911,0.9984496623,0.7812247071,0.2642140299,0.6506291888,1.079972852,0.7026618606,0.780013545,1,0.7800911616,1.240647991,0
0.5147942886,0.3497390864,1.079972852,0.2883254727,0.4567310275,1.362554184,0.9076615618,0.3777087185,1,0.7492510284,1.309850872,0
0.4784774919,0.8492132812,1.362554184,0.3003544631,0.971295873,1.300531383,1.263200765,1.15709911,1,0.7106084343,1.425208957,0
0.449561776,0.9257080718,1.300531383,0.2940290783,0.6898009352,0.953804876,1.069451431,1.203912399,1,0.7275482551,1.534182523,0
0.424629763,0.2621776813,0.953804876,0.2875444562,0.8799038733,0.7921038495,1.102580715,0.2500663508,1,0.8287909787,1.598721251,0
0.4084091988,0.9998678593,0.7921038495,0.3030695943,0.7801414405,1.111895585,0.8862190237,0.7919991803,1,0.9461690124,1.61440586,0
0.4454548989,0.8254038028,1.111895585,0.3332979093,0.904713982,1.360869973,1.24127373,0.9177628445,1,1.009859542,1.601364704,0
0.5411466152,0.9906004307,1.360869973,0.3413648314,0.9026231522,1.260935576,1.138149644,1.348078381,1,1.01522604,1.592249965,0
0.6343463256,0.5729079854,1.260935576,0.3315229128,0.1868196298,0.9106369737,1.136310238,0.7224000604,1,0.9991050141,1.582152437,0
0.6761493442,0.4622414981,0.9106369737,0.3266504024,0.9932293047,0.8100530517,0.9612794354,0.4209341989,1,0.9895816188,1.575899419,0
0.661226658,0.9370170643,0.8100530517,0.3441483783,0.5544216772,1.141517237,0.7303736615,0.7590335324,1,0.9798042759,1.602821127,0
0.6203789335,0.5079026407,1.141517237,0.3680489745,0.6875400915,1.351598022,1.067907595,0.579779619,1,0.9461752578,1.6896586,0
0.5870481723,0.9708688061,1.351598022,0.3745595573,0.9963392032,1.213908244,1.209464373,1.312224358,1,0.9200426784,1.810374877,0
0.5696379687,0.7569917247,1.213908244,0.3668218824,0.4368090614,0.8688593501,1.167747707,0.9189184953,1,0.96399866,1.911100147,0
0.5496273717,0.4398911622,0.8688593501,0.3658418272,0.9904635365,0.8350719772,1.03677238,0.3822035493,1,1.077094267,1.958689939,0
0.5474573543,0.9528205024,0.8350719772,0.3866176847,0.7514919848,1.168017113,1.002208787,0.7956737009,1,1.184397187,1.963804399,0
0.6029582239,0.902846075,1.168017113,0.4155128612,0.9730744688,1.334148017,1.298225373,1.054539666,1,1.22874475,1.949422458,0
0.7032827434,0.9477361028,1.334148017,0.4177054372,0.7885694863,1.1598223,0.9146004751,1.264420242,1,1.221733219,1.941446071,1
0.3371228234,0.2985080027,1.1598223,0.6643151268,0.7959879035,0.831134189,0.8794029813,0.3462162381,0,0.3316182289,0.4850271101,0
0.2972137704,0.9565580541,0.831134189,0.1185442873,0.8222647879,0.8667266235,0.7782659654,0.7950281025,0.05,0.309506674,0.5282711117,0
0.2407944903,0.5504676684,0.8667266235,0.1377243392,0.5247321751,1.190393909,1.012682072,0.4771049836,0.1,0.2803268531,0.6173091148,0
0.1947323988,0.8280519337,1.190393909,0.1361132234,0.9623966421,1.308005492,1.258820093,0.9857079781,0.15,0.2676174641,0.7185823902,0
0.1615945495,0.9290398927,1.308005492,0.122945506,0.7852006727,1.09961498,0.8735632595,1.215189282,0.2,0.3295855192,0.792271389,0
0.1426679907,0.1782050506,1.09961498,0.1200377474,0.6960222482,0.8008705109,0.9993878448,0.1959569431,0.25,0.4437772516,0.8231684527,0
0.1655499985,0.9424396137,0.8008705109,0.1432032665,0.9811590619,0.904068599,1.231190926,0.7547720949,0.3,0.536505913,0.8140038032,0
0.2493853036,0.9998827065,0.904068599,0.1630010487,0.9864881443,1.207523676,1.19120779,0.9039625576,0.35,0.5719545545,0.7899732867,0
0.3474561901,0.8579484925,1.207523676,0.1666122836,0.7038290741,1.272871885,0.8958842403,1.035993118,0.4,0.5538760278,0.7674662358,0
0.4135258789,0.4169232654,1.272871885,0.1529039852,0.04795808716,1.035009804,0.9452258039,0.5306899028,0.45,0.5194198646,0.7602700834,0
0.4265089075,0.3053738587,1.035009804,0.1502329206,0.8705374708,0.7818567685,0.9535340987,0.3160649376,0.5,0.4983868643,0.7663512375,0
0.391720578,0.9922043614,0.7818567685,0.1699938543,0.7994156851,0.9456425166,0.8534071048,0.7757616957,0.55,0.4819783975,0.7962397652,0
0.3370451725,0.6477827991,0.9456425166,0.1908043959,0.6951492083,1.218253089,1.044671646,0.6125709564,0.6,0.458695892,0.8454039942,0
0.2939022675,0.9443543706,1.218253089,0.1938162555,0.9992309735,1.22881763,1.227872636,1.150462629,0.65,0.4499961654,0.9192833844,0
0.2701974867,0.8223299568,1.22881763,0.1841899818,0.5729013779,0.9687400783,0.5549925257,1.010493548,0.7,0.4967822219,1.009990792,0
0.2654379778,0.1466978033,0.9687400783,0.1815781044,0.1466978033,0.9687400783,0.1421120414,0.1421120414,0.75,0.5833492979,1.093261999,0
0.00386777094,0.79329874,0.8870584323,0,0.1982851531,1.391210317,0.95424728,0.7037023367,1,0.3987365326,0.5790503961,0
0.1013904047,0.5457116136,1.391210317,0.09827762165,0.278361434,1.687991188,0.7564616595,0.7591996272,1,0.476858194,0.5061256832,0
0.2238136491,0.5597054639,1.687991188,0.1377919814,0.6728343977,1.444130925,0.9716609613,0.9447778907,1,0.4728367746,0.453933116,0
0.3476785326,0.8548196536,1.444130925,0.1473634547,0.9956623137,0.922219444,1.239231863,1.234471497,1,0.3982509919,0.4162207834,0
0.4147906944,0.9945120642,0.922219444,0.1076961051,0.8377100613,1.044951592,1.558926707,0.9171583629,1,0.3124405917,0.3736531353,0
0.3966880489,0.8355231249,1.044951592,0.09468382354,0.9337612685,1.555841963,1.633305231,0.8730812195,1,0.2784039137,0.3582677722,0
0.3021500078,0.9788033015,1.555841963,0.1484550783,0.9970984278,1.652150334,1.6473565,1.52286325,1,0.2762382198,0.4195258476,0
0.1993944669,0.9248874305,1.652150334,0.1896119055,0.6675769974,1.236947377,1.211801132,1.528053077,1,0.2541969233,0.5135986077,0
0.1960688753,0.8483490831,1.236947377,0.1792751605,0.918327027,0.8497693481,1.513813804,1.049363173,1,0.2353977093,0.5706360999,0
0.2382315178,0.997007348,0.8497693481,0.1274204647,0.9797585709,1.257130915,1.606827266,0.8472262841,1,0.2826908805,0.5834600012,0
0.2351164967,0.9997387726,1.257130915,0.09672813275,0.9938224258,1.653818694,1.643602106,1.256802518,1,0.3560414608,0.5862135927,0
0.2018726885,0.7639135916,1.653818694,0.1310451414,0.7822710242,1.533116895,1.199312923,1.263374578,1,0.388534173,0.6046697104,0
0.2191629404,0.5543370105,1.533116895,0.1526218889,0.9273691088,1.019177342,0.9451535831,0.8498634362,1,0.3845888163,0.6152664647,0
0.2735175089,0.9940513463,1.019177342,0.1279118795,0.5655428654,0.9393684284,1.146282959,1.013114609,1,0.3972749248,0.5866006293,0
0.2876991831,0.4214969967,0.9393684284,0.09544571996,0.6746680442,1.456718465,1.463856879,0.3959409714,1,0.4523250097,0.529736643,0
0.2683632191,0.8445700688,1.456718465,0.1365481061,0.9810226058,1.66683212,1.635199989,1.230300814,1,0.5002353197,0.5030210138,0
0.2942996979,0.9972496687,1.66683212,0.1864872296,0.938027943,1.343862539,1.260580614,1.662247779,1,0.4947307336,0.541311367,0
0.3870402029,0.9719935912,1.343862539,0.1907280062,0.9747552637,0.8688128869,1.546235494,1.306225776,1,0.4403167102,0.6051937185,0
0.4664527618,0.9976956798,0.8688128869,0.1473174878,0.9776492515,1.138342858,1.549818451,0.8668108638,1,0.3902265372,0.6621769854,0
0.4775110632,0.9825659693,1.138342858,0.1047084558,0.9927320966,1.599544381,1.587919047,1.118496953,1,0.3923788679,0.721158622,0
0.4225593602,0.9923573257,1.599544381,0.1272173383,0.9893132797,1.588916186,1.571935884,1.587319585,1,0.4254150507,0.7870445394,0
0.3504810443,0.8979311967,1.588916186,0.1574394042,0.9705493561,1.117695324,1.084778477,1.426737413,1,0.4704426743,0.8339457152,0
0.3194290901,0.9766584994,1.117695324,0.1447406234,0.7349105804,0.8766143537,0.9821472678,1.091606638,1,0.5441353983,0.8277231464,0
0.3295674395,0.4793740745,0.8766143537,0.1056769874,0.4894487606,1.358417326,1.305227386,0.4202261945,1,0.6441150004,0.7685041173,0
0.3682863123,0.7599526051,1.358417326,0.1282339061,0.9246290043,1.659414811,1.534343064,1.032332785,1,0.7239852038,0.6996636507,0
0.457482038,0.9938004776,1.659414811,0.1819882755,0.9966316659,1.42838956,1.423578267,1.649127231,1,0.7412193846,0.6795621528,0
0.5836577915,0.9941114541,1.42838956,0.2000639154,0.9904199001,0.9202916355,1.510771749,1.419978423,1,0.6914713577,0.7194984798,1
0.06097224396,0.9511717774,0.9202916355,0.5299139855,0.9944899868,1.039801666,1.624553333,0.8753554307,0,0.3124924315,0.5581349543,0
0.1447943619,0.9646623416,1.039801666,0.100259591,0.8400938295,1.537804594,1.320081631,1.00305751,0.05,0.3931592037,0.4809294659,0
0.1894576428,0.4320403264,1.537804594,0.1027272616,0.5216160399,1.625237426,0.9659002806,0.6643935987,0.1,0.4228409191,0.4164510834,0
0.2446677924,0.5908630699,1.625237426,0.1405322228,0.8790543409,1.211712323,1.065160977,0.9602927747,0.15,0.3808544345,0.4123414933,0
0.315240838,0.9739816803,1.211712323,0.1413589968,0.8630109846,0.8508759909,1.375619052,1.180185604,0.2,0.2909142894,0.4322098285,0
0.3402987012,0.8432696658,0.8508759909,0.09935212448,0.8666328776,1.264907251,1.575796688,0.7175179125,0.25,0.2459242155,0.4365154871,0
0.2899576125,0.9409210734,1.264907251,0.09826968072,0.9989223057,1.641052469,1.639283916,1.190177888,0.3,0.2981757667,0.4423865923,0
0.1879471098,0.9793508546,1.641052469,0.1547786347,0.8489302918,1.500834698,1.274104039,1.607166138,0.35,0.3543522647,0.4778360388,0
0.1708181542,0.9158614763,1.500834698,0.1878006778,0.8631662817,0.9918667136,1.412575208,1.374556683,0.4,0.3623511627,0.5168337055,0
0.2745186271,0.9964536386,0.9918667136,0.1675491554,0.9831031966,0.9589757435,1.612593459,0.9883491958,0.45,0.3421352883,0.5260070605,0
0.3473113954,0.9889497489,0.9589757435,0.1104244882,0.9999995716,1.471442987,1.650874134,0.9483788208,0.5,0.3411278173,0.5162714448,0
0.3487964328,0.9659418987,1.471442987,0.09083315588,0.960591479,1.6516514,1.586562261,1.421328433,0.55,0.3518034993,0.5321790633,0
0.3029827754,0.8498477054,1.6516514,0.1299354721,0.9438847621,1.306465117,1.233152516,1.403652152,0.6,0.3466087449,0.5867266182,0
0.2697199764,0.9500263586,1.306465117,0.1440200387,0.8485194965,0.8580620739,0.8737968985,1.241176297,0.65,0.3453585799,0.631937745,0
0.2615407049,0.6798145217,0.8580620739,0.1065398732,0.3529978684,1.171671303,1.455194397,0.5833230584,0.7,0.4048798977,0.6305695413,0
0.2481261105,0.624560309,1.171671303,0.08538647231,0.9153636743,1.613437596,1.565220947,0.7317793913,0.75,0.5068278412,0.5901033832,0
0.2588518925,0.9915976697,1.613437596,0.1372882183,0.9892405004,1.568937673,1.552056689,1.599880961,0.8,0.5810122129,0.5570871923,0
0.354702286,0.9923622622,1.568937673,0.1825698344,0.9758234888,1.083262547,1.383773843,1.556954539,0.85,0.5892994595,0.5598110767,0
0.486690808,0.9997818632,1.083262547,0.1767371723,0.9919627014,0.8940419388,1.633845269,1.083026247,0.9,0.5376115885,0.5827028074,0
0.5754783749,0.9815103109,0.8940419388,0.1244973032,0.9941169514,1.394051792,1.662157696,0.8775113813,0.95,0.4728711669,0.6198939593,0
0.5858156575,0.9997960835,1.394051792,0.08474010972,0.9984372998,1.668681108,1.66607346,1.393767522,1,0.4375672912,0.687746925,1
0.09302282345,0.3121979559,1.668681108,0.5797249419,0.6408024759,1.407343707,0.9018293317,0.520958831,0,0.3619058638,0.4352237797,0
0.1970779681,0.7534574747,1.407343707,0.1358543996,0.986422535,0.9019767103,1.111903077,1.060373635,0.05,0.3334076192,0.4436411421,0
0.2953086278,0.9992399996,0.9019767103,0.1108944304,0.8405320861,1.071874978,1.459024851,0.9012912076,0.1,0.2969943036,0.4070403745,0
0.3182737295,0.8097874283,1.071874978,0.06231579393,0.8643329089,1.568593012,1.539284158,0.8679908816,0.15,0.3189031307,0.4017873154,0
0.2680917621,0.8821422515,1.568593012,0.109961446,0.977790047,1.632043656,1.595796043,1.383722171,0.2,0.3571177388,0.440788486,0
0.2153553224,0.9998446252,1.632043656,0.1698932854,0.90272733,1.197505631,1.081021061,1.631790077,0.25,0.3434146692,0.5134547588,0
0.2567556062,0.9298876132,1.197505631,0.1797160224,0.8489279409,0.8537616355,0.7247821072,1.113545653,0.3,0.3597996791,0.5927328438,0
0.3249310454,0.9881035177,0.8537616355,0.1344310292,0.9881035177,0.8537616355,0.8436048753,0.8436048753,0.35,0.4067841098,0.653494783,0
0.1029430571,0.8317605652,0.786826022,0,0.3236312714,0.9882076032,0.5099782401,0.6544508568,1,0.09054502795,0.04326423719,0
0.1178539613,0.1417887971,0.9882076032,0.02623949202,0.2820177069,1.168011852,0.7216226931,0.1401167674,1,0.06857698325,0.06179371723,0
0.1131444432,0.2432874955,1.168011852,0.02197767031,0.4585802512,1.105558142,0.7876666762,0.2841626782,1,0.05810161895,0.08933997726,0
0.09854627946,0.2446636359,1.105558142,0.03621217583,0.486978802,0.8712519987,1.001751507,0.2704898747,1,0.04283021715,0.1141404629,0
0.08651411405,0.2522138916,0.8712519987,0.03431170609,0.8535506377,0.7969884114,1.107852876,0.2197418571,1,0.07473809606,0.1179825846,0
0.06833433248,0.9239129315,0.7969884114,0.03087567931,0.9785258857,1.004655922,1.00979933,0.7363478996,1,0.116024252,0.1259675123,0
0.04452797223,0.588396662,1.004655922,0.04735276466,0.3079723355,1.151287921,0.5742194462,0.5911361907,1,0.1191632257,0.1870768291,0
0.05735995982,0.7339436054,1.151287921,0.05590677647,0.8466778801,1.061274641,0.8985577633,0.8449804078,1,0.07978608417,0.2781797836,0
0.0851703116,0.9961688354,1.061274641,0.04401538088,0.9995626557,0.838842764,0.9674768658,1.057208723,1,0.08538259744,0.3492961765,0
0.08508685633,0.996395701,0.838842764,0.02374979994,0.9755057963,0.8120567082,0.8837759879,0.8358193239,1,0.1731858785,0.3837471542,0
0.05078431045,0.7908547653,0.8120567082,0.04780491412,0.5141262919,1.017662403,0.5232069979,0.6422189174,1,0.2461207112,0.4019252911,0
0.05752904646,0.9022569227,1.017662403,0.07805957582,0.9895798507,1.12765125,1.115900956,0.9181929485,1,0.2706100186,0.43079199,0
0.129283215,0.9220605313,1.12765125,0.08567638303,0.819982842,1.012874158,0.8305394304,1.039762711,1,0.2621845137,0.4679465648,0
0.1858104135,0.7414063894,1.012874158,0.07140683101,0.8431740482,0.8115100461,0.9242004241,0.7509513722,1,0.2755574544,0.4899157374,0
0.2024631335,0.9322028883,0.8115100461,0.06641291236,0.9597900228,0.8314927828,0.798058477,0.7564920088,1,0.3210035254,0.494245573,0
0.1885336221,0.7469623672,0.8314927828,0.09575349359,0.3621364263,1.026493796,0.4847476261,0.6210938173,1,0.3493702063,0.5192499635,0
0.187868772,0.3797860886,1.026493796,0.1259795098,0.6203824982,1.097349524,0.7756261159,0.3898480638,1,0.3299694349,0.5914269914,0
0.2173304263,0.9418966746,1.097349524,0.1271223094,0.9867106518,0.9622125097,0.9494253326,1.033589868,1,0.2994393218,0.6821792589,0
0.2382104201,0.9919871634,0.9622125097,0.1084146669,0.9999969194,0.7917730258,0.8543752771,0.9545024581,1,0.3355912173,0.7435526004,0
0.2214586276,0.9910962819,0.7917730258,0.1082624872,0.783996479,0.8543868471,0.6698362799,0.784723302,1,0.4236209385,0.7676395934,0
0.190635474,0.3726892398,0.8543868471,0.1402095813,0.1481140216,1.030477338,0.5969095901,0.3184207845,1,0.4877977062,0.7861680724,0
0.2143189564,0.8134160819,1.030477338,0.1653569977,0.9365319736,1.060975558,0.9936375337,0.8382068388,1,0.4988543001,0.8197223619,0
0.2851756122,0.9843009518,1.060975558,0.162348063,0.9510152663,0.9118137772,0.8759257206,1.044319252,1,0.4915158393,0.8535458286,0
0.3379800275,0.89921897,0.9118137772,0.1448859128,0.9927883393,0.781886785,0.8179881928,0.8199202455,1,0.5192624511,0.8675825496,0
0.3454388715,0.9894752803,0.781886785,0.1533761955,0.740600553,0.879514527,0.651368945,0.7736576458,1,0.5647654805,0.8741100606,0
0.3319214832,0.397162092,0.879514527,0.1869970157,0.2620032547,1.029072568,0.65116087,0.3493098295,1,0.5763402143,0.9144385518,0
0.3445421286,0.6785332608,1.029072568,0.2095452645,0.8366977912,1.019564843,0.8530676518,0.6982599653,1,0.545435439,0.9999544265,0
0.3767040839,0.9908901905,1.019564843,0.2010168914,0.9993248424,0.8648846728,0.8746246118,1.010276801,1,0.5323758547,1.08558917,0
0.3855624832,0.9954475419,0.8648846728,0.1849626479,0.9725977454,0.7833488865,0.7618833609,0.8609473216,1,0.5914857788,1.133719338,0
0.3581121096,0.8684484478,0.7833488865,0.1986500129,0.5068255062,0.9054407801,0.4589004817,0.6802981245,1,0.6806555744,1.153503186,0
0.3393615714,0.3145408827,0.9054407801,0.2326743016,0.4832823825,1.021948423,0.7331893456,0.2847981422,1,0.7283032715,1.17703008,0
0.3814958569,0.9117837242,1.021948423,0.248919182,0.9800958384,0.9746802901,0.9552800961,0.9317959389,1,0.7276401921,1.214763157,0
0.454185969,0.9798246005,0.9746802901,0.2372007482,0.9794498592,0.8251685531,0.8719329489,0.9550157259,1,0.7317558125,1.245009344,0
0.4942261253,0.9821449007,0.8251685531,0.2257316828,0.9615304904,0.7964860365,0.7658456093,0.8104350866,1,0.7713039505,1.253686222,0
0.4909982845,0.8181159802,0.7964860365,0.2458524292,0.4656998472,0.9306494216,0.4334032935,0.6516179545,1,0.8105861233,1.268507805,0
0.4854385285,0.3465886588,0.9306494216,0.2818096725,0.5223064889,1.009056273,0.7382182319,0.3225525348,1,0.804382697,1.324886087,0
0.5088881712,0.8618000053,1.009056273,0.2925591542,0.946127235,0.9284659168,0.8784468906,0.8696047016,1,0.7710899099,1.416111561,0
0.5377531344,0.9999856172,0.9284659168,0.2772727415,0.9983225254,0.7965356912,0.8311116032,0.9284525628,1,0.7810953835,1.491475398,0
0.5327000605,0.9929853168,0.7965356912,0.2691336533,0.8413483792,0.8203187944,0.6901738881,0.7909482457,1,0.8573165055,1.525925785,0
0.5010810036,0.5956848161,0.8203187944,0.2937151305,0.251059636,0.9536761882,0.4813591407,0.4886514502,1,0.9380547554,1.542891139,0
0.5000483852,0.5537973068,0.9536761882,0.3253074135,0.7351038295,0.9906895106,0.7798429147,0.5281433045,1,0.9667085689,1.57173781,0
0.5571549126,0.9786337928,0.9906895106,0.3310035533,0.9991046288,0.8836389441,0.8828477592,0.9695222333,1,0.9595727178,1.609272679,0
0.6239642859,0.9799269171,0.8836389441,0.3139371026,0.9999923702,0.782268513,0.802139725,0.8659015863,1,0.9755322595,1.631615893,0
0.6484677252,0.9848214724,0.782268513,0.3118372852,0.7816316405,0.8527717083,0.6665533493,0.7703948288,1,1.0212446,1.637503413,0
0.6381962783,0.51717193,0.8527717083,0.3407344015,0.2976580939,0.9732278164,0.6023216073,0.4410295902,1,1.047749628,1.664009509,0
0.6417179156,0.5816165931,0.9732278164,0.3716114489,0.7567247373,0.9675207918,0.778357028,0.5660454469,1,1.026478977,1.735344593,0
0.6722084871,0.9615658025,0.9675207918,0.3717014929,0.989509416,0.8433722807,0.8731430897,0.9303349066,1,1.000395036,1.82653028,0
0.6925714374,0.9998904464,0.8433722807,0.3542835445,0.9727349474,0.784207804,0.7638329534,0.8432798862,1,1.035380573,1.88841893,0
0.6745056721,0.8909633712,0.784207804,0.3571820985,0.5980301306,0.891111801,0.5329117067,0.6987004288,1,1.12097856,1.911680033,0
0.6463723404,0.3311959939,0.891111801,0.3887583069,0.3445246079,0.9882756984,0.6723948266,0.2951326586,1,1.187110426,1.929920437,0
0.6657454391,0.7804664545,0.9882756984,0.4138745605,0.9025122152,0.9406088231,0.8489109525,0.7713160304,1,1.198444433,1.963740931,0
0.7322118472,0.9999340186,0.9406088231,0.4093745357,0.9989396429,0.811008099,0.8935892891,0.9405467604,1,1.191959902,1.99770191,1
0.5043748269,0.9877833952,0.811008099,0.395959368,0.9714657194,0.8021688229,0.7792795126,0.8011003335,0,0.7815590991,1.297161143,0
0.5128534762,0.8571169247,0.8021688229,0.2463995028,0.5570757837,0.9324203476,0.5194287959,0.6875524746,0.05,0.8269399617,1.300596117,0
0.4999805066,0.3319241316,0.9324203476,0.2799441836,0.428858835,0.9981180069,0.7241066897,0.3094928142,0.1,0.8376809763,1.285732025,0
0.5132922812,0.7874513233,0.9981180069,0.3023549702,0.9062478962,0.9113673552,0.8259247484,0.7859693454,0.15,0.8068946457,1.274651534,0
0.5456124682,0.996487362,0.9113673552,0.2934433567,0.9975589673,0.7895704343,0.787643067,0.9081660516,0.2,0.7850697725,1.293998943,0
0.5541287924,0.9944574413,0.7895704343,0.2782993531,0.9944574413,0.7895704343,0.7851941938,0.7851941938,0.25,0.780052898,1.332837702,0
0.3324916509,0.8264713343,0.7720647896,0,0.6882349542,0.9254017306,0.9731507236,0.6380894168,1,0.7378957192,1.174118662,0
0.3700424147,0.9516448322,0.9254017306,0.2578593123,0.9999654575,1.086130617,1.086093099,0.8806537747,1,0.7403308118,1.17156443,0
0.4348917785,0.8705502259,1.086130617,0.2531202775,0.7374024312,1.045709504,0.7711087307,0.9455312537,1,0.7189804372,1.176276538,0
0.4776755682,0.5516342851,1.045709504,0.2402837738,0.7456808269,0.8529610653,0.8292452552,0.5768492148,1,0.7111406348,1.177370926,0
0.4747552722,0.8950780526,0.8529610653,0.2439194287,0.974871822,0.7794902298,0.7599030606,0.7634667293,1,0.7188543987,1.1825833,0
0.4436749032,0.8816209198,0.7794902298,0.2641495996,0.7426068228,0.9424923653,0.9361899876,0.6872148934,1,0.7136148347,1.216795885,0
0.4211590074,0.9199046392,0.9424923653,0.2778089021,0.9892722784,1.069427899,1.057955374,0.8670030993,1,0.6906418504,1.283061262,0
0.4203134022,0.9263369277,1.069427899,0.2722404175,0.8157121819,0.9997373556,0.8154979396,0.9906505541,1,0.6893808664,1.349755595,0
0.417908859,0.5858714962,0.9997373556,0.2613541441,0.7861436296,0.8186849932,0.8536644733,0.5857176203,1,0.7421833158,1.382937494,0
0.4035705797,0.9258055366,0.8186849932,0.2675270671,0.9639676424,0.7938009266,0.7833561458,0.7579430994,1,0.8181511537,1.382842366,0
0.4068905998,0.918827943,0.7938009266,0.2888379644,0.8926449226,0.9588014967,0.9995482275,0.7293664725,1,0.8631601602,1.374514549,0
0.4562938838,0.9999442448,0.9588014967,0.3011472916,0.970528132,1.048923926,1.018010178,0.9587480385,1,0.8606250917,1.376943189,0
0.5237046103,0.7533228427,1.048923926,0.2938608797,0.6102069176,0.9525339384,0.7836056095,0.7901783536,1,0.8414205376,1.383604823,0
0.5614938715,0.5034099243,0.9525339384,0.2828357595,0.8157386236,0.7918396279,0.8737204296,0.4795150378,1,0.8397255511,1.38584869,0
0.5524113228,0.9473532126,0.7918396279,0.2910782111,0.9599283908,0.8148970267,0.847584421,0.7501518153,1,0.849131825,1.396367636,0
0.5214441989,0.9198271694,0.8148970267,0.3124254515,0.8922659859,0.9737379418,0.9750103626,0.7495644254,1,0.8412110204,1.439161764,0
0.5049269185,0.9961209699,0.9737379418,0.3231030577,0.9889204594,1.024948777,1.013592815,0.969960783,1,0.8208005298,1.510260051,1
0.3877815304,0.7649289718,1.024948777,0.3122392166,0.62470645,0.9061310758,0.812141208,0.7840130141,0,0.6338818014,1.237607768,0
0.3857135811,0.4923602207,0.9061310758,0.2304119008,0.8474109877,0.775217316,0.9076862155,0.4461428965,0.05,0.698523825,1.26247358,0
0.3774901192,0.9615010086,0.775217316,0.2418422769,0.9748509924,0.8420944885,0.9407911352,0.7453722313,0.1,0.7713466219,1.259000398,0
0.395803784,0.9885335152,0.8420944885,0.2633611034,0.9954992627,0.9867288054,0.9930056855,0.8324386249,0.15,0.8051238085,1.253780765,0
0.4547641555,0.9404006906,0.9867288054,0.2712242639,0.8305959232,0.9980412713,0.8289690111,0.92792045,0.2,0.7956327024,1.259229994,0
0.5174386033,0.5435178433,0.9980412713,0.2610337063,0.466072272,0.8629292522,0.8661509397,0.5424532393,0.25,0.7792857673,1.266733794,0
0.5438639952,0.5495218059,0.8629292522,0.252995059,0.9149473727,0.7709250009,0.9206953024,0.4741984411,0.3,0.783254458,1.270691344,0
0.527239888,0.9868235075,0.7709250009,0.2663230261,0.9606228189,0.8742206687,0.9288835769,0.7607669134,0.35,0.7913806814,1.288557699,0
0.4983614126,0.9733182118,0.8742206687,0.287395795,0.9841634082,0.9972706212,0.9814772534,0.850894898,0.4,0.7809027624,1.340669343,0
0.4888046856,0.9718800028,0.9972706212,0.2936570453,0.8843145249,0.968954741,0.8568607514,0.9692273741,0.45,0.7663890104,1.414103783,0
0.4933719598,0.580202795,0.968954741,0.2834359309,0.5032859096,0.8255408009,0.9006727649,0.5621902489,0.5,0.7911500881,1.47146213,0
0.4914709785,0.5789346712,0.8255408009,0.2779769416,0.9398278376,0.7798582035,0.9497615363,0.4779341921,0.55,0.8617232233,1.491155899,0
0.4884791794,0.9915503472,0.7798582035,0.2933247171,0.9811469361,0.9097826388,0.9775005612,0.7732686724,0.6,0.930126969,1.487313421,0
0.5160149375,0.999996526,0.9097826388,0.3140836379,0.9924111822,1.004973821,0.9973472575,0.9097794782,0.65,0.9552994804,1.486374227,0
0.578197474,0.8482162065,1.004973821,0.3181112231,0.6810858026,0.9386380307,0.6392930365,0.8524350818,0.7,0.942453032,1.494961486,0
0.6355795884,0.3863795179,0.9386380307,0.3064780937,0.5244665146,0.7965027901,0.9471503934,0.3626705098,0.75,0.9309624478,1.502574228,0
0.6533222096,0.7111897028,0.7965027901,0.3023610257,0.9858442637,0.8014495154,0.9486044487,0.5664645825,0.8,0.9398173488,1.508221627,0
0.6323596374,0.9998190607,0.8014495154,0.3196454897,0.9612691425,0.9471558746,0.974376942,0.8013045017,0.85,0.9462325484,1.532937866,0
0.6075885604,0.995461985,0.9471558746,0.3394346462,0.9990499206,1.009594816,1.00863562,0.942857667,0.9,0.9334247337,1.592352829,0
0.60441681,0.8841703648,1.009594816,0.3415815945,0.7153044101,0.9081886038,0.6496313136,0.8926538163,0.95,0.9252016204,1.66633205,0
0.6101004677,0.3784937878,0.9081886038,0.330382908,0.5675892639,0.777871237,0.9847135624,0.3437437447,1,0.9616587471,1.716192856,0
0.6079927128,0.7626598477,0.777871237,0.3292006694,0.9939737707,0.8338305839,0.9726192494,0.5932511591,1,1.036143716,1.729896292,0
0.6106298226,0.9999498264,0.8338305839,0.3480150813,0.9871256236,0.9847513388,1.007970682,0.8337887476,1,1.097437741,1.726064612,0
0.6467763492,0.9910488109,0.9847513388,0.3667143372,0.9499636121,1.011051894,0.9604625096,0.9759366434,1,1.111432953,1.729142981,0
0.7104947217,0.7252734386,1.011051894,0.3663654948,0.4864190203,0.8787775867,0.7463763738,0.733289084,1,1.096419556,1.73953573,0
0.7605814806,0.2861328572,0.8787775867,0.3542876227,0.7062871458,0.7707918355,1.011061817,0.2514471417,1,1.090509777,1.74645052,0
0.7668354165,0.8801766672,0.7707918355,0.3552661093,0.9982468089,0.8743068015,0.9730826835,0.6784329889,1,1.102476252,1.754148332,0
0.7427637715,0.9882002133,0.8743068015,0.3751334839,0.969391448,1.021139305,1.002404628,0.8639901677,1,1.105624693,1.786730669,1
0.6134872497,0.9996366735,1.021139305,0.3831068057,0.9716117842,1.009423418,0.9807676887,1.020768298,0,0.9304919,1.598377443,0
0.6156181968,0.7595794447,1.009423418,0.3352356464,0.5029770494,0.8515513146,0.8041623665,0.7667372797,0.05,0.9304451201,1.670499274,0
0.6209630605,0.2874552319,0.8515513146,0.3243370333,0.7640849325,0.7752191326,1.041795769,0.2447828806,0.1,0.9786440129,1.712475425,0
0.6185287794,0.920256351,0.7752191326,0.3283004456,0.9955625913,0.9199025264,1.014879486,0.7134003301,0.15,1.054501775,1.720597216,0
0.6275944342,0.9956161196,0.9199025264,0.349609015,0.9945783846,1.055125428,1.049404943,0.9158697837,0.2,1.10621414,1.717895749,0
0.6721414352,0.9637404186,1.055125428,0.3648677208,0.8699131451,1.00492913,0.8742010604,1.016867021,0.25,1.110880196,1.724807811,0
0.7356160269,0.5682339376,1.00492913,0.3601861692,0.288035097,0.8275205029,0.9241350389,0.5710348368,0.3,1.095812917,1.735948141,0
0.776598248,0.3863187261,0.8275205029,0.3490380209,0.8843997096,0.7899327904,1.046362563,0.3196866665,0.35,1.095937182,1.742147325,0
0.7737121531,0.9799154689,0.7899327904,0.355460276,0.9720456302,0.9677863912,1.016794898,0.7740673607,0.4,1.10949692,1.74767369,0
0.7484938823,0.974819628,0.9677863912,0.3772127361,0.9810065386,1.085784101,1.065161303,0.9434171698,0.45,1.108455358,1.749746809,0
0.7348781632,0.9846698829,1.085784101,0.3905163357,0.901098272,0.997897504,0.8992037165,1.069138904,0.5,1.094079236,1.760969167,0
0.7411867613,0.5961571768,0.997897504,0.3843365869,0.2819157103,0.8074552425,0.2276343182,0.5949037587,0.55,1.094010801,1.792848784,0
0.7456087104,0.4099864351,0.8074552425,0.375215833,0.4099864351,0.8074552425,0.3310456963,0.3310456963,0.6,1.111906211,1.833245744,0
0.3032495033,0.7870965141,0.8617274746,0,0.983906213,1.225252028,1.393655499,0.6782626914,1,0.7477104274,1.264973289,0
0.3672776853,0.8449753743,1.225252028,0.2667025534,0.6074629197,1.410744301,0.8569748518,1.035307791,1,0.7598725771,1.237980688,0
0.4399905597,0.3252677228,1.410744301,0.2507490572,0.4774248857,1.205160861,0.7968261503,0.4588695861,1,0.7716527568,1.194103163,0
0.4826481165,0.8433151203,1.205160861,0.2518438759,0.9911052978,0.8498103807,0.8422515705,1.016330376,1,0.779270494,1.146264891,0
0.5000710648,0.7827163583,0.8498103807,0.2662832157,0.2242677618,0.9624775965,1.173191656,0.6651604864,1,0.7501533885,1.125942372,0
0.5045550029,0.6366772622,0.9624775965,0.273464813,0.9367010187,1.319419826,1.376007765,0.6127876011,1,0.680118598,1.155278933,0
0.493301608,0.9875632469,1.319419826,0.2650959072,0.9079667959,1.378054186,1.251227444,1.303010528,1,0.6172031147,1.220453121,0
0.4508864674,0.6266421067,1.378054186,0.2587001355,0.6692936554,1.075259709,0.8681124161,0.8635467784,1,0.6240896277,1.281758959,0
0.3849138124,0.7419441887,1.075259709,0.2669909706,0.989864315,0.8156166246,0.8073497914,0.7977826921,1,0.6891095898,1.315627116,0
0.3374122447,0.9056353047,0.8156166246,0.2796629987,0.7495055706,1.089224638,1.264928487,0.7386512103,1,0.7486525292,1.331043577,0
0.355838334,0.997624015,1.089224638,0.2826821787,0.9688249523,1.381705483,1.338630749,1.086636657,1,0.7742192657,1.334426544,0
0.4177845063,0.6192178732,1.381705483,0.2729056278,0.3346278485,1.307975137,0.820356549,0.8555767307,1,0.7856426932,1.323258994,0
0.4707691134,0.3355373598,1.307975137,0.2643917188,0.7533847752,0.9483087438,0.8246277264,0.4388745241,1,0.8077805594,1.294475452,0
0.4955020204,0.9862273195,0.9483087438,0.2705012682,0.6880646465,0.8578703313,0.7238442554,0.9352479905,1,0.8222571544,1.262605394,0
0.5017332824,0.3392990472,0.8578703313,0.2846401602,0.6216272408,1.215753537,1.198843602,0.291074586,1,0.7994300723,1.260613338,0
0.5050046679,0.9397084181,1.215753537,0.2910614745,0.9999841417,1.405938479,1.405916183,1.142453833,1,0.7453795802,1.306387185,0
0.4985570842,0.8406717042,1.405938479,0.2878607372,0.6724450268,1.207241122,0.9599994531,1.181932697,1,0.7112067622,1.375906628,0
0.4725772501,0.323865335,1.207241122,0.2874834658,0.7955523302,0.8518749157,0.9052405795,0.3909835502,1,0.7387560898,1.431689676,0
0.4363152223,0.9546096548,0.8518749157,0.295462244,0.8431351912,0.9603188177,0.9995090715,0.8132080192,1,0.8005837544,1.465041111,0
0.4222639725,0.8996702561,0.9603188177,0.3076811811,0.9433335245,1.323528043,1.381390494,0.8639702766,1,0.843634768,1.489215896,0
0.4517052616,0.9565616759,1.323528043,0.3105497976,0.8368129352,1.390271113,1.163396851,1.266036202,1,0.8589177211,1.506149247,0
0.5003898988,0.3698135831,1.390271113,0.3028482593,0.08693581721,1.087635227,1.057864646,0.5141411417,1,0.8756403623,1.504780328,0
0.5331500004,0.601124511,1.087635227,0.2984683837,0.9987972594,0.8155000013,0.8145191663,0.6538041941,1,0.9098698312,1.481685137,0
0.5417420103,0.8787657193,0.8155000013,0.3084019126,0.4088328007,1.092048375,1.031160332,0.7166334452,1,0.9303997403,1.459510582,0
0.5428269316,0.6495120158,1.092048375,0.324145938,0.885253575,1.400913091,1.32080657,0.7092985412,1,0.9092880315,1.4732677,0
0.5535577497,0.9938823534,1.400913091,0.3301440883,0.9074777963,1.336924981,1.213229736,1.3923428,1,0.865941666,1.530569593,0
0.5623392959,0.522075803,1.336924981,0.3267535907,0.3493392087,0.966793747,1.15496403,0.6979761832,1,0.8541254067,1.599603142,0
0.5539498059,0.5408609115,0.966793747,0.3281053506,0.9999955536,0.8528276648,0.9716437029,0.5229009473,1,0.894556145,1.650274084,0
0.5361125978,0.9622037939,0.8528276648,0.3393183894,0.8124530883,1.225852922,1.208300664,0.8205940146,1,0.9473602021,1.689012907,0
0.5362504838,0.9757955768,1.225852922,0.3527164376,0.9999472816,1.441761213,1.441685205,1.19618186,1,0.9739507622,1.724233187,0
0.565759058,0.8230088926,1.441761213,0.3541259191,0.5909889956,1.251987949,0.8377726759,1.186582299,1,0.9858418607,1.748412102,1
0.473101677,0.3021994552,1.251987949,0.4709730184,0.8291687002,0.8684024034,0.8695764665,0.3783500761,0,0.7739778163,1.274271503,0
0.4776672364,0.9992782531,0.8684024034,0.2615103432,0.6111841625,0.9496668328,0.9115991635,0.8677756366,0.05,0.7989107806,1.250185831,0
0.4716230967,0.4405652422,0.9496668328,0.2752104841,0.7316152719,1.343282212,1.316254446,0.4183901982,0.1,0.79211865,1.24935561,0
0.4754704128,0.983553573,1.343282212,0.2821909651,0.9883712401,1.444357958,1.427561867,1.321190019,0.15,0.7563156934,1.290351581,0
0.4840972653,0.7361537528,1.444357958,0.2804386422,0.4608091907,1.1452819,1.077328276,1.063269531,0.2,0.7346460861,1.353112688,0
0.4839033039,0.1623502203,1.1452819,0.2808700926,0.8525602395,0.818260418,1.002746232,0.1859367688,0.25,0.7608026395,1.404192611,0
0.4763957973,0.985520489,0.818260418,0.2885875566,0.8562894604,1.077418605,1.16158168,0.8064124072,0.3,0.8108669346,1.43759622,0
0.4793971257,0.9398366705,1.077418605,0.3004848096,0.9727315666,1.433309002,1.410207357,1.012597515,0.35,0.8406922746,1.46761126,0
0.5037444988,0.9438995016,1.433309002,0.3039603151,0.8301519735,1.410627624,1.171035306,1.352899652,0.4,0.8469620925,1.494560301,0
0.5334258403,0.3906260629,1.410627624,0.2973686622,0.2131019923,1.030355766,1.159134801,0.5510279149,0.45,0.8622863023,1.503767559,0
0.5457044634,0.6351415971,1.030355766,0.2935713464,0.9956993787,0.8320089235,0.8414419868,0.654421807,0.5,0.9033299862,1.488750641,0
0.5391856322,0.8121626008,0.8320089235,0.3034840404,0.4798094512,1.210641044,1.122377135,0.6757265312,0.55,0.9362352653,1.470005923,0
0.5355502695,0.745429854,1.210641044,0.3194821977,0.9262575579,1.490362768,1.380459778,0.9024479766,0.6,0.9297325871,1.481873802,0
0.5550301204,0.9776626714,1.490362768,0.3263638064,0.8497172473,1.345454458,1.143255858,1.457072045,0.65,0.8993901819,1.533622772,0
0.5829717249,0.4333090186,1.345454458,0.3236902996,0.1784224677,0.9244217612,1.25505221,0.5829975507,0.7,0.8923494589,1.596942539,0
0.5970594693,0.619766447,0.9244217612,0.3251205583,0.9960774717,0.9035881201,1.080515317,0.5729255904,0.75,0.926376059,1.645090175,0
0.5972448955,0.945140219,0.9035881201,0.3362851131,0.8455319942,1.332218702,1.326450723,0.8540174737,0.8,0.9672042199,1.686477249,0
0.6019601112,0.9830490798,1.332218702,0.3499910663,0.9999625138,1.512862109,1.512805398,1.309636369,0.85,0.9832299129,1.729006738,0
0.6206533215,0.8387358463,1.512862109,0.3519800304,0.6334015175,1.256089274,0.9355448003,1.268891681,0.9,0.9905236143,1.762024902,0
0.6375590501,0.2331697262,1.256089274,0.34437598,0.6713380592,0.8471233237,1.171466853,0.292881992,0.95,1.026777881,1.768292377,0
0.636098173,0.95835811,0.8471233237,0.3445174903,0.7780983969,1.011370578,0.8824413023,0.8118475074,1,1.082023935,1.74981092,0
0.626423251,0.5451187839,1.011370578,0.3603631854,0.6565684534,1.432048028,1.256118568,0.5513170996,1,1.111039195,1.735203804,0
0.6399900612,0.9487163509,1.432048028,0.3781889237,0.9999823556,1.502123733,1.502097228,1.35860738,1,1.096078398,1.752705816,0
0.6795464138,0.8374826422,1.502123733,0.3818921384,0.5345118072,1.151697624,0.6155959783,1.258002552,1,1.069470596,1.829676038,0
0.7158951837,0.2088493248,1.151697624,0.3782041716,0.7659892333,0.815729353,0.6248399017,0.2405312711,1,1.085427023,1.947026158,0
0.7287825998,0.9723745453,0.815729353,0.3816075223,0.9723745453,0.815729353,0.7931944587,0.7931944587,1,1.145393114,2.054603169,0
0.3102290399,0.7907808775,0.8517749061,0,0.9983675919,1.066267749,1.194904312,0.6735673077,1,0.4162921024,0.6982360969,0
0.3207080856,0.943231908,1.066267749,0.1767279942,0.7894950608,1.250777122,0.9874823604,1.005737764,1,0.3154944397,0.7351252716,0
0.3022241413,0.679601264,1.250777122,0.139650554,0.7517804573,1.15514826,0.8749337927,0.8500297133,1,0.3271962148,0.7494150036,0
0.2272305136,0.8521038917,1.15514826,0.1414612835,0.9998156086,0.9018130813,0.9016467947,0.9843063275,1,0.4023369058,0.7422562863,0
0.1363135749,0.9483970361,0.9018130813,0.1708861938,0.8450735635,0.8985513679,1.213756846,0.8552768534,1,0.4337125857,0.7357815367,0
0.1613844438,0.9590805753,0.8985513679,0.1770702838,0.7212871545,1.138913155,0.821483429,0.8617831629,1,0.4136738152,0.7302246441,0
0.2453687045,0.3656028161,1.138913155,0.1439559353,0.2828490919,1.221983389,0.8084482256,0.4163898569,1,0.4015755999,0.7069951545,0
0.2848732773,0.5447604585,1.221983389,0.1107681477,0.8013650028,1.043728517,0.8513754277,0.6656882312,1,0.4340709334,0.6520503925,0
0.2742076346,0.9681446263,1.043728517,0.123893779,0.9688674718,0.8510320334,1.049103187,1.010480155,1,0.4631756202,0.5926240024,0
0.2537041785,0.864069358,0.8510320334,0.1537812979,0.9209450535,0.9775647985,1.171648505,0.7353507027,1,0.4335339348,0.5837229015,0
0.2661184154,0.9988402031,0.9775647985,0.1579239857,0.9453945494,1.179584649,1.115172897,0.9764310218,1,0.3480331606,0.6251225661,0
0.2869383731,0.7716307179,1.179584649,0.1310960933,0.6406638477,1.154359891,0.8555960561,0.9102037492,1,0.2864593907,0.6738384955,0
0.2692030953,0.496045543,1.154359891,0.1076900771,0.7583441624,0.9368023701,0.8895853992,0.5726150791,1,0.329146717,0.7054261459,0
0.207022453,0.7927140122,0.9368023701,0.1275954426,0.9997498809,0.8625698108,1.01388577,0.7426163654,1,0.3983856981,0.7312172779,0
0.1600673423,0.9822496594,0.8625698108,0.1572246454,0.9943830735,1.059431954,1.154788776,0.8472589029,1,0.4209606787,0.7673670541,0
0.204766672,0.7182650802,1.059431954,0.156428219,0.5372492531,1.179770396,0.6338307641,0.7609529774,1,0.4129118745,0.804411001,0
0.269764195,0.1368408034,1.179770396,0.1306418953,0.2329953941,1.059190455,0.9207762879,0.1614407288,1,0.4364077048,0.8095789505,0
0.2936481462,0.5787855156,1.059190455,0.1155884217,0.9097411921,0.8641638918,1.02287541,0.6130440937,1,0.5010407934,0.775262594,0
0.2821567583,0.9973500824,0.8641638918,0.1403436718,0.9466725804,0.9250896868,1.118604735,0.8618739287,1,0.5430301548,0.7471060775,0
0.2845216786,0.9653192835,0.9250896868,0.1715410538,0.9984420861,1.120583109,1.118837337,0.8930069136,1,0.5162279622,0.7645306181,0
0.3233755003,0.939637411,1.120583109,0.1729451789,0.8115623825,1.138683696,0.9241128533,1.052941811,1,0.445843566,0.8212747797,0
0.3545144401,0.5677938944,1.138683696,0.1485893389,0.5465240288,0.9568342863,1.003486471,0.6465376504,1,0.4249469406,0.8788612171,0
0.3382898764,0.5148066041,0.9568342863,0.1405767385,0.9325925228,0.8508797662,1.029387803,0.4925846096,1,0.4825940806,0.9268260857,0
0.2872433918,0.9482087854,0.8508797662,0.171751531,0.9935613716,1.009413578,1.120039522,0.8068116696,1,0.5396369918,0.982336434,0
0.2715649549,0.9707965488,1.009413578,0.1999917054,0.9470314372,1.146351158,1.085630585,0.9799352181,1,0.5510181353,1.050834111,0
0.31953708,0.6367297913,1.146351158,0.1968519306,0.3915937235,1.06382654,0.7000314962,0.7299159336,1,0.5586710282,1.100256293,0
0.3684186211,0.1496272875,1.06382654,0.1720644061,0.5904755109,0.8764146269,1.073197829,0.1591774796,1,0.6207834166,1.103129426,0
0.3766800748,0.8489983563,0.8764146269,0.1759115382,0.9989628463,0.8987424629,1.070356759,0.7440745776,1,0.7021711532,1.072120173,0
0.3719770421,0.9779138226,0.8987424629,0.2124700818,0.9641048077,1.086294344,1.124540546,0.8788926774,1,0.7278951294,1.065695151,0
0.4042130841,0.9981570654,1.086294344,0.2373764754,0.9527264108,1.130968546,1.077503603,1.084292375,1,0.6795378253,1.107309874,0
0.4592507145,0.7508261974,1.130968546,0.2268309909,0.5763138152,0.9720101344,0.9567113654,0.8491608126,1,0.6232532942,1.169675594,0
0.4795057728,0.41761704,0.9720101344,0.2051239447,0.8196287749,0.8480712499,1.077204868,0.4059279952,1,0.6447718226,1.226776929,0
0.4448166244,0.8929417166,0.8480712499,0.2189775939,0.9952256159,0.9838516106,1.077922803,0.7572781977,1,0.7100724176,1.285212726,0
0.399778489,0.9999588809,0.9838516106,0.2573111299,0.9995370964,1.135056827,1.134531405,0.9838111554,1,0.7410240253,1.360064082,0
0.4148423187,0.8960937305,1.135056827,0.2729330771,0.7537605463,1.077455075,0.8121431262,1.017117307,1,0.7437421251,1.433999147,0
0.4682627177,0.3529808901,1.077455075,0.2551108848,0.3195684518,0.8897804295,1.068711793,0.3803210516,1,0.7853865026,1.466041341,0
0.4948588985,0.6343211197,0.8897804295,0.2419542692,0.9791358717,0.884349321,1.079085544,0.5644065183,1,0.8761357217,1.447196228,0
0.4915257591,0.9972934052,0.884349321,0.2677398591,0.9444765899,1.074521064,1.097165126,0.8819557457,1,0.9400130527,1.428208915,0
0.5094018117,0.9899444354,1.074521064,0.3051132982,0.9988863125,1.144763075,1.143488167,1.063716148,1,0.9219929721,1.451671401,0
0.5681842269,0.8842304936,1.144763075,0.3104856229,0.7003976291,0.9980377446,0.8403017013,1.012234419,1,0.8581504738,1.50979694,0
0.6143905797,0.4365783379,0.9980377446,0.2877857046,0.6876452534,0.8488810762,1.126766751,0.4357216597,1,0.8465837212,1.57211892,0
0.6020260009,0.8121505387,0.8488810762,0.2841770943,0.9997663675,0.9692795431,1.08251235,0.6894192234,1,0.9039348271,1.631460422,0
0.5512836587,0.9968558554,0.9692795431,0.3194611822,0.9733277355,1.145416722,1.114865865,0.966231988,1,0.9519055033,1.706043028,0
0.5379240585,0.9893265107,1.145416722,0.3508120339,0.934269365,1.113599359,1.040401766,1.133191129,1,0.9595233096,1.791381403,0
0.582288638,0.623998484,1.113599359,0.3448030674,0.3025770272,0.9147208187,1.008269074,0.6948843117,1,0.9814880518,1.846500185,0
0.6223630916,0.402867307,0.9147208187,0.3239983264,0.9023293041,0.8706352931,1.12849555,0.3685111129,1,1.06368973,1.844459385,0
0.6267689058,0.9958271576,0.8706352931,0.3343793535,0.9457377581,1.071945195,1.084996712,0.8670022693,1,1.151909391,1.821325458,0
0.6326509281,0.9575502158,1.071945195,0.3747281374,0.9833855495,1.181027652,1.161405527,1.026441353,1,1.166251899,1.828012813,0
0.6834394775,0.9697592874,1.181027652,0.3948097785,0.842971795,1.048538765,0.8838886052,1.145312534,1,1.108982122,1.879823952,0
0.7455319166,0.5454761192,1.048538765,0.3780575824,0.5255942091,0.8575207027,1.163985396,0.5719528565,1,1.072062686,1.944591592,0
0.7568227865,0.6742612144,0.8575207027,0.3621336217,0.9939637979,0.9494134899,1.114759846,0.5781929504,1,1.111542016,2.005372256,0
0.7117124422,0.9972703183,0.9494134899,0.3870149157,0.9393346703,1.164160013,1.111582378,0.9468218933,1,1.172534639,2.041390687,0
0.6777095729,0.9943640303,1.164160013,0.4276468788,0.9983150477,1.175020171,1.173040318,1.157598842,1,1.191439242,2.043009554,0
0.7052378192,0.8312011316,1.175020171,0.4351678237,0.5422087175,0.9655150318,0.5235106671,0.9766780959,1,1.200461204,2.044794876,0
0.7552668777,0.2099821215,0.9655150318,0.412855916,0.7381668655,0.854338592,0.6306444405,0.2027408947,1,1.224209556,2.068928627,0
0.7710359295,0.9472611693,0.854338592,0.4113048274,0.9472611693,0.854338592,0.8092817736,0.8092817736,1,1.239939933,2.087126013,0
0.1029266912,0.9781755696,0.8229599647,0,0.9650731444,1.105367598,1.307618002,0.8049993322,1,0.7950398284,1.169834012,0
0.2626617843,0.9166029746,1.105367598,0.2352057647,0.7252785399,1.315851905,0.9543591481,1.013183229,1,0.8092463191,1.271122107,0
0.468584659,0.6407978826,1.315851905,0.2404079839,0.4646341122,1.194970784,0.8735913544,0.8431951142,1,0.7383378201,1.420512231,1
0.364181883,0.2872547866,1.194970784,0.2703342596,0.7581275077,0.8821818994,0.9293971628,0.3432610774,0,0.2892952863,0.8308778512,0
0.3030154291,0.7822266443,0.8821818994,0.07955954213,0.971886257,0.8736923547,0.8491295924,0.6900661868,0.05,0.5046386159,0.8902929185,0
0.219555524,0.9583916033,0.8736923547,0.1038428243,0.7455074745,1.17597302,0.9429154601,0.8373394166,0.1,0.6882030613,0.9486083027,0
0.224235708,0.9948593438,1.17597302,0.1915517308,0.9992095274,1.294228718,1.293205666,1.169927747,0.15,0.7554103928,1.108635251,0
0.4018465484,0.8447940224,1.294228718,0.2371587546,0.6412425738,1.092839679,0.7097040167,1.093356685,0.2,0.7502863463,1.32174959,0
0.584567944,0.5281163559,1.092839679,0.2114292776,0.3266628356,0.8238839901,1.208329541,0.577146509,0.25,0.8221236093,1.480268801,0
0.6820006314,0.5317007551,0.8238839901,0.1779073492,0.8867442727,0.9516858756,1.237934771,0.4380597396,0.3,0.9900815845,1.571428512,0
0.7040325329,0.9023452031,0.9516858756,0.2410411961,0.9573635048,1.227711975,1.183221775,0.8587491847,0.35,1.101800401,1.687854265,1
0.259864713,0.4126654169,1.227711975,0.6001915196,0.6033531562,1.245485517,0.7979182006,0.5066342741,0,0.4109478438,0.7579054107,0
0.2296355466,0.1925907264,1.245485517,0.1914132194,0.2522334006,0.9865125203,1.018812177,0.2398689604,0.05,0.3774192641,0.9543357847,1
0.2233581793,0.361794488,0.9865125203,0.02813842536,0.9238202992,0.8131880299,1.019063002,0.3569147922,0,0.2903516141,0.798725346,1
0.2231615444,0.7171279754,0.8131880299,0.08560925395,0.9991495882,1.040583739,1.201678415,0.5831598855,0,0.5586449326,0.8292026056,0
0.2250386253,0.989508168,1.040583739,0.06755609806,0.9917869412,1.25483768,1.244531624,1.02966611,0.05,0.7503011288,0.8232076377,0
0.3135680231,0.9813182612,1.25483768,0.1926054929,0.9554291467,1.172661664,1.120395133,1.23139513,0.1,0.8026902637,0.9491684514,0
0.5111956224,0.8405353712,1.172661664,0.238310721,0.5555730836,0.8916012378,0.8954429828,0.9856636073,0.15,0.7662922709,1.145960783,0
0.6861164053,0.4761326583,0.8916012378,0.1892651423,0.5480304324,0.8527468893,1.184204635,0.4245204675,0.2,0.8006442773,1.295870368,0
0.7592674744,0.6459147904,0.8527468893,0.1367821886,0.8863372918,1.125674663,1.184191437,0.5508018282,0.25,0.927130693,1.408769223,0
0.7503499979,0.8793547713,1.125674663,0.2171795797,0.9021165492,1.254157684,1.131396402,0.9898673861,0.3,0.9981868491,1.574871832,1
0.3359642968,0.2704607676,1.254157684,0.6392157874,0.5303358017,1.082170385,0.9137357545,0.3392004498,0,0.2158629814,0.6543084099,0
0.2879925748,0.2997666641,1.082170385,0.1409586326,0.8190918178,0.8276749036,0.9862163948,0.3243986061,0.05,0.252453455,0.8202425946,0
0.2767677028,0.8267087978,0.8276749036,0.08336450412,0.9724180747,0.9304156773,0.9224724429,0.6842461245,0.1,0.4726921015,0.8743209457,0
0.2310708463,0.9618881405,0.9304156773,0.05931639943,0.7614945977,1.195692898,0.9105136825,0.8949558058,0.15,0.6867232979,0.8984799069,1
0.02269109889,0.6693938655,1.195692898,0.2361516625,0.6153932801,1.225207879,0.7539846953,0.8003894911,0,0.5224483806,0.6764206414,0
0.2032362176,0.6967272226,1.225207879,0.1813670861,0.4485295803,0.9844786655,0.9094668928,0.8536356824,0.05,0.5469021222,0.8490162612,0
0.3869973417,0.5190216607,0.9844786655,0.1852181031,0.4453804844,0.8122005888,1.196501976,0.5109657519,0.1,0.5874775811,0.9938143306,0
0.5059768704,0.5139897384,0.8122005888,0.138183724,0.8298720102,1.027160625,1.159309349,0.4174627682,0.15,0.706170645,1.085697815,0
0.546393368,0.7978304264,1.027160625,0.1504189066,0.8658255942,1.242969718,1.076194995,0.8194999996,0.2,0.7961025866,1.207407441,0
0.5682612697,0.7438918485,1.242969718,0.2198581976,0.6460702372,1.170432746,0.7561817616,0.9246350413,0.25,0.784745023,1.404682986,0
0.6254443139,0.3909117999,1.170432746,0.2321656351,0.1684501773,0.8946022883,1.123809907,0.4575359713,0.3,0.7734237283,1.591875904,0
0.66483524,0.3411720184,0.8946022883,0.1702186701,0.9342378262,0.8501166472,1.150364266,0.3052132684,0.35,0.9295135615,1.68158042,0
0.6316805967,0.9887042852,0.8501166472,0.1802477253,0.9327852662,1.125303145,1.095554869,0.840513972,0.4,1.161798977,1.713545036,0
0.5920963556,0.9545209829,1.125303145,0.305936775,0.9575060248,1.263170941,1.209493787,1.074125464,0.45,1.283456868,1.825876322,1
0.07906582735,0.847730279,1.263170941,0.5326720018,0.9759719399,1.095376613,1.069056838,1.070828255,0,0.5213007183,0.765364042,0
0.2603129181,0.7545154723,1.095376613,0.2254428681,0.2005525304,0.8311364036,1.099985305,0.8264786021,0.05,0.4740054334,0.9984927577,0
0.4210128635,0.1721574674,0.8311364036,0.1785110412,0.7124431828,0.9300632151,1.241233914,0.1430863383,0.1,0.565743986,1.149268316,0
0.4740913823,0.7621659106,0.9300632151,0.131167164,0.9376429076,1.211629953,1.22112999,0.7088624773,0.15,0.7542843633,1.247939541,0
0.4595398482,0.8931971682,1.211629953,0.209112702,0.8882213421,1.255014481,1.114730646,1.082224443,0.2,0.843996657,1.399552175,0
0.5038327421,0.692547056,1.255014481,0.2783144549,0.4095838511,1.008891818,0.9411759414,0.8691565838,0.25,0.8194497959,1.601861068,1
0.4037447631,0.3779698502,1.008891818,0.3513232005,0.9226242142,0.811196825,1.030457414,0.3813306895,0,0.3984363802,0.9910858835,0
0.365126402,0.9561548032,0.811196825,0.06307560581,0.8983100656,1.032624498,0.9276169809,0.7756297406,0.05,0.6193428449,1.044274709,0
0.2908893567,0.8816862733,1.032624498,0.1255594164,0.7770997636,1.277436586,1.01672615,0.9104508457,0.1,0.8027500269,1.106072624,1
0.04928544685,0.732299321,1.277436586,0.2652243759,0.9051845688,1.220015472,1.104339179,0.9354659443,0,0.5299816116,0.7494561369,0
0.2064585714,0.7416456406,1.220015472,0.1997296874,0.3444307667,0.9232460237,1.056292936,0.9048191561,0.05,0.5276056909,0.9614448528,0
0.388532518,0.3637229439,0.9232460237,0.1907599003,0.6088696912,0.841402065,1.311620391,0.3358057617,0.1,0.5826078028,1.124196095,0
0.4921060667,0.6742538196,0.841402065,0.1419760118,0.9342338792,1.139673399,1.296862246,0.5673185561,0.15,0.7430729132,1.218687497,0
0.5160339537,0.9055568092,1.139673399,0.1765781627,0.9356426007,1.317809264,1.232998487,1.032039007,0.2,0.8582043974,1.336412175,0
0.5440501231,0.8048676485,1.317809264,0.2540275908,0.6780724283,1.162243984,0.7880856004,1.060662044,0.25,0.8520373869,1.528409235,1
0.3664715606,0.283815265,1.162243984,0.4374272809,0.7889079172,0.8535428522,0.9722311222,0.3298625842,0,0.263193757,0.8274331772,0
0.3446487353,0.811502073,0.8535428522,0.08871441887,0.954022089,0.9135529811,0.8715497235,0.6926517939,0.05,0.4277949374,0.9208554119,0
0.2866943569,0.9153826722,0.9135529811,0.06777659454,0.6147437601,1.237879356,0.7609786101,0.8362505691,0.1,0.6472618577,0.9843801137,0
0.2168003143,0.7814403203,1.237879356,0.1652944171,0.8406951105,1.330918832,1.118896955,0.9673288408,0.15,0.7670726431,1.019228492,0
0.3165874871,0.9601472122,1.330918832,0.2448558544,0.8061132993,1.088096191,0.8771288105,1.277878007,0.2,0.765461008,1.107821631,0
0.5144044751,0.5621633593,1.088096191,0.2477234023,0.2804935255,0.8150657404,0.2286206631,0.61168781,0.25,0.8107349062,1.295704301,0
0.6515822435,0.5048166755,0.8150657404,0.197585766,0.5048166755,0.8150657404,0.4114587774,0.4114587774,0.3,0.9122260512,1.50021736,0
