seed,log10_rate_proxy,log10_mean_field_t,rate_trend_per_1000s,saturation_duty,field_variability,log10_max_dipole,log10_inertia_scale,log10_elapsed_s,label_log10_gain_ratio
1000,-9.349734034e-01,-4.352125490e+00,-1.074377024e+00,0.000000000e+00,3.404723681e-03,-3.170344138e-01,-1.218698227e+00,1.785329835e+00,2.857142857e-01
1000,-9.735934908e-01,-4.355330807e+00,-1.213804794e+00,0.000000000e+00,5.171534676e-03,-3.170344138e-01,-1.218698227e+00,1.959041392e+00,2.857142857e-01
1000,-1.007556249e+00,-4.359875955e+00,-1.166691944e+00,0.000000000e+00,6.952577434e-03,-3.170344138e-01,-1.218698227e+00,2.082785370e+00,2.857142857e-01
1000,-1.037806620e+00,-4.365768408e+00,-1.234306616e+00,0.000000000e+00,8.746672075e-03,-3.170344138e-01,-1.218698227e+00,2.178976947e+00,2.857142857e-01
1000,-1.073309619e+00,-4.373016808e+00,-1.242847056e+00,0.000000000e+00,1.055375752e-02,-3.170344138e-01,-1.218698227e+00,2.257678575e+00,2.857142857e-01
1000,-1.113338597e+00,-4.381629976e+00,-1.285081622e+00,0.000000000e+00,1.237279511e-02,-3.170344138e-01,-1.218698227e+00,2.324282455e+00,2.857142857e-01
1000,-1.151685054e+00,-4.391615451e+00,-1.301388021e+00,0.000000000e+00,1.420068134e-02,-3.170344138e-01,-1.218698227e+00,2.382017043e+00,2.857142857e-01
1000,-1.192939213e+00,-4.402977418e+00,-1.351539894e+00,0.000000000e+00,1.603115049e-02,-3.170344138e-01,-1.218698227e+00,2.432969291e+00,2.857142857e-01
1000,-1.232727342e+00,-4.415713761e+00,-1.401540899e+00,0.000000000e+00,1.785338096e-02,-3.170344138e-01,-1.218698227e+00,2.478566496e+00,2.857142857e-01
1000,-1.276371206e+00,-4.429811931e+00,-1.406667480e+00,0.000000000e+00,1.965012548e-02,-3.170344138e-01,-1.218698227e+00,2.519827994e+00,2.857142857e-01
1000,-1.319950617e+00,-4.445243176e+00,-1.656707801e+00,0.000000000e+00,2.139519313e-02,-3.170344138e-01,-1.218698227e+00,2.557507202e+00,2.857142857e-01
1000,-1.369141949e+00,-4.461954579e+00,-1.547277343e+00,0.000000000e+00,2.305011376e-02,-3.170344138e-01,-1.218698227e+00,2.592176757e+00,2.857142857e-01
1000,-1.422260704e+00,-4.479858243e+00,-1.924609852e+00,0.000000000e+00,2.455986302e-02,-3.170344138e-01,-1.218698227e+00,2.624282096e+00,2.857142857e-01
1000,-1.475213789e+00,-4.498816904e+00,-1.913375919e+00,0.000000000e+00,2.584768937e-02,-3.170344138e-01,-1.218698227e+00,2.654176542e+00,2.857142857e-01
1000,-1.548084248e+00,-4.518625445e+00,-2.607969664e+00,0.000000000e+00,2.680948156e-02,-3.170344138e-01,-1.218698227e+00,2.682145076e+00,2.857142857e-01
1000,-1.613818787e+00,-4.538988358e+00,-1.828756361e+00,0.000000000e+00,2.730892194e-02,-3.170344138e-01,-1.218698227e+00,2.708420900e+00,2.857142857e-01
1000,-1.680621680e+00,-4.559494668e+00,-2.950358810e+00,0.000000000e+00,2.717607513e-02,-3.170344138e-01,-1.218698227e+00,2.733197265e+00,2.857142857e-01
1000,-1.767608192e+00,-4.579594509e+00,-1.483180264e+00,0.000000000e+00,2.621406804e-02,-3.170344138e-01,-1.218698227e+00,2.756636108e+00,2.857142857e-01
1000,-1.777521570e+00,-4.598585788e+00,-3.909364425e-01,0.000000000e+00,2.422046649e-02,-3.170344138e-01,-1.218698227e+00,2.778874472e+00,2.857142857e-01
1000,-1.780652393e+00,-4.615624348e+00,1.228662707e+00,0.000000000e+00,2.102985420e-02,-3.170344138e-01,-1.218698227e+00,2.800029359e+00,2.857142857e-01
1000,-1.698606469e+00,-4.629773788e+00,2.840592822e+00,0.000000000e+00,1.657880828e-02,-3.170344138e-01,-1.218698227e+00,2.820201459e+00,2.857142857e-01
1000,-1.638529284e+00,-4.640106035e+00,1.625395497e+00,0.000000000e+00,1.098499660e-02,-3.170344138e-01,-1.218698227e+00,2.839478047e+00,2.857142857e-01
1000,-1.586523572e+00,-4.645845749e+00,1.992438308e+00,0.000000000e+00,4.686490399e-03,-3.170344138e-01,-1.218698227e+00,2.857935265e+00,2.857142857e-01
1000,-1.529471307e+00,-4.646523688e+00,1.257134007e+00,0.000000000e+00,3.106332945e-03,-3.170344138e-01,-1.218698227e+00,2.875639937e+00,2.857142857e-01
1000,-1.506536504e+00,-4.642083523e+00,7.600556196e-01,0.000000000e+00,9.366351515e-03,-3.170344138e-01,-1.218698227e+00,2.892651034e+00,2.857142857e-01
1000,-1.486455595e+00,-4.632895352e+00,3.214150660e-01,0.000000000e+00,1.520321921e-02,-3.170344138e-01,-1.218698227e+00,2.909020854e+00,2.857142857e-01
1000,-1.487323700e+00,-4.619669585e+00,-2.770162732e-01,0.000000000e+00,1.996851706e-02,-3.170344138e-01,-1.218698227e+00,2.924795996e+00,2.857142857e-01
1000,-1.501093940e+00,-4.603309951e+00,-6.789679524e-01,0.000000000e+00,2.348315280e-02,-3.170344138e-01,-1.218698227e+00,2.940018155e+00,2.857142857e-01
1000,-1.527925628e+00,-4.584762319e+00,-1.004053164e+00,0.000000000e+00,2.577184543e-02,-3.170344138e-01,-1.218698227e+00,2.954724791e+00,2.857142857e-01
1000,-1.561253898e+00,-4.564901162e+00,-1.421735589e+00,0.000000000e+00,2.698076418e-02,-3.170344138e-01,-1.218698227e+00,2.968949681e+00,2.857142857e-01
1000,-1.615664259e+00,-4.544467284e+00,-2.027040587e+00,0.000000000e+00,2.730783960e-02,-3.170344138e-01,-1.218698227e+00,2.982723388e+00,2.857142857e-01
1000,-1.677250902e+00,-4.524048993e+00,-2.012162736e+00,0.000000000e+00,2.695416919e-02,-3.170344138e-01,-1.218698227e+00,2.996073654e+00,2.857142857e-01
1000,-1.742545157e+00,-4.504090860e+00,-2.819167718e+00,0.000000000e+00,2.609771428e-02,-3.170344138e-01,-1.218698227e+00,3.009025742e+00,2.857142857e-01
1000,-1.847355351e+00,-4.484915553e+00,-4.059571676e+00,0.000000000e+00,2.488352764e-02,-3.170344138e-01,-1.218698227e+00,3.021602716e+00,2.857142857e-01
1000,-1.982453928e+00,-4.466749037e+00,-4.204398488e+00,0.000000000e+00,2.342361827e-02,-3.170344138e-01,-1.218698227e+00,3.033825694e+00,2.857142857e-01
1000,-2.093460363e+00,-4.449743985e+00,-3.910893494e+00,0.000000000e+00,2.180123960e-02,-3.170344138e-01,-1.218698227e+00,3.045714059e+00,2.857142857e-01
1000,-2.233202894e+00,-4.433999348e+00,-5.682619463e+00,0.000000000e+00,2.007648352e-02,-3.170344138e-01,-1.218698227e+00,3.057285644e+00,2.857142857e-01
1000,-2.413498741e+00,-4.419575763e+00,-3.454072375e+00,0.000000000e+00,1.829163696e-02,-3.170344138e-01,-1.218698227e+00,3.068556895e+00,2.857142857e-01
1000,-2.410759093e+00,-4.406507218e+00,3.405575719e+00,0.000000000e+00,1.647570238e-02,-3.170344138e-01,-1.218698227e+00,3.079543007e+00,2.857142857e-01
1000,-2.246665306e+00,-4.394809676e+00,4.729405627e+00,0.000000000e+00,1.464796706e-02,-3.170344138e-01,-1.218698227e+00,3.090258053e+00,2.857142857e-01
1000,-2.139165191e+00,-4.384487348e+00,2.617213606e+00,0.000000000e+00,1.282071588e-02,-3.170344138e-01,-1.218698227e+00,3.100715087e+00,2.857142857e-01
1000,-2.083463824e+00,-4.375537205e+00,1.485941576e+00,0.000000000e+00,1.100125124e-02,-3.170344138e-01,-1.218698227e+00,3.110926242e+00,2.857142857e-01
1000,-2.043356108e+00,-4.367952185e+00,1.927575534e+00,0.000000000e+00,9.193392985e-03,-3.170344138e-01,-1.218698227e+00,3.120902818e+00,2.857142857e-01
1000,-1.968848910e+00,-4.361723471e+00,1.880554410e+00,0.000000000e+00,7.398632261e-03,-3.170344138e-01,-1.218698227e+00,3.130655349e+00,2.857142857e-01
1000,-1.943293509e+00,-4.356842075e+00,2.874425279e-01,0.000000000e+00,5.617176477e-03,-3.170344138e-01,-1.218698227e+00,3.140193679e+00,2.857142857e-01
1000,-1.937673019e+00,-4.353299947e+00,5.332215068e-01,0.000000000e+00,3.849561156e-03,-3.170344138e-01,-1.218698227e+00,3.149527014e+00,2.857142857e-01
1000,-1.915651586e+00,-4.351090716e+00,4.264991615e-01,0.000000000e+00,2.103406191e-03,-3.170344138e-01,-1.218698227e+00,3.158663981e+00,2.857142857e-01
1000,-1.910476357e+00,-4.350210167e+00,2.206232570e-01,0.000000000e+00,5.390918909e-04,-3.170344138e-01,-1.218698227e+00,3.167612673e+00,2.857142857e-01
1000,-1.906689666e+00,-4.350656519e+00,-9.739333192e-02,0.000000000e+00,1.544385127e-03,-3.170344138e-01,-1.218698227e+00,3.176380692e+00,2.857142857e-01
1000,-1.917288270e+00,-4.352430529e+00,-3.898469124e-01,0.000000000e+00,3.274517018e-03,-3.170344138e-01,-1.218698227e+00,3.184975191e+00,2.857142857e-01
1000,-1.919067695e+00,-4.355535432e+00,2.075938116e-01,0.000000000e+00,5.036203128e-03,-3.170344138e-01,-1.218698227e+00,3.193402903e+00,2.857142857e-01
1001,-1.195316281e+00,-4.678705407e+00,-1.317411325e-01,0.000000000e+00,1.932552846e-03,-9.405445441e-01,-1.139693464e+00,1.785329835e+00,2.857142857e-01
1001,-1.208218096e+00,-4.675597478e+00,-1.012934744e+00,0.000000000e+00,7.313947348e-03,-9.405445441e-01,-1.139693464e+00,1.959041392e+00,2.857142857e-01
1001,-1.238265584e+00,-4.668115779e+00,-7.187054505e-01,0.000000000e+00,1.275294300e-02,-9.405445441e-01,-1.139693464e+00,2.082785370e+00,2.857142857e-01
1001,-1.275380401e+00,-4.656801440e+00,-1.604614922e+00,0.000000000e+00,1.736058256e-02,-9.405445441e-01,-1.139693464e+00,2.178976947e+00,2.857142857e-01
1001,-1.314013797e+00,-4.642392604e+00,-1.161082516e+00,0.000000000e+00,2.092176487e-02,-9.405445441e-01,-1.139693464e+00,2.257678575e+00,2.857142857e-01
1001,-1.355546783e+00,-4.625702838e+00,-2.514192888e+00,0.000000000e+00,2.340389095e-02,-9.405445441e-01,-1.139693464e+00,2.324282455e+00,2.857142857e-01
1001,-1.414286567e+00,-4.607519222e+00,-6.472664415e-01,0.000000000e+00,2.489246208e-02,-9.405445441e-01,-1.139693464e+00,2.382017043e+00,2.857142857e-01
1001,-1.447798728e+00,-4.588537125e+00,-5.593722183e+00,0.000000000e+00,2.553547300e-02,-9.405445441e-01,-1.139693464e+00,2.432969291e+00,2.857142857e-01
1001,-1.514488828e+00,-4.569331182e+00,8.701372634e-01,0.000000000e+00,2.549961513e-02,-9.405445441e-01,-1.139693464e+00,2.478566496e+00,2.857142857e-01
1001,-1.582256764e+00,-4.550352681e+00,-5.753724080e+00,0.000000000e+00,2.494267185e-02,-9.405445441e-01,-1.139693464e+00,2.519827994e+00,2.857142857e-01
1001,-1.680752201e+00,-4.531942037e+00,-2.197309898e-01,0.000000000e+00,2.400007289e-02,-9.405445441e-01,-1.139693464e+00,2.557507202e+00,2.857142857e-01
1001,-1.730000679e+00,-4.514347492e+00,-2.294663772e+00,0.000000000e+00,2.278100608e-02,-9.405445441e-01,-1.139693464e+00,2.592176757e+00,2.857142857e-01
1001,-1.726727657e+00,-4.497744550e+00,1.828944077e+00,0.000000000e+00,2.136978487e-02,-9.405445441e-01,-1.139693464e+00,2.624282096e+00,2.857142857e-01
1001,-1.721513552e+00,-4.482253408e+00,-1.878581387e+00,0.000000000e+00,1.982947854e-02,-9.405445441e-01,-1.139693464e+00,2.654176542e+00,2.857142857e-01
1001,-1.639823703e+00,-4.467953396e+00,6.262972944e+00,0.000000000e+00,1.820607755e-02,-9.405445441e-01,-1.139693464e+00,2.682145076e+00,2.857142857e-01
1001,-1.635789322e+00,-4.454894359e+00,-5.992001806e+00,0.000000000e+00,1.653235506e-02,-9.405445441e-01,-1.139693464e+00,2.708420900e+00,2.857142857e-01
1001,-1.638021330e+00,-4.443105366e+00,6.420001526e+00,0.000000000e+00,1.483111004e-02,-9.405445441e-01,-1.139693464e+00,2.733197265e+00,2.857142857e-01
1001,-1.601556819e+00,-4.432601230e+00,-3.147966822e+00,0.000000000e+00,1.311774592e-02,-9.405445441e-01,-1.139693464e+00,2.756636108e+00,2.857142857e-01
1001,-1.617870822e+00,-4.423387319e+00,2.346961917e+00,0.000000000e+00,1.140225764e-02,-9.405445441e-01,-1.139693464e+00,2.778874472e+00,2.857142857e-01
1001,-1.597301824e+00,-4.415463071e+00,-2.373864102e+00,0.000000000e+00,9.690741347e-03,-9.405445441e-01,-1.139693464e+00,2.800029359e+00,2.857142857e-01
1001,-1.615707999e+00,-4.408824538e+00,1.853398058e+00,0.000000000e+00,7.986552864e-03,-9.405445441e-01,-1.139693464e+00,2.820201459e+00,2.857142857e-01
1001,-1.543711084e+00,-4.403466217e+00,1.501423825e+00,0.000000000e+00,6.291266640e-03,-9.405445441e-01,-1.139693464e+00,2.839478047e+00,2.857142857e-01
1001,-1.644555008e+00,-4.399382343e+00,-4.671671068e+00,0.000000000e+00,4.605738407e-03,-9.405445441e-01,-1.139693464e+00,2.857935265e+00,2.857142857e-01
1001,-1.648386458e+00,-4.396567799e+00,3.061502185e+00,0.000000000e+00,2.932591191e-03,-9.405445441e-01,-1.139693464e+00,2.875639937e+00,2.857142857e-01
1001,-1.603284789e+00,-4.395018728e+00,-1.291797451e+00,0.000000000e+00,1.294313736e-03,-9.405445441e-01,-1.139693464e+00,2.892651034e+00,2.857142857e-01
1001,-1.676768540e+00,-4.394732916e+00,-1.926207372e+00,0.000000000e+00,6.316016605e-04,-9.405445441e-01,-1.139693464e+00,2.909020854e+00,2.857142857e-01
1001,-1.650832189e+00,-4.395709988e+00,2.555827397e+00,0.000000000e+00,2.182709696e-03,-9.405445441e-01,-1.139693464e+00,2.924795996e+00,2.857142857e-01
1001,-1.622408544e+00,-4.397951453e+00,-8.228045447e-01,0.000000000e+00,3.846778699e-03,-9.405445441e-01,-1.139693464e+00,2.940018155e+00,2.857142857e-01
1001,-1.697689077e+00,-4.401460574e+00,-3.859301245e+00,0.000000000e+00,5.527761885e-03,-9.405445441e-01,-1.139693464e+00,2.954724791e+00,2.857142857e-01
1001,-1.767445500e+00,-4.406242075e+00,-1.638353738e-01,0.000000000e+00,7.219322399e-03,-9.405445441e-01,-1.139693464e+00,2.968949681e+00,2.857142857e-01
1001,-1.732798247e+00,-4.412301641e+00,1.239731319e+00,0.000000000e+00,8.920341007e-03,-9.405445441e-01,-1.139693464e+00,2.982723388e+00,2.857142857e-01
1002,-1.312012918e+00,-4.482513662e+00,-5.323495915e+00,0.000000000e+00,1.730540833e-02,-3.112773069e-01,-1.396839927e+00,1.785329835e+00,5.714285714e-01
1002,-1.402356138e+00,-4.496049017e+00,-4.819261924e+00,0.000000000e+00,1.869184628e-02,-3.112773069e-01,-1.396839927e+00,1.959041392e+00,5.714285714e-01
1002,-1.485336546e+00,-4.510587158e+00,-2.919101555e+00,0.000000000e+00,1.996798356e-02,-3.112773069e-01,-1.396839927e+00,2.082785370e+00,5.714285714e-01
1002,-1.516351992e+00,-4.526027914e+00,1.490332580e+00,0.000000000e+00,2.108699177e-02,-3.112773069e-01,-1.396839927e+00,2.178976947e+00,5.714285714e-01
1002,-1.507361565e+00,-4.542230599e+00,4.286088300e+00,0.000000000e+00,2.198776693e-02,-3.112773069e-01,-1.396839927e+00,2.257678575e+00,5.714285714e-01
1002,-1.491203764e+00,-4.559002398e+00,5.754577949e+00,0.000000000e+00,2.259273066e-02,-3.112773069e-01,-1.396839927e+00,2.324282455e+00,5.714285714e-01
1002,-1.445702853e+00,-4.576085501e+00,4.306594206e+00,0.000000000e+00,2.280688239e-02,-3.112773069e-01,-1.396839927e+00,2.382017043e+00,5.714285714e-01
1002,-1.384701170e+00,-4.593144464e+00,2.840602396e+00,0.000000000e+00,2.251961685e-02,-3.112773069e-01,-1.396839927e+00,2.432969291e+00,5.714285714e-01
1002,-1.316546901e+00,-4.609756650e+00,1.470766619e+00,0.000000000e+00,2.161147153e-02,-3.112773069e-01,-1.396839927e+00,2.478566496e+00,5.714285714e-01
1002,-1.269922523e+00,-4.625410342e+00,4.734294698e-01,0.000000000e+00,1.996827287e-02,-3.112773069e-01,-1.396839927e+00,2.519827994e+00,5.714285714e-01
1002,-1.219187400e+00,-4.639516719e+00,3.278466181e-01,0.000000000e+00,1.750436418e-02,-3.112773069e-01,-1.396839927e+00,2.557507202e+00,5.714285714e-01
1002,-1.188033407e+00,-4.651442052e+00,4.256965675e-01,0.000000000e+00,1.419394653e-02,-3.112773069e-01,-1.396839927e+00,2.592176757e+00,5.714285714e-01
1002,-1.176905122e+00,-4.660563466e+00,6.084065414e-01,0.000000000e+00,1.010594648e-02,-3.112773069e-01,-1.396839927e+00,2.624282096e+00,5.714285714e-01
1002,-1.180939304e+00,-4.666344363e+00,2.839954038e-01,0.000000000e+00,5.448031022e-03,-3.112773069e-01,-1.396839927e+00,2.654176542e+00,5.714285714e-01
1002,-1.183462063e+00,-4.668415275e+00,-1.965024812e-01,0.000000000e+00,1.347544975e-03,-3.112773069e-01,-1.396839927e+00,2.682145076e+00,5.714285714e-01
1002,-1.198398272e+00,-4.666637885e+00,-8.177827405e-01,0.000000000e+00,5.078979401e-03,-3.112773069e-01,-1.396839927e+00,2.708420900e+00,5.714285714e-01
1002,-1.217450508e+00,-4.661130715e+00,-1.162312695e+00,0.000000000e+00,9.765899010e-03,-3.112773069e-01,-1.396839927e+00,2.733197265e+00,5.714285714e-01
1002,-1.268574512e+00,-4.652247059e+00,-1.199630167e+00,0.000000000e+00,1.390835136e-02,-3.112773069e-01,-1.396839927e+00,2.756636108e+00,5.714285714e-01
1002,-1.293541523e+00,-4.640513277e+00,-2.451164842e+00,0.000000000e+00,1.728363667e-02,-3.112773069e-01,-1.396839927e+00,2.778874472e+00,5.714285714e-01
1002,-1.366902861e+00,-4.626548394e+00,-1.223669332e+00,0.000000000e+00,1.981392977e-02,-3.112773069e-01,-1.396839927e+00,2.800029359e+00,5.714285714e-01
1002,-1.454455235e+00,-4.610987611e+00,-3.614642164e+00,0.000000000e+00,2.151888031e-02,-3.112773069e-01,-1.396839927e+00,2.820201459e+00,5.714285714e-01
1002,-1.516793002e+00,-4.594424725e+00,-1.720690842e+00,0.000000000e+00,2.248067107e-02,-3.112773069e-01,-1.396839927e+00,2.839478047e+00,5.714285714e-01
1002,-1.580790885e+00,-4.577378154e+00,-2.762936902e+00,0.000000000e+00,2.281220165e-02,-3.112773069e-01,-1.396839927e+00,2.857935265e+00,5.714285714e-01
1002,-1.680259947e+00,-4.560277585e+00,-3.613255850e+00,0.000000000e+00,2.263314236e-02,-3.112773069e-01,-1.396839927e+00,2.875639937e+00,5.714285714e-01
1002,-1.663489788e+00,-4.543465016e+00,1.429684381e+00,0.000000000e+00,2.205511629e-02,-3.112773069e-01,-1.396839927e+00,2.892651034e+00,5.714285714e-01
1002,-1.734431081e+00,-4.527203902e+00,-4.102768950e+00,0.000000000e+00,2.117446039e-02,-3.112773069e-01,-1.396839927e+00,2.909020854e+00,5.714285714e-01
1002,-1.696011048e+00,-4.511691679e+00,4.451576380e+00,0.000000000e+00,2.007010758e-02,-3.112773069e-01,-1.396839927e+00,2.924795996e+00,5.714285714e-01
1002,-1.686909288e+00,-4.497072679e+00,-3.004012547e+00,0.000000000e+00,1.880438136e-02,-3.112773069e-01,-1.396839927e+00,2.940018155e+00,5.714285714e-01
1002,-1.664565361e+00,-4.483449873e+00,4.548423203e+00,0.000000000e+00,1.742513629e-02,-3.112773069e-01,-1.396839927e+00,2.954724791e+00,5.714285714e-01
1002,-1.656990825e+00,-4.470894816e+00,-3.212700240e+00,0.000000000e+00,1.596829546e-02,-3.112773069e-01,-1.396839927e+00,2.968949681e+00,5.714285714e-01
1002,-1.632889090e+00,-4.459455711e+00,4.201539290e+00,0.000000000e+00,1.446028737e-02,-3.112773069e-01,-1.396839927e+00,2.982723388e+00,5.714285714e-01
1002,-1.634684208e+00,-4.449163746e+00,-3.576746810e+00,0.000000000e+00,1.292016741e-02,-3.112773069e-01,-1.396839927e+00,2.996073654e+00,5.714285714e-01
1002,-1.661226934e+00,-4.440037981e+00,2.700978142e+00,0.000000000e+00,1.136136740e-02,-3.112773069e-01,-1.396839927e+00,3.009025742e+00,5.714285714e-01
1002,-1.635879591e+00,-4.432089059e+00,-2.461758561e+00,0.000000000e+00,9.793096174e-03,-3.112773069e-01,-1.396839927e+00,3.021602716e+00,5.714285714e-01
1002,-1.699279485e+00,-4.425321997e+00,-4.576956968e-01,0.000000000e+00,8.221451687e-03,-3.112773069e-01,-1.396839927e+00,3.033825694e+00,5.714285714e-01
1002,-1.664248275e+00,-4.419738252e+00,1.725865587e+00,0.000000000e+00,6.650332470e-03,-3.112773069e-01,-1.396839927e+00,3.045714059e+00,5.714285714e-01
1002,-1.700303258e+00,-4.415337249e+00,-3.792895773e+00,0.000000000e+00,5.082305936e-03,-3.112773069e-01,-1.396839927e+00,3.057285644e+00,5.714285714e-01
1002,-1.767921124e+00,-4.412117481e+00,2.287338521e-01,0.000000000e+00,3.519948071e-03,-3.112773069e-01,-1.396839927e+00,3.068556895e+00,5.714285714e-01
1002,-1.736862783e+00,-4.410077281e+00,9.597153538e-01,0.000000000e+00,1.971095021e-03,-3.112773069e-01,-1.396839927e+00,3.079543007e+00,5.714285714e-01
1002,-1.758926485e+00,-4.409215348e+00,-2.864132154e+00,0.000000000e+00,5.433338229e-04,-3.112773069e-01,-1.396839927e+00,3.090258053e+00,5.714285714e-01
1002,-1.872994504e+00,-4.409531048e+00,-2.194701806e+00,0.000000000e+00,1.268787168e-03,-3.112773069e-01,-1.396839927e+00,3.100715087e+00,5.714285714e-01
1002,-1.871033140e+00,-4.411024541e+00,1.139127936e+00,0.000000000e+00,2.798560187e-03,-3.112773069e-01,-1.396839927e+00,3.110926242e+00,5.714285714e-01
1003,-8.693548306e-01,-4.450916717e+00,-4.770307240e+00,8.333333333e-02,1.803759418e-02,-4.381392245e-01,-1.692981428e+00,1.785329835e+00,2.857142857e-01
1003,-1.028573141e+00,-4.437994215e+00,-6.750289571e+00,0.000000000e+00,1.633897652e-02,-4.381392245e-01,-1.692981428e+00,1.959041392e+00,2.857142857e-01
1003,-1.247808417e+00,-4.426354594e+00,-8.748403304e+00,0.000000000e+00,1.462807014e-02,-4.381392245e-01,-1.692981428e+00,2.082785370e+00,2.857142857e-01
1003,-1.436081689e+00,-4.416002671e+00,-6.328545058e+00,0.000000000e+00,1.291649197e-02,-4.381392245e-01,-1.692981428e+00,2.178976947e+00,2.857142857e-01
1003,-1.627371828e+00,-4.406936320e+00,-8.671986159e+00,0.000000000e+00,1.121134450e-02,-4.381392245e-01,-1.692981428e+00,2.257678575e+00,2.857142857e-01
1003,-1.774576954e+00,-4.399149393e+00,-1.739210621e+00,0.000000000e+00,9.516522176e-03,-4.381392245e-01,-1.692981428e+00,2.324282455e+00,2.857142857e-01
1003,-1.729687427e+00,-4.392633808e+00,7.993458785e+00,0.000000000e+00,7.833703260e-03,-4.381392245e-01,-1.692981428e+00,2.382017043e+00,2.857142857e-01
1003,-1.617845416e+00,-4.387381033e+00,3.400159609e+00,0.000000000e+00,6.163175681e-03,-4.381392245e-01,-1.692981428e+00,2.432969291e+00,2.857142857e-01
1003,-1.540955467e+00,-4.383383131e+00,4.929858241e+00,0.000000000e+00,4.504794217e-03,-4.381392245e-01,-1.692981428e+00,2.478566496e+00,2.857142857e-01
1003,-1.513059177e+00,-4.380633477e+00,7.812666007e-01,0.000000000e+00,2.860389939e-03,-4.381392245e-01,-1.692981428e+00,2.519827994e+00,2.857142857e-01
1003,-1.518246899e+00,-4.379127245e+00,1.339598163e+00,0.000000000e+00,1.252094578e-03,-4.381392245e-01,-1.692981428e+00,2.557507202e+00,2.857142857e-01
1003,-1.477867122e+00,-4.378861703e+00,2.825542381e+00,0.000000000e+00,6.350081502e-04,-4.381392245e-01,-1.692981428e+00,2.592176757e+00,2.857142857e-01
1003,-1.464064269e+00,-4.379836373e+00,1.496731868e-01,0.000000000e+00,2.163300346e-03,-4.381392245e-01,-1.692981428e+00,2.624282096e+00,2.857142857e-01
1003,-1.525238876e+00,-4.382053054e+00,-1.841358448e-01,0.000000000e+00,3.798562048e-03,-4.381392245e-01,-1.692981428e+00,2.654176542e+00,2.857142857e-01
1003,-1.512595754e+00,-4.385515724e+00,-1.705756923e-01,0.000000000e+00,5.451576967e-03,-4.381392245e-01,-1.692981428e+00,2.682145076e+00,2.857142857e-01
1003,-1.462927630e+00,-4.390230306e+00,-6.143841196e-01,0.000000000e+00,7.117015037e-03,-4.381392245e-01,-1.692981428e+00,2.708420900e+00,2.857142857e-01
1003,-1.471493896e+00,-4.396204266e+00,4.791535916e-01,0.000000000e+00,8.794683949e-03,-4.381392245e-01,-1.692981428e+00,2.733197265e+00,2.857142857e-01
1003,-1.515678865e+00,-4.403446007e+00,8.337005742e-01,0.000000000e+00,1.048462483e-02,-4.381392245e-01,-1.692981428e+00,2.756636108e+00,2.857142857e-01
1003,-1.522599826e+00,-4.411963972e+00,8.175061588e-01,0.000000000e+00,1.218584970e-02,-4.381392245e-01,-1.692981428e+00,2.778874472e+00,2.857142857e-01
1003,-1.507160974e+00,-4.421765364e+00,-1.064816442e-01,0.000000000e+00,1.389551615e-02,-4.381392245e-01,-1.692981428e+00,2.800029359e+00,2.857142857e-01
1003,-1.507514669e+00,-4.432854344e+00,-7.138580990e-01,0.000000000e+00,1.560802763e-02,-4.381392245e-01,-1.692981428e+00,2.820201459e+00,2.857142857e-01
1003,-1.490206023e+00,-4.445229492e+00,-3.665166769e-01,0.000000000e+00,1.731387717e-02,-4.381392245e-01,-1.692981428e+00,2.839478047e+00,2.857142857e-01
1003,-1.480612638e+00,-4.458880285e+00,-1.112392179e+00,0.000000000e+00,1.899810239e-02,-4.381392245e-01,-1.692981428e+00,2.857935265e+00,2.857142857e-01
1003,-1.468059348e+00,-4.473782223e+00,-3.124352881e-01,0.000000000e+00,2.063821933e-02,-4.381392245e-01,-1.692981428e+00,2.875639937e+00,2.857142857e-01
1003,-1.444314077e+00,-4.489890171e+00,-2.151031825e-01,0.000000000e+00,2.220150171e-02,-4.381392245e-01,-1.692981428e+00,2.892651034e+00,2.857142857e-01
1003,-1.433910771e+00,-4.507129363e+00,3.401305028e-01,0.000000000e+00,2.364150352e-02,-4.381392245e-01,-1.692981428e+00,2.909020854e+00,2.857142857e-01
1003,-1.416729253e+00,-4.525383511e+00,9.794279840e-01,0.000000000e+00,2.489383345e-02,-4.381392245e-01,-1.692981428e+00,2.924795996e+00,2.857142857e-01
1003,-1.409558469e+00,-4.544479523e+00,8.822809121e-01,0.000000000e+00,2.587146069e-02,-4.381392245e-01,-1.692981428e+00,2.940018155e+00,2.857142857e-01
1003,-1.404587312e+00,-4.564168763e+00,6.360421877e-01,0.000000000e+00,2.646038419e-02,-4.381392245e-01,-1.692981428e+00,2.954724791e+00,2.857142857e-01
1003,-1.383601475e+00,-4.584105741e+00,4.584672354e-01,0.000000000e+00,2.651747405e-02,-4.381392245e-01,-1.692981428e+00,2.968949681e+00,2.857142857e-01
1003,-1.360438119e+00,-4.603826979e+00,9.554149221e-02,0.000000000e+00,2.587374627e-02,-4.381392245e-01,-1.692981428e+00,2.982723388e+00,2.857142857e-01
1003,-1.362666355e+00,-4.622735900e+00,3.166099678e-01,0.000000000e+00,2.434794629e-02,-4.381392245e-01,-1.692981428e+00,2.996073654e+00,2.857142857e-01
1003,-1.359640036e+00,-4.640103450e+00,1.306083560e-01,0.000000000e+00,2.177593712e-02,-4.381392245e-01,-1.692981428e+00,3.009025742e+00,2.857142857e-01
1003,-1.365798232e+00,-4.655097357e+00,-4.393100288e-01,0.000000000e+00,1.805880918e-02,-4.381392245e-01,-1.692981428e+00,3.021602716e+00,2.857142857e-01
1003,-1.373170065e+00,-4.666851703e+00,-3.383243314e-01,0.000000000e+00,1.322539036e-02,-4.381392245e-01,-1.692981428e+00,3.033825694e+00,2.857142857e-01
1003,-1.396647648e+00,-4.674578222e+00,-1.096143027e+00,0.000000000e+00,7.505834237e-03,-4.381392245e-01,-1.692981428e+00,3.045714059e+00,2.857142857e-01
1003,-1.431588827e+00,-4.677700715e+00,-1.298717190e+00,0.000000000e+00,1.929222099e-03,-4.381392245e-01,-1.692981428e+00,3.057285644e+00,2.857142857e-01
1003,-1.474120253e+00,-4.675972565e+00,-1.938281429e+00,0.000000000e+00,5.760613054e-03,-4.381392245e-01,-1.692981428e+00,3.068556895e+00,2.857142857e-01
1003,-1.554301150e+00,-4.669531900e+00,-3.142593898e+00,0.000000000e+00,1.164346379e-02,-4.381392245e-01,-1.692981428e+00,3.079543007e+00,2.857142857e-01
1003,-1.647828183e+00,-4.658870351e+00,-2.531506465e+00,0.000000000e+00,1.676613165e-02,-4.381392245e-01,-1.692981428e+00,3.090258053e+00,2.857142857e-01
1003,-1.722818552e+00,-4.644729220e+00,-4.460226756e+00,0.000000000e+00,2.081397256e-02,-4.381392245e-01,-1.692981428e+00,3.100715087e+00,2.857142857e-01
1003,-1.921510469e+00,-4.627965133e+00,-7.062601648e+00,0.000000000e+00,2.370890787e-02,-4.381392245e-01,-1.692981428e+00,3.110926242e+00,2.857142857e-01
1003,-2.116825593e+00,-4.609429147e+00,-5.418288479e+00,0.000000000e+00,2.551991999e-02,-4.381392245e-01,-1.692981428e+00,3.120902818e+00,2.857142857e-01
1003,-2.260946264e+00,-4.589884617e+00,-3.483606657e+00,0.000000000e+00,2.639812152e-02,-4.381392245e-01,-1.692981428e+00,3.130655349e+00,2.857142857e-01
1003,-2.288148077e+00,-4.569967297e+00,3.676524689e-01,0.000000000e+00,2.652366808e-02,-4.381392245e-01,-1.692981428e+00,3.140193679e+00,2.857142857e-01
1003,-2.270628153e+00,-4.550177881e+00,2.133014565e+00,0.000000000e+00,2.607105363e-02,-4.381392245e-01,-1.692981428e+00,3.149527014e+00,2.857142857e-01
1003,-2.135862446e+00,-4.530893774e+00,5.897599701e+00,0.000000000e+00,2.519151817e-02,-4.381392245e-01,-1.692981428e+00,3.158663981e+00,2.857142857e-01
1003,-1.975855356e+00,-4.512389245e+00,2.481529783e+00,0.000000000e+00,2.400737150e-02,-4.381392245e-01,-1.692981428e+00,3.167612673e+00,2.857142857e-01
1003,-1.971751606e+00,-4.494857086e+00,-3.387690838e-01,0.000000000e+00,2.261299829e-02,-4.381392245e-01,-1.692981428e+00,3.176380692e+00,2.857142857e-01
1003,-1.963757419e+00,-4.478428244e+00,9.433920528e-01,0.000000000e+00,2.107880526e-02,-4.381392245e-01,-1.692981428e+00,3.184975191e+00,2.857142857e-01
1003,-1.942847039e+00,-4.463188114e+00,2.061616373e-01,0.000000000e+00,1.945593002e-02,-4.381392245e-01,-1.692981428e+00,3.193402903e+00,2.857142857e-01
1003,-1.949914819e+00,-4.449189370e+00,-1.138042714e+00,0.000000000e+00,1.778064761e-02,-4.381392245e-01,-1.692981428e+00,3.201670180e+00,2.857142857e-01
1003,-2.008634612e+00,-4.436461730e+00,-1.412851865e+00,0.000000000e+00,1.607807180e-02,-4.381392245e-01,-1.692981428e+00,3.209783015e+00,2.857142857e-01
1003,-2.013537278e+00,-4.425019231e+00,3.789991482e-01,0.000000000e+00,1.436508566e-02,-4.381392245e-01,-1.692981428e+00,3.217747073e+00,2.857142857e-01
1003,-2.013463109e+00,-4.414865562e+00,-1.125861235e+00,0.000000000e+00,1.265258278e-02,-4.381392245e-01,-1.692981428e+00,3.225567713e+00,2.857142857e-01
1004,-1.242545549e+00,-4.328924558e+00,-1.573553227e+01,5.000000000e-01,2.930038576e-03,-8.094831139e-01,-2.086781695e+00,1.785329835e+00,0.000000000e+00
1004,-1.683961125e+00,-4.327451100e+00,-1.436365295e+01,1.666666667e-02,1.135194589e-03,-8.094831139e-01,-2.086781695e+00,1.959041392e+00,0.000000000e+00
1004,-1.821926162e+00,-4.327376650e+00,-1.727367871e+00,0.000000000e+00,9.593775033e-04,-8.094831139e-01,-2.086781695e+00,2.082785370e+00,0.000000000e+00
1004,-1.773290044e+00,-4.328700938e+00,-1.710912935e-01,0.000000000e+00,2.734147293e-03,-8.094831139e-01,-2.086781695e+00,2.178976947e+00,0.000000000e+00
1004,-1.745477361e+00,-4.331426572e+00,-3.336256587e-01,0.000000000e+00,4.583238610e-03,-8.094831139e-01,-2.086781695e+00,2.257678575e+00,0.000000000e+00
1004,-1.766154965e+00,-4.335558863e+00,4.407257169e-01,0.000000000e+00,6.451020854e-03,-8.094831139e-01,-2.086781695e+00,2.324282455e+00,0.000000000e+00
1004,-1.798718836e+00,-4.341105453e+00,1.042777824e+00,0.000000000e+00,8.333589306e-03,-8.094831139e-01,-2.086781695e+00,2.382017043e+00,0.000000000e+00
1004,-1.848393426e+00,-4.348075676e+00,1.767981298e+00,0.000000000e+00,1.023086674e-02,-8.094831139e-01,-2.086781695e+00,2.432969291e+00,0.000000000e+00
1004,-1.903194332e+00,-4.356479591e+00,4.239989861e+00,0.000000000e+00,1.214232771e-02,-8.094831139e-01,-2.086781695e+00,2.478566496e+00,0.000000000e+00
1004,-1.937995728e+00,-4.366326547e+00,5.018544876e+00,0.000000000e+00,1.406553244e-02,-8.094831139e-01,-2.086781695e+00,2.519827994e+00,0.000000000e+00
1004,-1.937188702e+00,-4.377623097e+00,3.952648442e+00,0.000000000e+00,1.599489849e-02,-8.094831139e-01,-2.086781695e+00,2.557507202e+00,0.000000000e+00
1004,-1.932050328e+00,-4.390370006e+00,3.150048131e+00,0.000000000e+00,1.792020494e-02,-8.094831139e-01,-2.086781695e+00,2.592176757e+00,0.000000000e+00
1004,-1.909109292e+00,-4.404557995e+00,2.495307808e+00,0.000000000e+00,1.982458607e-02,-8.094831139e-01,-2.086781695e+00,2.624282096e+00,0.000000000e+00
1004,-1.883045925e+00,-4.420161722e+00,2.214013409e+00,0.000000000e+00,2.168180040e-02,-8.094831139e-01,-2.086781695e+00,2.654176542e+00,0.000000000e+00
1004,-1.849887718e+00,-4.437131374e+00,2.048320888e+00,0.000000000e+00,2.345255897e-02,-8.094831139e-01,-2.086781695e+00,2.682145076e+00,0.000000000e+00
1004,-1.820557344e+00,-4.455381086e+00,1.992905044e+00,0.000000000e+00,2.507973447e-02,-8.094831139e-01,-2.086781695e+00,2.708420900e+00,0.000000000e+00
1004,-1.790005728e+00,-4.474773314e+00,1.885685784e+00,0.000000000e+00,2.648243458e-02,-8.094831139e-01,-2.086781695e+00,2.733197265e+00,0.000000000e+00
1004,-1.752319168e+00,-4.495098437e+00,1.735204836e+00,0.000000000e+00,2.754935066e-02,-8.094831139e-01,-2.086781695e+00,2.756636108e+00,0.000000000e+00
1004,-1.710960043e+00,-4.516049473e+00,1.482466950e+00,0.000000000e+00,2.813271066e-02,-8.094831139e-01,-2.086781695e+00,2.778874472e+00,0.000000000e+00
1004,-1.665270980e+00,-4.537193371e+00,1.243907590e+00,0.000000000e+00,2.804583416e-02,-8.094831139e-01,-2.086781695e+00,2.800029359e+00,0.000000000e+00
1004,-1.633578598e+00,-4.557943506e+00,1.076122957e+00,0.000000000e+00,2.706978112e-02,-8.094831139e-01,-2.086781695e+00,2.820201459e+00,0.000000000e+00
1004,-1.610066077e+00,-4.577543057e+00,1.032656505e+00,0.000000000e+00,2.497717505e-02,-8.094831139e-01,-2.086781695e+00,2.839478047e+00,0.000000000e+00
1004,-1.574465374e+00,-4.595075191e+00,9.044988496e-01,0.000000000e+00,2.158148883e-02,-8.094831139e-01,-2.086781695e+00,2.857935265e+00,0.000000000e+00
1004,-1.544271151e+00,-4.609519622e+00,6.357912295e-01,0.000000000e+00,1.681375872e-02,-8.094831139e-01,-2.086781695e+00,2.875639937e+00,0.000000000e+00
1004,-1.534951622e+00,-4.619869084e+00,3.212677526e-01,0.000000000e+00,1.081741384e-02,-8.094831139e-01,-2.086781695e+00,2.892651034e+00,0.000000000e+00
1004,-1.534545227e+00,-4.625296754e+00,-2.103970349e-01,0.000000000e+00,4.149032023e-03,-8.094831139e-01,-2.086781695e+00,2.909020854e+00,0.000000000e+00
1004,-1.540706067e+00,-4.625330899e+00,-5.558348269e-01,0.000000000e+00,4.068892516e-03,-8.094831139e-01,-2.086781695e+00,2.924795996e+00,0.000000000e+00
1004,-1.571178728e+00,-4.619969044e+00,-1.201604748e+00,0.000000000e+00,1.073485338e-02,-8.094831139e-01,-2.086781695e+00,2.940018155e+00,0.000000000e+00
1004,-1.610473731e+00,-4.609678602e+00,-1.608445495e+00,0.000000000e+00,1.674168862e-02,-8.094831139e-01,-2.086781695e+00,2.954724791e+00,0.000000000e+00
1004,-1.670370447e+00,-4.595283622e+00,-2.334948821e+00,0.000000000e+00,2.152296776e-02,-8.094831139e-01,-2.086781695e+00,2.968949681e+00,0.000000000e+00
1005,-7.276461032e-01,-4.509734445e+00,-1.417431600e+00,9.833333333e-01,1.389881539e-02,-8.048396307e-01,-1.792619377e+00,1.785329835e+00,-2.857142857e-01
1005,-7.690424415e-01,-4.499744163e+00,-9.183964931e-01,1.000000000e+00,1.267175973e-02,-8.048396307e-01,-1.792619377e+00,1.959041392e+00,-2.857142857e-01
1005,-8.074493721e-01,-4.490702419e+00,-1.761466931e+00,1.000000000e+00,1.137935873e-02,-8.048396307e-01,-1.792619377e+00,2.082785370e+00,-2.857142857e-01
1005,-8.589888980e-01,-4.482651536e+00,-1.829597413e+00,1.000000000e+00,1.003963283e-02,-8.048396307e-01,-1.792619377e+00,2.178976947e+00,-2.857142857e-01
1005,-9.130107477e-01,-4.475621975e+00,-2.228879821e+00,9.833333333e-01,8.666332074e-03,-8.048396307e-01,-1.792619377e+00,2.257678575e+00,-2.857142857e-01
1005,-9.781998148e-01,-4.469635235e+00,-3.135204608e+00,8.833333333e-01,7.269877364e-03,-8.048396307e-01,-1.792619377e+00,2.324282455e+00,-2.857142857e-01
1005,-1.070358694e+00,-4.464706110e+00,-2.793087343e+00,7.500000000e-01,5.858210589e-03,-8.048396307e-01,-1.792619377e+00,2.382017043e+00,-2.857142857e-01
1005,-1.135163570e+00,-4.460844435e+00,-2.527820015e+00,4.833333333e-01,4.437681578e-03,-8.048396307e-01,-1.792619377e+00,2.432969291e+00,-2.857142857e-01
1005,-1.267879451e+00,-4.458056389e+00,-2.511601577e+00,1.333333333e-01,3.014542807e-03,-8.048396307e-01,-1.792619377e+00,2.478566496e+00,-2.857142857e-01
1005,-1.335454507e+00,-4.456345436e+00,-2.283713788e+00,0.000000000e+00,1.601517209e-03,-8.048396307e-01,-1.792619377e+00,2.519827994e+00,-2.857142857e-01
1005,-1.408215328e+00,-4.455712965e+00,-3.292484027e+00,0.000000000e+00,3.903420294e-04,-8.048396307e-01,-1.792619377e+00,2.557507202e+00,-2.857142857e-01
1005,-1.501949565e+00,-4.456158664e+00,-3.312193988e+00,0.000000000e+00,1.360158099e-03,-8.048396307e-01,-1.792619377e+00,2.592176757e+00,-2.857142857e-01
1005,-1.544195521e+00,-4.457680650e+00,-1.585150465e+00,0.000000000e+00,2.762937091e-03,-8.048396307e-01,-1.792619377e+00,2.624282096e+00,-2.857142857e-01
1005,-1.635277663e+00,-4.460275379e+00,-1.054234458e+00,0.000000000e+00,4.177747273e-03,-8.048396307e-01,-1.792619377e+00,2.654176542e+00,-2.857142857e-01
1005,-1.675836525e+00,-4.463937309e+00,-2.357111923e+00,0.000000000e+00,5.587990525e-03,-8.048396307e-01,-1.792619377e+00,2.682145076e+00,-2.857142857e-01
1005,-1.747868600e+00,-4.468658326e+00,-3.579005173e+00,0.000000000e+00,6.987124457e-03,-8.048396307e-01,-1.792619377e+00,2.708420900e+00,-2.857142857e-01
1005,-1.746458157e+00,-4.474426870e+00,2.124989340e+00,0.000000000e+00,8.369017844e-03,-8.048396307e-01,-1.792619377e+00,2.733197265e+00,-2.857142857e-01
1005,-1.771422936e+00,-4.481226747e+00,-3.249705741e+00,0.000000000e+00,9.726199608e-03,-8.048396307e-01,-1.792619377e+00,2.756636108e+00,-2.857142857e-01
1005,-1.807941621e+00,-4.489035531e+00,7.404807449e-01,0.000000000e+00,1.104897767e-02,-8.048396307e-01,-1.792619377e+00,2.778874472e+00,-2.857142857e-01
1005,-1.822210506e+00,-4.497822510e+00,-2.918814717e+00,0.000000000e+00,1.232465798e-02,-8.048396307e-01,-1.792619377e+00,2.800029359e+00,-2.857142857e-01
1005,-1.881656856e+00,-4.507546070e+00,2.246977594e-01,0.000000000e+00,1.353670664e-02,-8.048396307e-01,-1.792619377e+00,2.820201459e+00,-2.857142857e-01
1005,-1.851276709e+00,-4.518150436e+00,1.156146520e+00,0.000000000e+00,1.466382116e-02,-8.048396307e-01,-1.792619377e+00,2.839478047e+00,-2.857142857e-01
1005,-1.869387139e+00,-4.529561699e+00,-1.290300883e+00,0.000000000e+00,1.567893259e-02,-8.048396307e-01,-1.792619377e+00,2.857935265e+00,-2.857142857e-01
1005,-1.839429520e+00,-4.541683090e+00,2.174819146e+00,0.000000000e+00,1.654821845e-02,-8.048396307e-01,-1.792619377e+00,2.875639937e+00,-2.857142857e-01
1005,-1.849052754e+00,-4.554389572e+00,-2.090966756e+00,0.000000000e+00,1.723028968e-02,-8.048396307e-01,-1.792619377e+00,2.892651034e+00,-2.857142857e-01
1005,-1.889535112e+00,-4.567521973e+00,2.337229695e-01,0.000000000e+00,1.767583277e-02,-8.048396307e-01,-1.792619377e+00,2.909020854e+00,-2.857142857e-01
1005,-1.851678086e+00,-4.580881160e+00,1.273355827e+00,0.000000000e+00,1.782814161e-02,-8.048396307e-01,-1.792619377e+00,2.924795996e+00,-2.857142857e-01
1005,-1.858337895e+00,-4.594223127e+00,-1.334359459e+00,0.000000000e+00,1.762513717e-02,-8.048396307e-01,-1.792619377e+00,2.940018155e+00,-2.857142857e-01
1005,-1.872198192e+00,-4.607256392e+00,1.163253892e+00,0.000000000e+00,1.700358372e-02,-8.048396307e-01,-1.792619377e+00,2.954724791e+00,-2.857142857e-01
1005,-1.826229825e+00,-4.619643578e+00,8.573093034e-01,0.000000000e+00,1.590614116e-02,-8.048396307e-01,-1.792619377e+00,2.968949681e+00,-2.857142857e-01
1005,-1.838312747e+00,-4.631009398e+00,-1.054958590e+00,0.000000000e+00,1.429147502e-02,-8.048396307e-01,-1.792619377e+00,2.982723388e+00,-2.857142857e-01
1005,-1.854046474e+00,-4.640957068e+00,5.281845897e-02,0.000000000e+00,1.214675680e-02,-8.048396307e-01,-1.792619377e+00,2.996073654e+00,-2.857142857e-01
1005,-1.845436901e+00,-4.649094066e+00,2.600605270e-01,0.000000000e+00,9.500744281e-03,-8.048396307e-01,-1.792619377e+00,3.009025742e+00,-2.857142857e-01
1005,-1.846681550e+00,-4.655065909e+00,-3.594073892e-01,0.000000000e+00,6.435902264e-03,-8.048396307e-01,-1.792619377e+00,3.021602716e+00,-2.857142857e-01
1006,-1.218923528e+00,-4.421777788e+00,-3.009288126e+00,3.666666667e-01,9.764367016e-03,-8.360201834e-01,-1.511652833e+00,1.785329835e+00,0.000000000e+00
1006,-1.208730394e+00,-4.429731330e+00,2.599333390e+00,3.666666667e-01,1.140419418e-02,-8.360201834e-01,-1.511652833e+00,1.959041392e+00,0.000000000e+00
1006,-1.182173791e+00,-4.438915563e+00,1.948698708e+00,4.166666667e-01,1.303437537e-02,-8.360201834e-01,-1.511652833e+00,2.082785370e+00,0.000000000e+00
1006,-1.138546586e+00,-4.449319377e+00,2.502565195e+00,4.166666667e-01,1.464485986e-02,-8.360201834e-01,-1.511652833e+00,2.178976947e+00,0.000000000e+00
1006,-1.083031837e+00,-4.460922450e+00,2.347265298e+00,4.833333333e-01,1.622089278e-02,-8.360201834e-01,-1.511652833e+00,2.257678575e+00,0.000000000e+00
1006,-1.026251100e+00,-4.473691094e+00,1.397271560e+00,5.666666667e-01,1.774140797e-02,-8.360201834e-01,-1.511652833e+00,2.324282455e+00,0.000000000e+00
1006,-1.002769256e+00,-4.487572749e+00,1.249429143e+00,7.000000000e-01,1.917701352e-02,-8.360201834e-01,-1.511652833e+00,2.382017043e+00,0.000000000e+00
1006,-9.571647058e-01,-4.502488806e+00,1.483947784e+00,8.333333333e-01,2.048754467e-02,-8.360201834e-01,-1.511652833e+00,2.432969291e+00,0.000000000e+00
1006,-9.237253435e-01,-4.518325446e+00,8.863700774e-01,9.166666667e-01,2.161925932e-02,-8.360201834e-01,-1.511652833e+00,2.478566496e+00,0.000000000e+00
1006,-9.175513552e-01,-4.534922316e+00,9.332319190e-01,9.166666667e-01,2.250195390e-02,-8.360201834e-01,-1.511652833e+00,2.519827994e+00,0.000000000e+00
1006,-8.963600832e-01,-4.552059203e+00,6.932605581e-01,9.166666667e-01,2.304663957e-02,-8.360201834e-01,-1.511652833e+00,2.557507202e+00,0.000000000e+00
1006,-8.774850670e-01,-4.569441539e+00,3.519628066e-01,9.666666667e-01,2.314499446e-02,-8.360201834e-01,-1.511652833e+00,2.592176757e+00,0.000000000e+00
1006,-8.658566904e-01,-4.586686776e+00,2.608080769e-01,1.000000000e+00,2.267257894e-02,-8.360201834e-01,-1.511652833e+00,2.624282096e+00,0.000000000e+00
1006,-8.578929992e-01,-4.603315437e+00,2.274250782e-01,1.000000000e+00,2.149854871e-02,-8.360201834e-01,-1.511652833e+00,2.654176542e+00,0.000000000e+00
1006,-8.630292049e-01,-4.618752768e+00,-1.314570215e-03,1.000000000e+00,1.950472224e-02,-8.360201834e-01,-1.511652833e+00,2.682145076e+00,0.000000000e+00
1006,-8.723840000e-01,-4.632348497e+00,-2.068730713e-01,9.333333333e-01,1.661533873e-02,-8.360201834e-01,-1.511652833e+00,2.708420900e+00,0.000000000e+00
1006,-8.855962382e-01,-4.643421464e+00,-6.013678819e-01,8.500000000e-01,1.283500626e-02,-8.360201834e-01,-1.511652833e+00,2.733197265e+00,0.000000000e+00
1006,-9.037654295e-01,-4.651330726e+00,-8.431191087e-01,7.500000000e-01,8.289967050e-03,-8.360201834e-01,-1.511652833e+00,2.756636108e+00,0.000000000e+00
1006,-9.288233518e-01,-4.655564419e+00,-1.151538166e+00,5.166666667e-01,3.333458540e-03,-8.360201834e-01,-1.511652833e+00,2.778874472e+00,0.000000000e+00
1006,-9.704738084e-01,-4.655825569e+00,-1.558452471e+00,2.666666667e-01,2.722812121e-03,-8.360201834e-01,-1.511652833e+00,2.800029359e+00,0.000000000e+00
1006,-1.016193381e+00,-4.652087797e+00,-1.625650859e+00,1.500000000e-01,7.679691594e-03,-8.360201834e-01,-1.511652833e+00,2.820201459e+00,0.000000000e+00
1006,-1.072381856e+00,-4.644600470e+00,-1.751658075e+00,1.000000000e-01,1.234338722e-02,-8.360201834e-01,-1.511652833e+00,2.839478047e+00,0.000000000e+00
1006,-1.118397515e+00,-4.633841335e+00,-1.395749190e+00,3.333333333e-02,1.628127202e-02,-8.360201834e-01,-1.511652833e+00,2.857935265e+00,0.000000000e+00
1006,-1.172663759e+00,-4.620434271e+00,-1.089839323e+00,0.000000000e+00,1.934066226e-02,-8.360201834e-01,-1.511652833e+00,2.875639937e+00,0.000000000e+00
1006,-1.217409676e+00,-4.605059098e+00,-2.425051351e-01,0.000000000e+00,2.149779746e-02,-8.360201834e-01,-1.511652833e+00,2.892651034e+00,0.000000000e+00
1006,-1.253716595e+00,-4.588376120e+00,-2.009268258e-02,0.000000000e+00,2.281655385e-02,-8.360201834e-01,-1.511652833e+00,2.909020854e+00,0.000000000e+00
1006,-1.275668644e+00,-4.570976429e+00,8.353623364e-01,0.000000000e+00,2.340978540e-02,-8.360201834e-01,-1.511652833e+00,2.924795996e+00,0.000000000e+00
1006,-1.289268136e+00,-4.553357928e+00,6.843906680e-01,0.000000000e+00,2.340774179e-02,-8.360201834e-01,-1.511652833e+00,2.940018155e+00,0.000000000e+00
1006,-1.308124705e+00,-4.535920896e+00,8.399807127e-01,0.000000000e+00,2.293703358e-02,-8.360201834e-01,-1.511652833e+00,2.954724791e+00,0.000000000e+00
1006,-1.322695201e+00,-4.518975470e+00,-9.945114714e-02,0.000000000e+00,2.210937650e-02,-8.360201834e-01,-1.511652833e+00,2.968949681e+00,0.000000000e+00
1006,-1.341386392e+00,-4.502754751e+00,-9.169395608e-01,0.000000000e+00,2.101738879e-02,-8.360201834e-01,-1.511652833e+00,2.982723388e+00,0.000000000e+00
1006,-1.332450228e+00,-4.487429338e+00,-8.302978074e-01,0.000000000e+00,1.973461225e-02,-8.360201834e-01,-1.511652833e+00,2.996073654e+00,0.000000000e+00
1006,-1.346629674e+00,-4.473120970e+00,-9.425607887e-01,0.000000000e+00,1.831761731e-02,-8.360201834e-01,-1.511652833e+00,3.009025742e+00,0.000000000e+00
1006,-1.402577760e+00,-4.459914253e+00,-1.024595376e+00,0.000000000e+00,1.680884449e-02,-8.360201834e-01,-1.511652833e+00,3.021602716e+00,0.000000000e+00
1006,-1.417044424e+00,-4.447866224e+00,-3.755213693e-01,0.000000000e+00,1.523945199e-02,-8.360201834e-01,-1.511652833e+00,3.033825694e+00,0.000000000e+00
1006,-1.464318509e+00,-4.437013885e+00,-2.018469038e+00,0.000000000e+00,1.363183806e-02,-8.360201834e-01,-1.511652833e+00,3.045714059e+00,0.000000000e+00
1006,-1.493655806e+00,-4.427379997e+00,-7.589081655e-01,0.000000000e+00,1.200173396e-02,-8.360201834e-01,-1.511652833e+00,3.057285644e+00,0.000000000e+00
1006,-1.561001335e+00,-4.418977478e+00,-2.143639435e+00,0.000000000e+00,1.035987901e-02,-8.360201834e-01,-1.511652833e+00,3.068556895e+00,0.000000000e+00
1006,-1.578127891e+00,-4.411812682e+00,-3.013742650e-01,0.000000000e+00,8.713343061e-03,-8.360201834e-01,-1.511652833e+00,3.079543007e+00,0.000000000e+00
1006,-1.629013151e+00,-4.405887835e+00,-3.208156132e+00,0.000000000e+00,7.066594730e-03,-8.360201834e-01,-1.511652833e+00,3.090258053e+00,0.000000000e+00
1006,-1.713771042e+00,-4.401202813e+00,-1.170016616e+00,0.000000000e+00,5.422481743e-03,-8.360201834e-01,-1.511652833e+00,3.100715087e+00,0.000000000e+00
1006,-1.719051947e+00,-4.397756426e+00,-9.795289949e-01,0.000000000e+00,3.783628468e-03,-8.360201834e-01,-1.511652833e+00,3.110926242e+00,0.000000000e+00
1007,-9.245201658e-01,-4.632436461e+00,-2.649291458e+00,2.666666667e-01,1.012241309e-03,-7.413571811e-01,-1.833401973e+00,1.785329835e+00,-2.857142857e-01
1007,-1.006940679e+00,-4.631497086e+00,-3.054456592e+00,1.166666667e-01,1.497145067e-03,-7.413571811e-01,-1.833401973e+00,1.959041392e+00,-2.857142857e-01
1007,-1.081393853e+00,-4.630202318e+00,-3.977674957e+00,3.333333333e-02,1.951567263e-03,-7.413571811e-01,-1.833401973e+00,2.082785370e+00,-2.857142857e-01
1007,-1.145115302e+00,-4.628580049e+00,-2.764202630e+00,0.000000000e+00,2.364554923e-03,-7.413571811e-01,-1.833401973e+00,2.178976947e+00,-2.857142857e-01
1007,-1.188142660e+00,-4.626665195e+00,-1.965101762e+00,0.000000000e+00,2.727226059e-03,-7.413571811e-01,-1.833401973e+00,2.257678575e+00,-2.857142857e-01
1007,-1.349295976e+00,-4.624498504e+00,-2.912846333e+00,0.000000000e+00,3.032550936e-03,-7.413571811e-01,-1.833401973e+00,2.324282455e+00,-2.857142857e-01
1007,-1.356199195e+00,-4.622125247e+00,-1.125038039e-01,0.000000000e+00,3.275352884e-03,-7.413571811e-01,-1.833401973e+00,2.382017043e+00,-2.857142857e-01
1007,-1.373610550e+00,-4.619593863e+00,-3.395850708e+00,0.000000000e+00,3.452282734e-03,-7.413571811e-01,-1.833401973e+00,2.432969291e+00,-2.857142857e-01
1007,-1.493612153e+00,-4.616954632e+00,5.450674136e-01,0.000000000e+00,3.561730530e-03,-7.413571811e-01,-1.833401973e+00,2.478566496e+00,-2.857142857e-01
1007,-1.515284797e+00,-4.614258427e+00,-2.997860219e+00,0.000000000e+00,3.603679853e-03,-7.413571811e-01,-1.833401973e+00,2.519827994e+00,-2.857142857e-01
1007,-1.568526145e+00,-4.611555587e+00,-8.033738049e-01,0.000000000e+00,3.579521282e-03,-7.413571811e-01,-1.833401973e+00,2.557507202e+00,-2.857142857e-01
1007,-1.589563887e+00,-4.608894943e+00,1.272427563e-01,0.000000000e+00,3.491843793e-03,-7.413571811e-01,-1.833401973e+00,2.592176757e+00,-2.857142857e-01
1007,-1.604375970e+00,-4.606323001e+00,-3.722900228e+00,0.000000000e+00,3.344221471e-03,-7.413571811e-01,-1.833401973e+00,2.624282096e+00,-2.857142857e-01
1007,-1.595305430e+00,-4.603883275e+00,1.023369380e+00,0.000000000e+00,3.141009779e-03,-7.413571811e-01,-1.833401973e+00,2.654176542e+00,-2.857142857e-01
1007,-1.646879941e+00,-4.601615780e+00,-1.755039534e+00,0.000000000e+00,2.887162052e-03,-7.413571811e-01,-1.833401973e+00,2.682145076e+00,-2.857142857e-01
1007,-1.707029671e+00,-4.599556644e+00,-1.192195273e+00,0.000000000e+00,2.588073625e-03,-7.413571811e-01,-1.833401973e+00,2.708420900e+00,-2.857142857e-01
1007,-1.745204980e+00,-4.597737837e+00,-1.325594758e+00,0.000000000e+00,2.249459285e-03,-7.413571811e-01,-1.833401973e+00,2.733197265e+00,-2.857142857e-01
1007,-1.719632453e+00,-4.596186981e+00,3.414210438e+00,0.000000000e+00,1.877271765e-03,-7.413571811e-01,-1.833401973e+00,2.756636108e+00,-2.857142857e-01
1007,-1.767085647e+00,-4.594927232e+00,-7.739248673e+00,0.000000000e+00,1.477684465e-03,-7.413571811e-01,-1.833401973e+00,2.778874472e+00,-2.857142857e-01
1007,-1.792312851e+00,-4.593977206e+00,6.311050950e+00,0.000000000e+00,1.057242797e-03,-7.413571811e-01,-1.833401973e+00,2.800029359e+00,-2.857142857e-01
1007,-1.805468129e+00,-4.593350936e+00,-4.247569778e+00,0.000000000e+00,6.238979899e-04,-7.413571811e-01,-1.833401973e+00,2.820201459e+00,-2.857142857e-01
1007,-1.848505975e+00,-4.593057843e+00,9.377229553e-01,0.000000000e+00,2.024469436e-04,-7.413571811e-01,-1.833401973e+00,2.839478047e+00,-2.857142857e-01
1007,-1.865144307e+00,-4.593102714e+00,-3.347581457e+00,0.000000000e+00,3.078624227e-04,-7.413571811e-01,-1.833401973e+00,2.857935265e+00,-2.857142857e-01
1007,-1.824508356e+00,-4.593485679e+00,6.717131101e+00,0.000000000e+00,7.418549693e-04,-7.413571811e-01,-1.833401973e+00,2.875639937e+00,-2.857142857e-01
1007,-1.897157593e+00,-4.594202178e+00,-6.862268209e+00,0.000000000e+00,1.176910203e-03,-7.413571811e-01,-1.833401973e+00,2.892651034e+00,-2.857142857e-01
1007,-1.943814371e+00,-4.595242928e+00,2.536962345e+00,0.000000000e+00,1.598362303e-03,-7.413571811e-01,-1.833401973e+00,2.909020854e+00,-2.857142857e-01
1007,-1.936866742e+00,-4.596593885e+00,-2.882489188e+00,0.000000000e+00,1.998638492e-03,-7.413571811e-01,-1.833401973e+00,2.924795996e+00,-2.857142857e-01
1007,-1.891872336e+00,-4.598236207e+00,5.544965432e+00,0.000000000e+00,2.370992670e-03,-7.413571811e-01,-1.833401973e+00,2.940018155e+00,-2.857142857e-01
1007,-1.902292158e+00,-4.600146248e+00,-7.200353785e+00,0.000000000e+00,2.708890659e-03,-7.413571811e-01,-1.833401973e+00,2.954724791e+00,-2.857142857e-01
1007,-2.001411914e+00,-4.602295565e+00,2.495854301e+00,0.000000000e+00,3.005924437e-03,-7.413571811e-01,-1.833401973e+00,2.968949681e+00,-2.857142857e-01
1007,-1.995827832e+00,-4.604650993e+00,-1.922576871e+00,0.000000000e+00,3.255851482e-03,-7.413571811e-01,-1.833401973e+00,2.982723388e+00,-2.857142857e-01
1007,-1.979454000e+00,-4.607174785e+00,2.620190119e+00,0.000000000e+00,3.452692847e-03,-7.413571811e-01,-1.833401973e+00,2.996073654e+00,-2.857142857e-01
1007,-1.951018615e+00,-4.609824852e+00,-2.649193526e+00,0.000000000e+00,3.590875120e-03,-7.413571811e-01,-1.833401973e+00,3.009025742e+00,-2.857142857e-01
1007,-2.042666567e+00,-4.612555129e+00,-1.633209341e+00,0.000000000e+00,3.665411396e-03,-7.413571811e-01,-1.833401973e+00,3.021602716e+00,-2.857142857e-01
1007,-2.000374095e+00,-4.615316092e+00,3.355702561e+00,0.000000000e+00,3.672116770e-03,-7.413571811e-01,-1.833401973e+00,3.033825694e+00,-2.857142857e-01
1007,-2.004376159e+00,-4.618055451e+00,-1.781009975e+00,0.000000000e+00,3.607851072e-03,-7.413571811e-01,-1.833401973e+00,3.045714059e+00,-2.857142857e-01
1007,-1.986314922e+00,-4.620719025e+00,2.290321459e+00,0.000000000e+00,3.470777355e-03,-7.413571811e-01,-1.833401973e+00,3.057285644e+00,-2.857142857e-01
1007,-2.008965780e+00,-4.623251816e+00,-4.155869095e+00,0.000000000e+00,3.260619898e-03,-7.413571811e-01,-1.833401973e+00,3.068556895e+00,-2.857142857e-01
1007,-2.052743253e+00,-4.625599267e+00,2.697732294e+00,0.000000000e+00,2.978901547e-03,-7.413571811e-01,-1.833401973e+00,3.079543007e+00,-2.857142857e-01
1007,-1.996738163e+00,-4.627708674e+00,-7.697831813e-02,0.000000000e+00,2.629138949e-03,-7.413571811e-01,-1.833401973e+00,3.090258053e+00,-2.857142857e-01
1007,-2.016845626e+00,-4.629530712e+00,-5.812673041e-01,0.000000000e+00,2.216980406e-03,-7.413571811e-01,-1.833401973e+00,3.100715087e+00,-2.857142857e-01
1007,-2.003131990e+00,-4.631021000e+00,8.000386002e-01,0.000000000e+00,1.750301563e-03,-7.413571811e-01,-1.833401973e+00,3.110926242e+00,-2.857142857e-01
1007,-2.041758632e+00,-4.632141632e+00,-2.573558836e+00,0.000000000e+00,1.239423300e-03,-7.413571811e-01,-1.833401973e+00,3.120902818e+00,-2.857142857e-01
1007,-2.048558624e+00,-4.632862570e+00,2.756666900e+00,0.000000000e+00,6.988064961e-04,-7.413571811e-01,-1.833401973e+00,3.130655349e+00,-2.857142857e-01
1007,-1.997335771e+00,-4.633162812e+00,-7.246984247e-01,0.000000000e+00,1.873487401e-04,-7.413571811e-01,-1.833401973e+00,3.140193679e+00,-2.857142857e-01
1007,-2.030812398e+00,-4.633031252e+00,-7.288234272e-01,0.000000000e+00,4.870203048e-04,-7.413571811e-01,-1.833401973e+00,3.149527014e+00,-2.857142857e-01
1007,-2.020175450e+00,-4.632467152e+00,6.829122380e-01,0.000000000e+00,1.045504286e-03,-7.413571811e-01,-1.833401973e+00,3.158663981e+00,-2.857142857e-01
1007,-2.032445354e+00,-4.631480200e+00,-1.853819359e+00,0.000000000e+00,1.593270481e-03,-7.413571811e-01,-1.833401973e+00,3.167612673e+00,-2.857142857e-01
1007,-2.053027061e+00,-4.630090152e+00,1.495485752e+00,0.000000000e+00,2.110324016e-03,-7.413571811e-01,-1.833401973e+00,3.176380692e+00,-2.857142857e-01
1007,-2.017015246e+00,-4.628326074e+00,8.140059508e-02,0.000000000e+00,2.583710267e-03,-7.413571811e-01,-1.833401973e+00,3.184975191e+00,-2.857142857e-01
1007,-2.059788937e+00,-4.626225252e+00,-1.480040193e+00,0.000000000e+00,3.002952184e-03,-7.413571811e-01,-1.833401973e+00,3.193402903e+00,-2.857142857e-01
1007,-2.063619122e+00,-4.623831857e+00,4.051309348e-01,0.000000000e+00,3.359707742e-03,-7.413571811e-01,-1.833401973e+00,3.201670180e+00,-2.857142857e-01
1007,-2.057490891e+00,-4.621195448e+00,-5.972285584e-01,0.000000000e+00,3.647771844e-03,-7.413571811e-01,-1.833401973e+00,3.209783015e+00,-2.857142857e-01
1007,-2.086000630e+00,-4.618369407e+00,-7.663567802e-01,0.000000000e+00,3.863054073e-03,-7.413571811e-01,-1.833401973e+00,3.217747073e+00,-2.857142857e-01
1007,-2.066083410e+00,-4.615409406e+00,1.371443468e+00,0.000000000e+00,4.003478809e-03,-7.413571811e-01,-1.833401973e+00,3.225567713e+00,-2.857142857e-01
1007,-2.071128201e+00,-4.612371964e+00,-1.410980229e+00,0.000000000e+00,4.068812953e-03,-7.413571811e-01,-1.833401973e+00,3.233250010e+00,-2.857142857e-01
1007,-2.114531690e+00,-4.609313146e+00,-8.570422118e-01,0.000000000e+00,4.060441942e-03,-7.413571811e-01,-1.833401973e+00,3.240798771e+00,-2.857142857e-01
1007,-2.119445841e+00,-4.606287446e+00,3.286075530e-01,0.000000000e+00,3.981117944e-03,-7.413571811e-01,-1.833401973e+00,3.248218561e+00,-2.857142857e-01
1007,-2.118655024e+00,-4.603346858e+00,-8.105491218e-01,0.000000000e+00,3.834702233e-03,-7.413571811e-01,-1.833401973e+00,3.255513713e+00,-2.857142857e-01
1007,-2.146208848e+00,-4.600540138e+00,-4.541014811e-01,0.000000000e+00,3.625919681e-03,-7.413571811e-01,-1.833401973e+00,3.262688344e+00,-2.857142857e-01
1007,-2.136452776e+00,-4.597912243e+00,6.963951711e-01,0.000000000e+00,3.360138444e-03,-7.413571811e-01,-1.833401973e+00,3.269746373e+00,-2.857142857e-01
1007,-2.150590483e+00,-4.595503925e+00,-1.156780725e+00,0.000000000e+00,3.043183474e-03,-7.413571811e-01,-1.833401973e+00,3.276691529e+00,-2.857142857e-01
1007,-2.174256063e+00,-4.593351451e+00,-8.175088257e-01,0.000000000e+00,2.681189340e-03,-7.413571811e-01,-1.833401973e+00,3.283527365e+00,-2.857142857e-01
1007,-2.188491876e+00,-4.591486428e+00,1.367023737e-01,0.000000000e+00,2.280497659e-03,-7.413571811e-01,-1.833401973e+00,3.290257269e+00,-2.857142857e-01
1007,-2.183701476e+00,-4.589935705e+00,-2.520086826e-02,0.000000000e+00,1.847612452e-03,-7.413571811e-01,-1.833401973e+00,3.296884476e+00,-2.857142857e-01
1007,-2.208075214e+00,-4.588721325e+00,-1.027340025e+00,0.000000000e+00,1.389268578e-03,-7.413571811e-01,-1.833401973e+00,3.303412071e+00,-2.857142857e-01
1007,-2.201780773e+00,-4.587860502e+00,7.644002173e-01,0.000000000e+00,9.129206216e-04,-7.413571811e-01,-1.833401973e+00,3.309843005e+00,-2.857142857e-01
1007,-2.202460010e+00,-4.587365620e+00,-7.150652859e-01,0.000000000e+00,4.308090787e-04,-7.413571811e-01,-1.833401973e+00,3.316180099e+00,-2.857142857e-01
1007,-2.220935102e+00,-4.587244227e+00,-3.154183997e-01,0.000000000e+00,1.567881803e-04,-7.413571811e-01,-1.833401973e+00,3.322426052e+00,-2.857142857e-01
1007,-2.238813196e+00,-4.587499013e+00,-6.942390803e-01,0.000000000e+00,6.026113985e-04,-7.413571811e-01,-1.833401973e+00,3.328583450e+00,-2.857142857e-01
1007,-2.238654620e+00,-4.588127778e+00,8.632357434e-01,0.000000000e+00,1.090002011e-03,-7.413571811e-01,-1.833401973e+00,3.334654767e+00,-2.857142857e-01
1007,-2.225841015e+00,-4.589123379e+00,-6.597902792e-01,0.000000000e+00,1.568564754e-03,-7.413571811e-01,-1.833401973e+00,3.340642378e+00,-2.857142857e-01
1007,-2.243811064e+00,-4.590473655e+00,-1.415432465e-01,0.000000000e+00,2.028739568e-03,-7.413571811e-01,-1.833401973e+00,3.346548559e+00,-2.857142857e-01
1007,-2.236596829e+00,-4.592161346e+00,3.532814809e-01,0.000000000e+00,2.463030304e-03,-7.413571811e-01,-1.833401973e+00,3.352375495e+00,-2.857142857e-01
1007,-2.242656667e+00,-4.594164007e+00,-4.397890420e-01,0.000000000e+00,2.864258360e-03,-7.413571811e-01,-1.833401973e+00,3.358125285e+00,-2.857142857e-01
1007,-2.244432843e+00,-4.596453938e+00,1.914729822e-01,0.000000000e+00,3.225297019e-03,-7.413571811e-01,-1.833401973e+00,3.363799945e+00,-2.857142857e-01
1007,-2.253743430e+00,-4.598998144e+00,-6.580717109e-01,0.000000000e+00,3.539051527e-03,-7.413571811e-01,-1.833401973e+00,3.369401414e+00,-2.857142857e-01
1007,-2.254056499e+00,-4.601758356e+00,8.926264001e-01,0.000000000e+00,3.798527051e-03,-7.413571811e-01,-1.833401973e+00,3.374931554e+00,-2.857142857e-01
1007,-2.234955857e+00,-4.604691135e+00,-2.265445799e-01,0.000000000e+00,3.996954776e-03,-7.413571811e-01,-1.833401973e+00,3.380392160e+00,-2.857142857e-01
1007,-2.247188679e+00,-4.607748105e+00,-2.789408604e-01,0.000000000e+00,4.127970203e-03,-7.413571811e-01,-1.833401973e+00,3.385784959e+00,-2.857142857e-01
1007,-2.236593226e+00,-4.610876330e+00,5.810347606e-01,0.000000000e+00,4.185841713e-03,-7.413571811e-01,-1.833401973e+00,3.391111614e+00,-2.857142857e-01
1007,-2.239656824e+00,-4.614018892e+00,-4.698105697e-01,0.000000000e+00,4.165745481e-03,-7.413571811e-01,-1.833401973e+00,3.396373728e+00,-2.857142857e-01
1007,-2.241336723e+00,-4.617115683e+00,5.258383962e-01,0.000000000e+00,4.064078164e-03,-7.413571811e-01,-1.833401973e+00,3.401572846e+00,-2.857142857e-01
1007,-2.232277006e+00,-4.620104447e+00,-2.864328699e-01,0.000000000e+00,3.878792441e-03,-7.413571811e-01,-1.833401973e+00,3.406710459e+00,-2.857142857e-01
1007,-2.241773195e+00,-4.622922067e+00,-8.493154265e-02,0.000000000e+00,3.609733689e-03,-7.413571811e-01,-1.833401973e+00,3.411788005e+00,-2.857142857e-01
1007,-2.223086920e+00,-4.625506098e+00,8.290962757e-01,0.000000000e+00,3.258950426e-03,-7.413571811e-01,-1.833401973e+00,3.416806872e+00,-2.857142857e-01
1008,-5.447774952e-01,-4.398413574e+00,-2.331513604e+00,9.833333333e-01,1.444444950e-03,-4.553305009e-01,-1.648659164e+00,1.785329835e+00,2.857142857e-01
1008,-6.165451595e-01,-4.397990693e+00,-2.850469032e+00,1.000000000e+00,4.948327945e-04,-4.553305009e-01,-1.648659164e+00,1.959041392e+00,2.857142857e-01
1008,-7.131726278e-01,-4.398800092e+00,-3.089248263e+00,9.833333333e-01,1.942590542e-03,-4.553305009e-01,-1.648659164e+00,2.082785370e+00,2.857142857e-01
1008,-8.036777089e-01,-4.400842472e+00,-3.941356994e+00,5.833333333e-01,3.560915722e-03,-4.553305009e-01,-1.648659164e+00,2.178976947e+00,2.857142857e-01
1008,-9.404252352e-01,-4.404117770e+00,-4.147981990e+00,1.000000000e-01,5.191960505e-03,-4.553305009e-01,-1.648659164e+00,2.257678575e+00,2.857142857e-01
1008,-1.045683701e+00,-4.408624698e+00,-4.576791958e+00,0.000000000e+00,6.824037121e-03,-4.553305009e-01,-1.648659164e+00,2.324282455e+00,2.857142857e-01
1008,-1.203087042e+00,-4.414359957e+00,-4.529833586e+00,0.000000000e+00,8.451590924e-03,-4.553305009e-01,-1.648659164e+00,2.382017043e+00,2.857142857e-01
1008,-1.325392641e+00,-4.421317050e+00,-3.356881675e+00,0.000000000e+00,1.006863440e-02,-4.553305009e-01,-1.648659164e+00,2.432969291e+00,2.857142857e-01
1008,-1.404814641e+00,-4.429484622e+00,-5.461870319e+00,0.000000000e+00,1.166703078e-02,-4.553305009e-01,-1.648659164e+00,2.478566496e+00,2.857142857e-01
1008,-1.507196437e+00,-4.438844178e+00,-3.151606381e-01,0.000000000e+00,1.323531638e-02,-4.553305009e-01,-1.648659164e+00,2.519827994e+00,2.857142857e-01
1008,-1.618224455e+00,-4.449367032e+00,-5.443195667e+00,0.000000000e+00,1.475745660e-02,-4.553305009e-01,-1.648659164e+00,2.557507202e+00,2.857142857e-01
1008,-1.690033381e+00,-4.461010281e+00,-1.161270328e+00,0.000000000e+00,1.621137191e-02,-4.553305009e-01,-1.648659164e+00,2.592176757e+00,2.857142857e-01
1008,-1.713914151e+00,-4.473711582e+00,-1.024147686e+00,0.000000000e+00,1.756717648e-02,-4.553305009e-01,-1.648659164e+00,2.624282096e+00,2.857142857e-01
1008,-1.697569789e+00,-4.487382509e+00,2.643846686e+00,0.000000000e+00,1.878514583e-02,-4.553305009e-01,-1.648659164e+00,2.654176542e+00,2.857142857e-01
1008,-1.767527282e+00,-4.501900321e+00,-4.045968658e+00,0.000000000e+00,1.981354311e-02,-4.553305009e-01,-1.648659164e+00,2.682145076e+00,2.857142857e-01
1008,-1.768746660e+00,-4.517098138e+00,2.670968571e+00,0.000000000e+00,2.058662855e-02,-4.553305009e-01,-1.648659164e+00,2.708420900e+00,2.857142857e-01
1008,-1.736880434e+00,-4.532753890e+00,-8.420888014e-01,0.000000000e+00,2.102349213e-02,-4.553305009e-01,-1.648659164e+00,2.733197265e+00,2.857142857e-01
1008,-1.723364532e+00,-4.548579032e+00,2.266205759e+00,0.000000000e+00,2.102879957e-02,-4.553305009e-01,-1.648659164e+00,2.756636108e+00,2.857142857e-01
1008,-1.673154047e+00,-4.564209038e+00,-1.550786813e-01,0.000000000e+00,2.049706522e-02,-4.553305009e-01,-1.648659164e+00,2.778874472e+00,2.857142857e-01
1008,-1.716962675e+00,-4.579199049e+00,-1.469156433e+00,0.000000000e+00,1.932243408e-02,-4.553305009e-01,-1.648659164e+00,2.800029359e+00,2.857142857e-01
1008,-1.717917832e+00,-4.593029434e+00,1.136117647e+00,0.000000000e+00,1.741568600e-02,-4.553305009e-01,-1.648659164e+00,2.820201459e+00,2.857142857e-01
1008,-1.684716375e+00,-4.605126732e+00,2.420973123e-01,0.000000000e+00,1.472862206e-02,-4.553305009e-01,-1.648659164e+00,2.839478047e+00,2.857142857e-01
1008,-1.702323905e+00,-4.614904114e+00,-9.009632926e-01,0.000000000e+00,1.128307056e-02,-4.553305009e-01,-1.648659164e+00,2.857935265e+00,2.857142857e-01
1008,-1.714515531e+00,-4.621821005e+00,-1.017402817e-01,0.000000000e+00,7.201461765e-03,-4.553305009e-01,-1.648659164e+00,2.875639937e+00,2.857142857e-01
1008,-1.719343942e+00,-4.625453823e+00,-6.016394446e-01,0.000000000e+00,2.804510837e-03,-4.553305009e-01,-1.648659164e+00,2.892651034e+00,2.857142857e-01
1009,-9.678044630e-01,-4.604416195e+00,-2.683068574e+00,9.500000000e-01,3.813945679e-03,-1.029177683e+00,-2.003064829e+00,1.785329835e+00,-2.857142857e-01
1009,-1.075302164e+00,-4.601046655e+00,-3.095143919e+00,9.333333333e-01,5.164137466e-03,-1.029177683e+00,-2.003064829e+00,1.959041392e+00,-2.857142857e-01
1009,-1.195936372e+00,-4.596721147e+00,-3.619569728e+00,8.000000000e-01,6.342086638e-03,-1.029177683e+00,-2.003064829e+00,2.082785370e+00,-2.857142857e-01
1009,-1.275023843e+00,-4.591581721e+00,-3.770997185e+00,4.000000000e-01,7.320200163e-03,-1.029177683e+00,-2.003064829e+00,2.178976947e+00,-2.857142857e-01
1009,-1.322952791e+00,-4.585785622e+00,-3.086980600e+00,1.000000000e-01,8.083438531e-03,-1.029177683e+00,-2.003064829e+00,2.257678575e+00,-2.857142857e-01
1009,-1.381227085e+00,-4.579496911e+00,-1.512180861e+00,1.000000000e-01,8.627648415e-03,-1.029177683e+00,-2.003064829e+00,2.324282455e+00,-2.857142857e-01
1009,-1.413644844e+00,-4.572879173e+00,-5.063543804e-02,6.666666667e-02,8.957592212e-03,-1.029177683e+00,-2.003064829e+00,2.382017043e+00,-2.857142857e-01
1009,-1.411279423e+00,-4.566089697e+00,9.436381276e-01,8.333333333e-02,9.084746470e-03,-1.029177683e+00,-2.003064829e+00,2.432969291e+00,-2.857142857e-01
1009,-1.407026808e+00,-4.559275287e+00,7.969820005e-01,8.333333333e-02,9.025136776e-03,-1.029177683e+00,-2.003064829e+00,2.478566496e+00,-2.857142857e-01
1009,-1.404901382e+00,-4.552569595e+00,1.297377171e-01,6.666666667e-02,8.797422964e-03,-1.029177683e+00,-2.003064829e+00,2.519827994e+00,-2.857142857e-01
1009,-1.361728521e+00,-4.546091753e+00,-1.908543179e-01,1.166666667e-01,8.421351577e-03,-1.029177683e+00,-2.003064829e+00,2.557507202e+00,-2.857142857e-01
1009,-1.376711861e+00,-4.539946014e+00,-5.410638934e-01,1.333333333e-01,7.916607052e-03,-1.029177683e+00,-2.003064829e+00,2.592176757e+00,-2.857142857e-01
1009,-1.390850193e+00,-4.534222116e+00,5.870941805e-02,1.166666667e-01,7.302035146e-03,-1.029177683e+00,-2.003064829e+00,2.624282096e+00,-2.857142857e-01
1009,-1.398101862e+00,-4.528996109e+00,6.314650698e-01,1.000000000e-01,6.595181755e-03,-1.029177683e+00,-2.003064829e+00,2.654176542e+00,-2.857142857e-01
1009,-1.418436238e+00,-4.524331438e+00,-1.523923072e-01,1.000000000e-01,5.812081642e-03,-1.029177683e+00,-2.003064829e+00,2.682145076e+00,-2.857142857e-01
1009,-1.435740622e+00,-4.520280120e+00,8.944700284e-01,6.666666667e-02,4.967238635e-03,-1.029177683e+00,-2.003064829e+00,2.708420900e+00,-2.857142857e-01
1009,-1.447634463e+00,-4.516883902e+00,-2.533340685e-01,5.000000000e-02,4.073761174e-03,-1.029177683e+00,-2.003064829e+00,2.733197265e+00,-2.857142857e-01
1009,-1.461661575e+00,-4.514175327e+00,7.752166332e-01,1.666666667e-02,3.143676461e-03,-1.029177683e+00,-2.003064829e+00,2.756636108e+00,-2.857142857e-01
1009,-1.473674277e+00,-4.512178653e+00,-1.485097400e-01,0.000000000e+00,2.188695228e-03,-1.029177683e+00,-2.003064829e+00,2.778874472e+00,-2.857142857e-01
1009,-1.486064942e+00,-4.510910603e+00,8.743141927e-01,0.000000000e+00,1.223642517e-03,-1.029177683e+00,-2.003064829e+00,2.800029359e+00,-2.857142857e-01
1009,-1.500522294e+00,-4.510380925e+00,-6.650553680e-02,0.000000000e+00,3.310378730e-04,-1.029177683e+00,-2.003064829e+00,2.820201459e+00,-2.857142857e-01
1009,-1.516644634e+00,-4.510592759e+00,6.957975319e-01,0.000000000e+00,8.148952539e-04,-1.029177683e+00,-2.003064829e+00,2.839478047e+00,-2.857142857e-01
1009,-1.525746117e+00,-4.511542806e+00,-2.728821725e-01,0.000000000e+00,1.769195398e-03,-1.029177683e+00,-2.003064829e+00,2.857935265e+00,-2.857142857e-01
1009,-1.531380047e+00,-4.513221312e+00,-1.649143910e-01,0.000000000e+00,2.722091172e-03,-1.029177683e+00,-2.003064829e+00,2.875639937e+00,-2.857142857e-01
1009,-1.518270725e+00,-4.515611848e+00,-2.647525300e-01,0.000000000e+00,3.652013205e-03,-1.029177683e+00,-2.003064829e+00,2.892651034e+00,-2.857142857e-01
1009,-1.521854222e+00,-4.518690916e+00,-4.319703085e-01,0.000000000e+00,4.547084017e-03,-1.029177683e+00,-2.003064829e+00,2.909020854e+00,-2.857142857e-01
1009,-1.519144186e+00,-4.522427381e+00,2.664824638e-01,0.000000000e+00,5.396035200e-03,-1.029177683e+00,-2.003064829e+00,2.924795996e+00,-2.857142857e-01
1009,-1.521516026e+00,-4.526781738e+00,2.524257397e-01,0.000000000e+00,6.186931698e-03,-1.029177683e+00,-2.003064829e+00,2.940018155e+00,-2.857142857e-01
1009,-1.528245318e+00,-4.531705265e+00,7.127655173e-02,0.000000000e+00,6.906773285e-03,-1.029177683e+00,-2.003064829e+00,2.954724791e+00,-2.857142857e-01
1009,-1.519864864e+00,-4.537139076e+00,2.211420196e-01,0.000000000e+00,7.541337854e-03,-1.029177683e+00,-2.003064829e+00,2.968949681e+00,-2.857142857e-01
1009,-1.505373473e+00,-4.543013161e+00,2.166222541e-01,0.000000000e+00,8.075177499e-03,-1.029177683e+00,-2.003064829e+00,2.982723388e+00,-2.857142857e-01
1009,-1.500722881e+00,-4.549245500e+00,1.471428666e-01,0.000000000e+00,8.491777842e-03,-1.029177683e+00,-2.003064829e+00,2.996073654e+00,-2.857142857e-01
1009,-1.500514648e+00,-4.555741373e+00,3.280368008e-01,0.000000000e+00,8.773919859e-03,-1.029177683e+00,-2.003064829e+00,3.009025742e+00,-2.857142857e-01
1009,-1.483732218e+00,-4.562393041e+00,3.697652889e-01,0.000000000e+00,8.904292313e-03,-1.029177683e+00,-2.003064829e+00,3.021602716e+00,-2.857142857e-01
1009,-1.475526775e+00,-4.569079993e+00,1.657067826e-01,0.000000000e+00,8.866398138e-03,-1.029177683e+00,-2.003064829e+00,3.033825694e+00,-2.857142857e-01
1009,-1.469990177e+00,-4.575669999e+00,4.254353949e-01,0.000000000e+00,8.645777298e-03,-1.029177683e+00,-2.003064829e+00,3.045714059e+00,-2.857142857e-01
1009,-1.455348699e+00,-4.582021187e+00,3.484923172e-01,0.000000000e+00,8.231527669e-03,-1.029177683e+00,-2.003064829e+00,3.057285644e+00,-2.857142857e-01
1009,-1.451929687e+00,-4.587985347e+00,2.487634209e-01,0.000000000e+00,7.618043274e-03,-1.029177683e+00,-2.003064829e+00,3.068556895e+00,-2.857142857e-01
1009,-1.441951340e+00,-4.593412558e+00,3.664810082e-01,0.000000000e+00,6.806812765e-03,-1.029177683e+00,-2.003064829e+00,3.079543007e+00,-2.857142857e-01
1009,-1.433150116e+00,-4.598157080e+00,2.837739975e-02,0.000000000e+00,5.808053253e-03,-1.029177683e+00,-2.003064829e+00,3.090258053e+00,-2.857142857e-01
1009,-1.427820949e+00,-4.602084240e+00,2.671458522e-01,0.000000000e+00,4.641956242e-03,-1.029177683e+00,-2.003064829e+00,3.100715087e+00,-2.857142857e-01
1009,-1.422153493e+00,-4.605077806e+00,-4.394464242e-02,0.000000000e+00,3.339622582e-03,-1.029177683e+00,-2.003064829e+00,3.110926242e+00,-2.857142857e-01
1009,-1.420919437e+00,-4.607047113e+00,1.443665349e-01,0.000000000e+00,1.946189507e-03,-1.029177683e+00,-2.003064829e+00,3.120902818e+00,-2.857142857e-01
1009,-1.418481682e+00,-4.607933119e+00,-6.002334851e-02,0.000000000e+00,5.851100841e-04,-1.029177683e+00,-2.003064829e+00,3.130655349e+00,-2.857142857e-01
1009,-1.423822944e+00,-4.607712559e+00,-1.066342916e-01,0.000000000e+00,1.095827160e-03,-1.029177683e+00,-2.003064829e+00,3.140193679e+00,-2.857142857e-01
1009,-1.425178158e+00,-4.606399613e+00,-1.184541792e-01,0.000000000e+00,2.484011256e-03,-1.029177683e+00,-2.003064829e+00,3.149527014e+00,-2.857142857e-01
1009,-1.436174714e+00,-4.604044831e+00,-3.372611263e-01,0.000000000e+00,3.810786408e-03,-1.029177683e+00,-2.003064829e+00,3.158663981e+00,-2.857142857e-01
1009,-1.448523266e+00,-4.600731473e+00,-4.062301101e-01,0.000000000e+00,5.012997471e-03,-1.029177683e+00,-2.003064829e+00,3.167612673e+00,-2.857142857e-01
1009,-1.459288442e+00,-4.596569801e+00,-4.942095618e-01,0.000000000e+00,6.055544887e-03,-1.029177683e+00,-2.003064829e+00,3.176380692e+00,-2.857142857e-01
1009,-1.478551258e+00,-4.591690108e+00,-6.239550618e-01,0.000000000e+00,6.915623279e-03,-1.029177683e+00,-2.003064829e+00,3.184975191e+00,-2.857142857e-01
1009,-1.494737344e+00,-4.586235321e+00,-7.005377997e-01,0.000000000e+00,7.580853730e-03,-1.029177683e+00,-2.003064829e+00,3.193402903e+00,-2.857142857e-01
1009,-1.516350477e+00,-4.580353943e+00,-7.562135447e-01,0.000000000e+00,8.047978754e-03,-1.029177683e+00,-2.003064829e+00,3.201670180e+00,-2.857142857e-01
1009,-1.540211209e+00,-4.574193908e+00,-8.072342138e-01,0.000000000e+00,8.321256379e-03,-1.029177683e+00,-2.003064829e+00,3.209783015e+00,-2.857142857e-01
1009,-1.565400198e+00,-4.567897643e+00,-8.273413204e-01,0.000000000e+00,8.410663729e-03,-1.029177683e+00,-2.003064829e+00,3.217747073e+00,-2.857142857e-01
1009,-1.586863113e+00,-4.561598473e+00,-8.187373063e-01,0.000000000e+00,8.330124628e-03,-1.029177683e+00,-2.003064829e+00,3.225567713e+00,-2.857142857e-01
1009,-1.614088646e+00,-4.555418273e+00,-8.084293384e-01,0.000000000e+00,8.095929784e-03,-1.029177683e+00,-2.003064829e+00,3.233250010e+00,-2.857142857e-01
1009,-1.639192338e+00,-4.549466196e+00,-7.929632477e-01,0.000000000e+00,7.725444493e-03,-1.029177683e+00,-2.003064829e+00,3.240798771e+00,-2.857142857e-01
1009,-1.660118239e+00,-4.543838259e+00,-7.454781931e-01,0.000000000e+00,7.236133529e-03,-1.029177683e+00,-2.003064829e+00,3.248218561e+00,-2.857142857e-01
1009,-1.684220657e+00,-4.538617538e+00,-6.672262037e-01,0.000000000e+00,6.644887559e-03,-1.029177683e+00,-2.003064829e+00,3.255513713e+00,-2.857142857e-01
1009,-1.708260042e+00,-4.533874780e+00,-5.893002202e-01,0.000000000e+00,5.967610582e-03,-1.029177683e+00,-2.003064829e+00,3.262688344e+00,-2.857142857e-01
1009,-1.727331802e+00,-4.529669244e+00,-5.333856639e-01,0.000000000e+00,5.219020119e-03,-1.029177683e+00,-2.003064829e+00,3.269746373e+00,-2.857142857e-01
1009,-1.742225536e+00,-4.526049642e+00,-4.847409921e-01,0.000000000e+00,4.412618077e-03,-1.029177683e+00,-2.003064829e+00,3.276691529e+00,-2.857142857e-01
1009,-1.758577852e+00,-4.523055078e+00,-4.136965841e-01,0.000000000e+00,3.560814708e-03,-1.029177683e+00,-2.003064829e+00,3.283527365e+00,-2.857142857e-01
1009,-1.775555319e+00,-4.520715917e+00,-3.536584893e-01,0.000000000e+00,2.675270676e-03,-1.029177683e+00,-2.003064829e+00,3.290257269e+00,-2.857142857e-01
1009,-1.787698010e+00,-4.519054533e+00,-3.269426982e-01,0.000000000e+00,1.767952125e-03,-1.029177683e+00,-2.003064829e+00,3.296884476e+00,-2.857142857e-01
1009,-1.794903614e+00,-4.518085914e+00,-2.533711803e-01,0.000000000e+00,8.578821967e-04,-1.029177683e+00,-2.003064829e+00,3.303412071e+00,-2.857142857e-01
1009,-1.805043773e+00,-4.517818103e+00,-2.219516706e-01,0.000000000e+00,2.657978364e-04,-1.029177683e+00,-2.003064829e+00,3.309843005e+00,-2.857142857e-01
1009,-1.813550602e+00,-4.518252466e+00,-2.246266677e-01,0.000000000e+00,1.070579870e-03,-1.029177683e+00,-2.003064829e+00,3.316180099e+00,-2.857142857e-01
1009,-1.817258181e+00,-4.519383788e+00,-1.229944294e-01,0.000000000e+00,1.978293579e-03,-1.029177683e+00,-2.003064829e+00,3.322426052e+00,-2.857142857e-01
1009,-1.821003595e+00,-4.521200191e+00,-1.774671991e-01,0.000000000e+00,2.873871824e-03,-1.029177683e+00,-2.003064829e+00,3.328583450e+00,-2.857142857e-01
1009,-1.824005947e+00,-4.523682890e+00,-7.242705374e-02,0.000000000e+00,3.742001129e-03,-1.029177683e+00,-2.003064829e+00,3.334654767e+00,-2.857142857e-01
1009,-1.823837536e+00,-4.526805781e+00,-3.057334348e-02,0.000000000e+00,4.571301318e-03,-1.029177683e+00,-2.003064829e+00,3.340642378e+00,-2.857142857e-01
1009,-1.823655232e+00,-4.530534889e+00,6.420368030e-03,0.000000000e+00,5.350428483e-03,-1.029177683e+00,-2.003064829e+00,3.346548559e+00,-2.857142857e-01
1009,-1.821834130e+00,-4.534827695e+00,1.269767853e-01,0.000000000e+00,6.067331071e-03,-1.029177683e+00,-2.003064829e+00,3.352375495e+00,-2.857142857e-01
1009,-1.818000061e+00,-4.539632368e+00,1.333463260e-01,0.000000000e+00,6.709007002e-03,-1.029177683e+00,-2.003064829e+00,3.358125285e+00,-2.857142857e-01
1009,-1.814914416e+00,-4.544886977e+00,1.892020239e-01,0.000000000e+00,7.261448694e-03,-1.029177683e+00,-2.003064829e+00,3.363799945e+00,-2.857142857e-01
1009,-1.809241700e+00,-4.550518732e+00,2.077022787e-01,0.000000000e+00,7.709737261e-03,-1.029177683e+00,-2.003064829e+00,3.369401414e+00,-2.857142857e-01
1009,-1.802471029e+00,-4.556443376e+00,1.878695982e-01,0.000000000e+00,8.038304742e-03,-1.029177683e+00,-2.003064829e+00,3.374931554e+00,-2.857142857e-01
1009,-1.794599447e+00,-4.562564854e+00,2.774935671e-01,0.000000000e+00,8.231399394e-03,-1.029177683e+00,-2.003064829e+00,3.380392160e+00,-2.857142857e-01
1009,-1.787825184e+00,-4.568775417e+00,2.258537698e-01,0.000000000e+00,8.273789592e-03,-1.029177683e+00,-2.003064829e+00,3.385784959e+00,-2.857142857e-01
1009,-1.778868852e+00,-4.574956361e+00,3.168537733e-01,0.000000000e+00,8.151729361e-03,-1.029177683e+00,-2.003064829e+00,3.391111614e+00,-2.857142857e-01
1009,-1.771150069e+00,-4.580979580e+00,2.807752044e-01,0.000000000e+00,7.854180770e-03,-1.029177683e+00,-2.003064829e+00,3.396373728e+00,-2.857142857e-01
1009,-1.762409651e+00,-4.586710118e+00,2.317273717e-01,0.000000000e+00,7.374243976e-03,-1.029177683e+00,-2.003064829e+00,3.401572846e+00,-2.857142857e-01
1009,-1.754287349e+00,-4.592009839e+00,2.807027087e-01,0.000000000e+00,6.710687552e-03,-1.029177683e+00,-2.003064829e+00,3.406710459e+00,-2.857142857e-01
1009,-1.748108358e+00,-4.596742195e+00,2.198095093e-01,0.000000000e+00,5.869412442e-03,-1.029177683e+00,-2.003064829e+00,3.411788005e+00,-2.857142857e-01
1009,-1.741726934e+00,-4.600777965e+00,1.676071282e-01,0.000000000e+00,4.864653902e-03,-1.029177683e+00,-2.003064829e+00,3.416806872e+00,-2.857142857e-01
1009,-1.737595354e+00,-4.604001604e+00,1.311128118e-01,0.000000000e+00,3.719821849e-03,-1.029177683e+00,-2.003064829e+00,3.421768401e+00,-2.857142857e-01
1009,-1.733775225e+00,-4.606317667e+00,6.133821416e-02,0.000000000e+00,2.468616736e-03,-1.029177683e+00,-2.003064829e+00,3.426673888e+00,-2.857142857e-01
1009,-1.731997713e+00,-4.607656650e+00,-1.659471262e-03,0.000000000e+00,1.165140996e-03,-1.029177683e+00,-2.003064829e+00,3.431524584e+00,-2.857142857e-01
1009,-1.734525678e+00,-4.607979539e+00,-6.406060463e-02,0.000000000e+00,4.340250135e-04,-1.029177683e+00,-2.003064829e+00,3.436321700e+00,-2.857142857e-01
1009,-1.738144690e+00,-4.607280459e+00,-1.406083481e-01,0.000000000e+00,1.639500796e-03,-1.029177683e+00,-2.003064829e+00,3.441066407e+00,-2.857142857e-01
1009,-1.744260197e+00,-4.605587061e+00,-2.619356149e-01,0.000000000e+00,2.912406414e-03,-1.029177683e+00,-2.003064829e+00,3.445759836e+00,-2.857142857e-01
1009,-1.753622312e+00,-4.602958580e+00,-3.783512036e-01,0.000000000e+00,4.097725213e-03,-1.029177683e+00,-2.003064829e+00,3.450403086e+00,-2.857142857e-01
1009,-1.765806685e+00,-4.599481845e+00,-5.025489523e-01,0.000000000e+00,5.154497500e-03,-1.029177683e+00,-2.003064829e+00,3.454997217e+00,-2.857142857e-01
1009,-1.779971092e+00,-4.595265780e+00,-6.104765691e-01,0.000000000e+00,6.055648569e-03,-1.029177683e+00,-2.003064829e+00,3.459543258e+00,-2.857142857e-01
1009,-1.796633981e+00,-4.590435090e+00,-6.825117339e-01,0.000000000e+00,6.783904977e-03,-1.029177683e+00,-2.003064829e+00,3.464042205e+00,-2.857142857e-01
1009,-1.815726857e+00,-4.585123808e+00,-7.816234966e-01,0.000000000e+00,7.330741034e-03,-1.029177683e+00,-2.003064829e+00,3.468495025e+00,-2.857142857e-01
1009,-1.836750232e+00,-4.579469308e+00,-8.236218143e-01,0.000000000e+00,7.695235589e-03,-1.029177683e+00,-2.003064829e+00,3.472902652e+00,-2.857142857e-01
1009,-1.859793083e+00,-4.573607178e+00,-8.964928205e-01,0.000000000e+00,7.882655127e-03,-1.029177683e+00,-2.003064829e+00,3.477265995e+00,-2.857142857e-01
1009,-1.883821582e+00,-4.567667182e+00,-9.119432008e-01,0.000000000e+00,7.902918244e-03,-1.029177683e+00,-2.003064829e+00,3.481585936e+00,-2.857142857e-01
1009,-1.909379346e+00,-4.561770337e+00,-9.007187071e-01,0.000000000e+00,7.769115617e-03,-1.029177683e+00,-2.003064829e+00,3.485863330e+00,-2.857142857e-01
1009,-1.934890966e+00,-4.556027044e+00,-8.442802301e-01,0.000000000e+00,7.496210704e-03,-1.029177683e+00,-2.003064829e+00,3.490099005e+00,-2.857142857e-01
1009,-1.960116427e+00,-4.550536089e+00,-7.246533620e-01,0.000000000e+00,7.099987423e-03,-1.029177683e+00,-2.003064829e+00,3.494293769e+00,-2.857142857e-01
1009,-1.982590062e+00,-4.545384350e+00,-6.287954542e-01,0.000000000e+00,6.596261959e-03,-1.029177683e+00,-2.003064829e+00,3.498448403e+00,-2.857142857e-01
1009,-1.997780136e+00,-4.540646988e+00,-5.786667481e-01,0.000000000e+00,6.000342782e-03,-1.029177683e+00,-2.003064829e+00,3.502563669e+00,-2.857142857e-01
1009,-2.017455636e+00,-4.536387977e+00,-6.146553337e-01,0.000000000e+00,5.326705770e-03,-1.029177683e+00,-2.003064829e+00,3.506640306e+00,-2.857142857e-01
1009,-2.038642513e+00,-4.532660814e+00,-6.891533080e-01,0.000000000e+00,4.588847885e-03,-1.029177683e+00,-2.003064829e+00,3.510679031e+00,-2.857142857e-01
1009,-2.056526675e+00,-4.529509298e+00,-6.653713083e-01,0.000000000e+00,3.799293334e-03,-1.029177683e+00,-2.003064829e+00,3.514680544e+00,-2.857142857e-01
1009,-2.071643980e+00,-4.526968306e+00,-5.082125318e-01,0.000000000e+00,2.969766314e-03,-1.029177683e+00,-2.003064829e+00,3.518645524e+00,-2.857142857e-01
1009,-2.084851877e+00,-4.525064498e+00,-3.343368734e-01,0.000000000e+00,2.111717317e-03,-1.029177683e+00,-2.003064829e+00,3.522574633e+00,-2.857142857e-01
1009,-2.098230033e+00,-4.523816909e+00,-2.870270587e-01,0.000000000e+00,1.238629191e-03,-1.029177683e+00,-2.003064829e+00,3.526468512e+00,-2.857142857e-01
1009,-2.109474318e+00,-4.523237413e+00,-3.411161058e-01,0.000000000e+00,3.977383035e-04,-1.029177683e+00,-2.003064829e+00,3.530327790e+00,-2.857142857e-01
1009,-2.115505604e+00,-4.523331035e+00,-3.471793385e-01,0.000000000e+00,6.171540886e-04,-1.029177683e+00,-2.003064829e+00,3.534153074e+00,-2.857142857e-01
1009,-2.119084079e+00,-4.524096108e+00,-1.888495570e-01,0.000000000e+00,1.479248487e-03,-1.029177683e+00,-2.003064829e+00,3.537944959e+00,-2.857142857e-01
1009,-2.127594147e+00,-4.525524270e+00,-8.653642731e-02,0.000000000e+00,2.345782920e-03,-1.029177683e+00,-2.003064829e+00,3.541704023e+00,-2.857142857e-01
1009,-2.135616377e+00,-4.527600305e+00,-9.404046474e-02,0.000000000e+00,3.191155185e-03,-1.029177683e+00,-2.003064829e+00,3.545430829e+00,-2.857142857e-01
1009,-2.134041353e+00,-4.530301832e+00,-8.966229514e-02,0.000000000e+00,4.003179198e-03,-1.029177683e+00,-2.003064829e+00,3.549125927e+00,-2.857142857e-01
1009,-2.129629099e+00,-4.533598858e+00,1.940101294e-03,0.000000000e+00,4.770683112e-03,-1.029177683e+00,-2.003064829e+00,3.552789850e+00,-2.857142857e-01
1009,-2.134615311e+00,-4.537453214e+00,5.699829757e-02,0.000000000e+00,5.482101335e-03,-1.029177683e+00,-2.003064829e+00,3.556423121e+00,-2.857142857e-01
1009,-2.136691985e+00,-4.541817902e+00,7.835792866e-02,0.000000000e+00,6.125109388e-03,-1.029177683e+00,-2.003064829e+00,3.560026249e+00,-2.857142857e-01
1009,-2.126045192e+00,-4.546636405e+00,1.408244559e-01,0.000000000e+00,6.686522529e-03,-1.029177683e+00,-2.003064829e+00,3.563599729e+00,-2.857142857e-01
1009,-2.122840412e+00,-4.551842015e+00,1.304820010e-01,0.000000000e+00,7.152347590e-03,-1.029177683e+00,-2.003064829e+00,3.567144045e+00,-2.857142857e-01
1009,-2.122413824e+00,-4.557357280e+00,1.746084078e-01,0.000000000e+00,7.507986775e-03,-1.029177683e+00,-2.003064829e+00,3.570659670e+00,-2.857142857e-01
1009,-2.112882528e+00,-4.563093672e+00,2.705595258e-01,0.000000000e+00,7.738618812e-03,-1.029177683e+00,-2.003064829e+00,3.574147064e+00,-2.857142857e-01
1009,-2.105294973e+00,-4.568951619e+00,1.877436422e-01,0.000000000e+00,7.829787667e-03,-1.029177683e+00,-2.003064829e+00,3.577606677e+00,-2.857142857e-01
1009,-2.101629790e+00,-4.574821076e+00,2.106151085e-01,0.000000000e+00,7.768221062e-03,-1.029177683e+00,-2.003064829e+00,3.581038949e+00,-2.857142857e-01
1009,-2.091614179e+00,-4.580582784e+00,3.447674793e-01,0.000000000e+00,7.542880225e-03,-1.029177683e+00,-2.003064829e+00,3.584444307e+00,-2.857142857e-01
1009,-2.084258213e+00,-4.586110407e+00,1.591712011e-01,0.000000000e+00,7.146207291e-03,-1.029177683e+00,-2.003064829e+00,3.587823171e+00,-2.857142857e-01
1009,-2.079835909e+00,-4.591273637e+00,2.321804011e-01,0.000000000e+00,6.575489217e-03,-1.029177683e+00,-2.003064829e+00,3.591175950e+00,-2.857142857e-01
1009,-2.069691504e+00,-4.595942316e+00,3.071796767e-01,0.000000000e+00,5.834205073e-03,-1.029177683e+00,-2.003064829e+00,3.594503044e+00,-2.857142857e-01
1009,-2.065865920e+00,-4.599991474e+00,1.608469962e-02,0.000000000e+00,4.933188256e-03,-1.029177683e+00,-2.003064829e+00,3.597804842e+00,-2.857142857e-01
1009,-2.062611319e+00,-4.603307018e+00,2.787438801e-01,0.000000000e+00,3.891473710e-03,-1.029177683e+00,-2.003064829e+00,3.601081728e+00,-2.857142857e-01
1009,-2.055133341e+00,-4.605791667e+00,-2.817873809e-03,0.000000000e+00,2.737067670e-03,-1.029177683e+00,-2.003064829e+00,3.604334073e+00,-2.857142857e-01
1009,-2.058860368e+00,-4.607370546e+00,-7.301555487e-03,0.000000000e+00,1.510984489e-03,-1.029177683e+00,-2.003064829e+00,3.607562243e+00,-2.857142857e-01
1009,-2.055062961e+00,-4.607995838e+00,5.544334026e-02,0.000000000e+00,3.831699705e-04,-1.029177683e+00,-2.003064829e+00,3.610766595e+00,-2.857142857e-01
1009,-2.060833030e+00,-4.607649905e+00,-3.373851691e-01,0.000000000e+00,1.153237256e-03,-1.029177683e+00,-2.003064829e+00,3.613947477e+00,-2.857142857e-01
1009,-2.065163141e+00,-4.606346454e+00,3.322984902e-02,0.000000000e+00,2.378109175e-03,-1.029177683e+00,-2.003064829e+00,3.617105231e+00,-2.857142857e-01
1009,-2.070991210e+00,-4.604129604e+00,-6.096730179e-01,0.000000000e+00,3.543246449e-03,-1.029177683e+00,-2.003064829e+00,3.620240190e+00,-2.857142857e-01
1009,-2.084086810e+00,-4.601070967e+00,-5.915154858e-02,0.000000000e+00,4.600778370e-03,-1.029177683e+00,-2.003064829e+00,3.623352682e+00,-2.857142857e-01
1009,-2.096624291e+00,-4.597265143e+00,-8.467309969e-01,0.000000000e+00,5.521077287e-03,-1.029177683e+00,-2.003064829e+00,3.626443025e+00,-2.857142857e-01
1009,-2.112640263e+00,-4.592824191e+00,-1.487679494e-01,0.000000000e+00,6.284027446e-03,-1.029177683e+00,-2.003064829e+00,3.629511534e+00,-2.857142857e-01
1009,-2.128376423e+00,-4.587871707e+00,-1.063946128e+00,0.000000000e+00,6.877880944e-03,-1.029177683e+00,-2.003064829e+00,3.632558515e+00,-2.857142857e-01
1009,-2.150954949e+00,-4.582537073e+00,-2.197394953e-01,0.000000000e+00,7.298387743e-03,-1.029177683e+00,-2.003064829e+00,3.635584266e+00,-2.857142857e-01
1009,-2.163930774e+00,-4.576950328e+00,-1.190698247e+00,0.000000000e+00,7.547649499e-03,-1.029177683e+00,-2.003064829e+00,3.638589083e+00,-2.857142857e-01
1009,-2.197413697e+00,-4.571237929e+00,-3.654375790e-01,0.000000000e+00,7.632779523e-03,-1.029177683e+00,-2.003064829e+00,3.641573253e+00,-2.857142857e-01
1009,-2.204019784e+00,-4.565519523e+00,-1.027792075e+00,0.000000000e+00,7.564531294e-03,-1.029177683e+00,-2.003064829e+00,3.644537058e+00,-2.857142857e-01
1009,-2.248946525e+00,-4.559905704e+00,-7.730615775e-01,0.000000000e+00,7.356032044e-03,-1.029177683e+00,-2.003064829e+00,3.647480773e+00,-2.857142857e-01
1009,-2.257145803e+00,-4.554496654e+00,-4.521416519e-01,0.000000000e+00,7.021707789e-03,-1.029177683e+00,-2.003064829e+00,3.650404670e+00,-2.857142857e-01
1009,-2.296002733e+00,-4.549381499e+00,-1.350173534e+00,0.000000000e+00,6.576437933e-03,-1.029177683e+00,-2.003064829e+00,3.653309013e+00,-2.857142857e-01
1009,-2.306661262e+00,-4.544638218e+00,7.626695549e-02,0.000000000e+00,6.034941174e-03,-1.029177683e+00,-2.003064829e+00,3.656194062e+00,-2.857142857e-01
1009,-2.317539660e+00,-4.540333937e+00,-1.367452178e+00,0.000000000e+00,5.411372011e-03,-1.029177683e+00,-2.003064829e+00,3.659060072e+00,-2.857142857e-01
1009,-2.353565392e+00,-4.536525460e+00,-3.000798309e-01,0.000000000e+00,4.719097937e-03,-1.029177683e+00,-2.003064829e+00,3.661907293e+00,-2.857142857e-01
1009,-2.357117806e+00,-4.533259925e+00,-3.005521928e-01,0.000000000e+00,3.970630692e-03,-1.029177683e+00,-2.003064829e+00,3.664735969e+00,-2.857142857e-01
1009,-2.392686627e+00,-4.530575494e+00,-1.276287842e+00,0.000000000e+00,3.177708587e-03,-1.029177683e+00,-2.003064829e+00,3.667546340e+00,-2.857142857e-01
1009,-2.396023361e+00,-4.528502011e+00,4.831120757e-01,0.000000000e+00,2.351622766e-03,-1.029177683e+00,-2.003064829e+00,3.670338641e+00,-2.857142857e-01
1009,-2.394477142e+00,-4.527061577e+00,-9.813983447e-01,0.000000000e+00,1.504445637e-03,-1.029177683e+00,-2.003064829e+00,3.673113104e+00,-2.857142857e-01
1009,-2.428779631e+00,-4.526269012e+00,-4.775464316e-01,0.000000000e+00,6.589496745e-04,-1.029177683e+00,-2.003064829e+00,3.675869955e+00,-2.857142857e-01
1009,-2.421044523e+00,-4.526132192e+00,5.428805956e-01,0.000000000e+00,3.409425429e-04,-1.029177683e+00,-2.003064829e+00,3.678609417e+00,-2.857142857e-01
1009,-2.430104896e+00,-4.526652234e+00,-1.220414755e+00,0.000000000e+00,1.149112727e-03,-1.029177683e+00,-2.003064829e+00,3.681331706e+00,-2.857142857e-01
1009,-2.450670663e+00,-4.527823535e+00,2.832904683e-01,0.000000000e+00,1.998906673e-03,-1.029177683e+00,-2.003064829e+00,3.684037037e+00,-2.857142857e-01
1009,-2.436225590e+00,-4.529633665e+00,3.023309977e-01,0.000000000e+00,2.833380247e-03,-1.029177683e+00,-2.003064829e+00,3.686725621e+00,-2.857142857e-01
1009,-2.454451742e+00,-4.532063103e+00,-1.088683905e+00,0.000000000e+00,3.638837111e-03,-1.029177683e+00,-2.003064829e+00,3.689397663e+00,-2.857142857e-01
1009,-2.461247038e+00,-4.535084854e+00,7.382061994e-01,0.000000000e+00,4.404018241e-03,-1.029177683e+00,-2.003064829e+00,3.692053365e+00,-2.857142857e-01
1009,-2.439974919e+00,-4.538663930e+00,1.503716900e-01,0.000000000e+00,5.117556540e-03,-1.029177683e+00,-2.003064829e+00,3.694692926e+00,-2.857142857e-01
1009,-2.460237119e+00,-4.542756758e+00,-8.782851898e-01,0.000000000e+00,5.767443695e-03,-1.029177683e+00,-2.003064829e+00,3.697316542e+00,-2.857142857e-01
1009,-2.460740505e+00,-4.547310523e+00,9.303916819e-01,0.000000000e+00,6.340876006e-03,-1.029177683e+00,-2.003064829e+00,3.699924403e+00,-2.857142857e-01
1009,-2.432907964e+00,-4.552262531e+00,2.105886395e-01,0.000000000e+00,6.824268756e-03,-1.029177683e+00,-2.003064829e+00,3.702516697e+00,-2.857142857e-01
1009,-2.449560555e+00,-4.557539647e+00,-7.603472575e-01,0.000000000e+00,7.203416873e-03,-1.029177683e+00,-2.003064829e+00,3.705093611e+00,-2.857142857e-01
1009,-2.450015291e+00,-4.563057935e+00,9.200477409e-01,0.000000000e+00,7.463820496e-03,-1.029177683e+00,-2.003064829e+00,3.707655324e+00,-2.857142857e-01
1009,-2.416685257e+00,-4.568722613e+00,4.720807874e-01,0.000000000e+00,7.591203339e-03,-1.029177683e+00,-2.003064829e+00,3.710202015e+00,-2.857142857e-01
1009,-2.425895901e+00,-4.574428478e+00,-7.260270475e-01,0.000000000e+00,7.572247298e-03,-1.029177683e+00,-2.003064829e+00,3.712733859e+00,-2.857142857e-01
1009,-2.431527206e+00,-4.580060967e+00,6.496348722e-01,0.000000000e+00,7.395550017e-03,-1.029177683e+00,-2.003064829e+00,3.715251029e+00,-2.857142857e-01
1009,-2.395438464e+00,-4.585498023e+00,8.424527707e-01,0.000000000e+00,7.052782367e-03,-1.029177683e+00,-2.003064829e+00,3.717753693e+00,-2.857142857e-01
1010,-7.452575259e-01,-4.411592507e+00,-5.068381839e+00,2.333333333e-01,1.959499292e-02,-3.099514556e-01,-1.709958020e+00,1.785329835e+00,2.857142857e-01
1010,-8.684452751e-01,-4.426989566e+00,-5.166891260e+00,0.000000000e+00,2.135871750e-02,-3.099514556e-01,-1.709958020e+00,1.959041392e+00,2.857142857e-01
1010,-1.010931916e+00,-4.443666389e+00,-5.861835346e+00,0.000000000e+00,2.299273837e-02,-3.099514556e-01,-1.709958020e+00,2.082785370e+00,2.857142857e-01
1010,-1.193303652e+00,-4.461500481e+00,-6.555091419e+00,0.000000000e+00,2.442888121e-02,-3.099514556e-01,-1.709958020e+00,2.178976947e+00,2.857142857e-01
1010,-1.406731572e+00,-4.480308896e+00,-5.532881780e+00,0.000000000e+00,2.557411080e-02,-3.099514556e-01,-1.709958020e+00,2.257678575e+00,2.857142857e-01
1010,-1.555733780e+00,-4.499827579e+00,-9.426080294e+00,0.000000000e+00,2.630555952e-02,-3.099514556e-01,-1.709958020e+00,2.324282455e+00,2.857142857e-01
1010,-1.736607716e+00,-4.519687714e+00,-4.926183310e-02,0.000000000e+00,2.646797441e-02,-3.099514556e-01,-1.709958020e+00,2.382017043e+00,2.857142857e-01
1010,-1.735350536e+00,-4.539392247e+00,-2.943706219e+00,0.000000000e+00,2.587739289e-02,-3.099514556e-01,-1.709958020e+00,2.432969291e+00,2.857142857e-01
1010,-1.737063598e+00,-4.558299262e+00,9.928637422e+00,0.000000000e+00,2.433679979e-02,-3.099514556e-01,-1.709958020e+00,2.478566496e+00,2.857142857e-01
1010,-1.557556275e+00,-4.575623597e+00,3.498847495e+00,0.000000000e+00,2.167023094e-02,-3.099514556e-01,-1.709958020e+00,2.519827994e+00,2.857142857e-01
1010,-1.487757080e+00,-4.590471640e+00,2.046434065e+00,0.000000000e+00,1.777850983e-02,-3.099514556e-01,-1.709958020e+00,2.557507202e+00,2.857142857e-01
1010,-1.408653490e+00,-4.601922379e+00,2.945711436e+00,0.000000000e+00,1.271099036e-02,-3.099514556e-01,-1.709958020e+00,2.592176757e+00,2.857142857e-01
1010,-1.370543250e+00,-4.609154793e+00,9.099314463e-01,0.000000000e+00,6.754133293e-03,-3.099514556e-01,-1.709958020e+00,2.624282096e+00,2.857142857e-01
1010,-1.348808588e+00,-4.611597362e+00,6.256845030e-01,0.000000000e+00,1.733749742e-03,-3.099514556e-01,-1.709958020e+00,2.654176542e+00,2.857142857e-01
1010,-1.328711077e+00,-4.609051447e+00,2.554527995e-01,0.000000000e+00,6.877266726e-03,-3.099514556e-01,-1.709958020e+00,2.682145076e+00,2.857142857e-01
1010,-1.338162318e+00,-4.601737796e+00,-7.494913279e-01,0.000000000e+00,1.279501175e-02,-3.099514556e-01,-1.709958020e+00,2.708420900e+00,2.857142857e-01
1010,-1.384856503e+00,-4.590244981e+00,-1.175269501e+00,0.000000000e+00,1.780293420e-02,-3.099514556e-01,-1.709958020e+00,2.733197265e+00,2.857142857e-01
1010,-1.398759465e+00,-4.575403195e+00,-1.302588839e+00,0.000000000e+00,2.162795068e-02,-3.099514556e-01,-1.709958020e+00,2.756636108e+00,2.857142857e-01
1010,-1.460986402e+00,-4.558134876e+00,-2.307474462e+00,0.000000000e+00,2.423021627e-02,-3.099514556e-01,-1.709958020e+00,2.778874472e+00,2.857142857e-01
1010,-1.535203427e+00,-4.539329424e+00,-2.763663783e+00,0.000000000e+00,2.571466597e-02,-3.099514556e-01,-1.709958020e+00,2.800029359e+00,2.857142857e-01
1010,-1.628711298e+00,-4.519764825e+00,-3.424118795e+00,0.000000000e+00,2.625959478e-02,-3.099514556e-01,-1.709958020e+00,2.820201459e+00,2.857142857e-01
1010,-1.738785710e+00,-4.500075021e+00,-3.668925219e+00,0.000000000e+00,2.606198690e-02,-3.099514556e-01,-1.709958020e+00,2.839478047e+00,2.857142857e-01
1011,-1.321211954e+00,-4.500026244e+00,-3.275943039e+00,0.000000000e+00,2.069162945e-02,-6.298207102e-01,-1.632885540e+00,1.785329835e+00,1.142857143e+00
1011,-1.424250309e+00,-4.516087363e+00,-4.499575130e+00,0.000000000e+00,2.201744804e-02,-6.298207102e-01,-1.632885540e+00,1.959041392e+00,1.142857143e+00
1011,-1.604992483e+00,-4.533080660e+00,-6.730084466e+00,0.000000000e+00,2.316452619e-02,-6.298207102e-01,-1.632885540e+00,2.082785370e+00,1.142857143e+00
1011,-1.728122929e+00,-4.550844086e+00,-9.457799054e-01,0.000000000e+00,2.405778607e-02,-6.298207102e-01,-1.632885540e+00,2.178976947e+00,1.142857143e+00
1011,-1.748480768e+00,-4.569151136e+00,-5.257261869e+00,0.000000000e+00,2.460083642e-02,-6.298207102e-01,-1.632885540e+00,2.257678575e+00,1.142857143e+00
1011,-2.116171164e+00,-4.587694213e+00,-1.213826994e+01,0.000000000e+00,2.467483628e-02,-6.298207102e-01,-1.632885540e+00,2.324282455e+00,1.142857143e+00
1011,-2.166324549e+00,-4.606068554e+00,6.817060192e+00,0.000000000e+00,2.414153202e-02,-6.298207102e-01,-1.632885540e+00,2.382017043e+00,1.142857143e+00
1011,-1.963258673e+00,-4.623761036e+00,3.635203013e+00,0.000000000e+00,2.285379980e-02,-6.298207102e-01,-1.632885540e+00,2.432969291e+00,1.142857143e+00
1011,-1.961019673e+00,-4.640150827e+00,-2.498252071e+00,0.000000000e+00,2.067733009e-02,-6.298207102e-01,-1.632885540e+00,2.478566496e+00,1.142857143e+00
1011,-1.974300127e+00,-4.654530935e+00,5.704743583e+00,0.000000000e+00,1.752537146e-02,-6.298207102e-01,-1.632885540e+00,2.519827994e+00,1.142857143e+00
1011,-1.698847862e+00,-4.666159040e+00,6.084715597e+00,0.000000000e+00,1.340371494e-02,-6.298207102e-01,-1.632885540e+00,2.557507202e+00,1.142857143e+00
1011,-1.670450171e+00,-4.674339685e+00,-1.330530540e+00,0.000000000e+00,8.460239968e-03,-6.298207102e-01,-1.632885540e+00,2.592176757e+00,1.142857143e+00
1011,-1.715059043e+00,-4.678527043e+00,-6.140705985e-01,0.000000000e+00,3.132800383e-03,-6.298207102e-01,-1.632885540e+00,2.624282096e+00,1.142857143e+00
1011,-1.683141835e+00,-4.678422512e+00,2.154392203e+00,0.000000000e+00,3.378006862e-03,-6.298207102e-01,-1.632885540e+00,2.654176542e+00,1.142857143e+00
1011,-1.636194875e+00,-4.674034242e+00,6.941735670e-01,0.000000000e+00,8.711294333e-03,-6.298207102e-01,-1.632885540e+00,2.682145076e+00,1.142857143e+00
1011,-1.638299952e+00,-4.665675461e+00,-5.910098522e-01,0.000000000e+00,1.361894024e-02,-6.298207102e-01,-1.632885540e+00,2.708420900e+00,1.142857143e+00
1011,-1.665999769e+00,-4.653902251e+00,-1.143599321e+00,0.000000000e+00,1.769284211e-02,-6.298207102e-01,-1.632885540e+00,2.733197265e+00,1.142857143e+00
1012,-1.240787242e+00,-4.401018055e+00,-6.444057460e+00,1.166666667e-01,9.020083917e-03,-6.596210220e-01,-1.458861865e+00,1.785329835e+00,5.714285714e-01
1012,-1.379238696e+00,-4.394874958e+00,-5.152833729e+00,0.000000000e+00,7.340782049e-03,-6.596210220e-01,-1.458861865e+00,1.959041392e+00,5.714285714e-01
1012,-1.590502782e+00,-4.389992479e+00,2.551266657e+00,0.000000000e+00,5.673315969e-03,-6.596210220e-01,-1.458861865e+00,2.082785370e+00,5.714285714e-01
1012,-1.553830449e+00,-4.386363256e+00,2.862710017e+00,0.000000000e+00,4.017859170e-03,-6.596210220e-01,-1.458861865e+00,2.178976947e+00,5.714285714e-01
1012,-1.548779891e+00,-4.383981310e+00,-6.875112216e-01,0.000000000e+00,2.378418217e-03,-6.596210220e-01,-1.458861865e+00,2.257678575e+00,5.714285714e-01
1012,-1.606347635e+00,-4.382842479e+00,-2.772278241e+00,0.000000000e+00,8.099241706e-04,-6.596210220e-01,-1.458861865e+00,2.324282455e+00,5.714285714e-01
1012,-1.473910743e+00,-4.382944686e+00,1.279897300e+00,0.000000000e+00,1.050910626e-03,-6.596210220e-01,-1.458861865e+00,2.382017043e+00,5.714285714e-01
1012,-1.431934411e+00,-4.384288052e+00,-9.949782713e-01,0.000000000e+00,2.646614051e-03,-6.596210220e-01,-1.458861865e+00,2.432969291e+00,5.714285714e-01
1012,-1.558858294e+00,-4.386874883e+00,4.136877809e+00,0.000000000e+00,4.289171888e-03,-6.596210220e-01,-1.458861865e+00,2.478566496e+00,5.714285714e-01
1012,-1.504381025e+00,-4.390709533e+00,8.804783492e-01,0.000000000e+00,5.946158501e-03,-6.596210220e-01,-1.458861865e+00,2.519827994e+00,5.714285714e-01
1012,-1.402320813e+00,-4.395798105e+00,-2.457352646e-02,0.000000000e+00,7.614853725e-03,-6.596210220e-01,-1.458861865e+00,2.557507202e+00,5.714285714e-01
1012,-1.511178281e+00,-4.402147989e+00,-3.567308110e-02,0.000000000e+00,9.295190512e-03,-6.596210220e-01,-1.458861865e+00,2.592176757e+00,5.714285714e-01
1012,-1.511178281e+00,-4.409767143e+00,1.938120753e+00,0.000000000e+00,1.098681015e-02,-6.596210220e-01,-1.458861865e+00,2.624282096e+00,5.714285714e-01
1012,-1.405373299e+00,-4.418663081e+00,-5.448847997e-01,0.000000000e+00,1.268802710e-02,-6.596210220e-01,-1.458861865e+00,2.654176542e+00,5.714285714e-01
1012,-1.518210029e+00,-4.428841406e+00,1.941524692e-01,0.000000000e+00,1.439499701e-02,-6.596210220e-01,-1.458861865e+00,2.682145076e+00,5.714285714e-01
1012,-1.462949090e+00,-4.440303770e+00,2.180043786e+00,0.000000000e+00,1.610074194e-02,-6.596210220e-01,-1.458861865e+00,2.708420900e+00,5.714285714e-01
1012,-1.461378464e+00,-4.453045021e+00,-1.860980547e+00,0.000000000e+00,1.779387729e-02,-6.596210220e-01,-1.458861865e+00,2.733197265e+00,5.714285714e-01
1012,-1.464265134e+00,-4.467049245e+00,2.815236282e+00,0.000000000e+00,1.945691213e-02,-6.596210220e-01,-1.458861865e+00,2.756636108e+00,5.714285714e-01
1012,-1.439911242e+00,-4.482284341e+00,-2.024038752e+00,0.000000000e+00,2.106399295e-02,-6.596210220e-01,-1.458861865e+00,2.778874472e+00,5.714285714e-01
1012,-1.450097946e+00,-4.498694644e+00,2.189629366e+00,0.000000000e+00,2.257796970e-02,-6.596210220e-01,-1.458861865e+00,2.800029359e+00,5.714285714e-01
1012,-1.446923564e+00,-4.516191066e+00,-8.202737590e-01,0.000000000e+00,2.394671832e-02,-6.596210220e-01,-1.458861865e+00,2.820201459e+00,5.714285714e-01
1012,-1.435915422e+00,-4.534638207e+00,8.382513455e-01,0.000000000e+00,2.509881175e-02,-6.596210220e-01,-1.458861865e+00,2.839478047e+00,5.714285714e-01
1012,-1.434525434e+00,-4.553838095e+00,-1.974418306e-01,0.000000000e+00,2.593898451e-02,-6.596210220e-01,-1.458861865e+00,2.857935265e+00,5.714285714e-01
1012,-1.430828210e+00,-4.573510773e+00,2.041406444e-01,0.000000000e+00,2.634451114e-02,-6.596210220e-01,-1.458861865e+00,2.875639937e+00,5.714285714e-01
1012,-1.430765964e+00,-4.593273182e+00,-1.121640101e-01,0.000000000e+00,2.616473686e-02,-6.596210220e-01,-1.458861865e+00,2.892651034e+00,5.714285714e-01
1012,-1.433799824e+00,-4.612620033e+00,-2.075343570e-01,0.000000000e+00,2.522751175e-02,-6.596210220e-01,-1.458861865e+00,2.909020854e+00,5.714285714e-01
1012,-1.444429107e+00,-4.630913673e+00,-4.917361056e-01,0.000000000e+00,2.335763496e-02,-6.596210220e-01,-1.458861865e+00,2.924795996e+00,5.714285714e-01
1012,-1.463186784e+00,-4.647393738e+00,-7.946671248e-01,0.000000000e+00,2.041211384e-02,-6.596210220e-01,-1.458861865e+00,2.940018155e+00,5.714285714e-01
1012,-1.493077200e+00,-4.661219286e+00,-1.124109781e+00,0.000000000e+00,1.633284325e-02,-6.596210220e-01,-1.458861865e+00,2.954724791e+00,5.714285714e-01
1012,-1.528392712e+00,-4.671552163e+00,-1.341172185e+00,0.000000000e+00,1.120979319e-02,-6.596210220e-01,-1.458861865e+00,2.968949681e+00,5.714285714e-01
1012,-1.578752225e+00,-4.677676785e+00,-2.553747869e+00,0.000000000e+00,5.373114981e-03,-6.596210220e-01,-1.458861865e+00,2.982723388e+00,5.714285714e-01
1012,-1.687412232e+00,-4.679130266e+00,-4.278469964e+00,0.000000000e+00,2.089886508e-03,-6.596210220e-01,-1.458861865e+00,2.996073654e+00,5.714285714e-01
1012,-1.806597491e+00,-4.675799855e+00,-1.823158680e+00,0.000000000e+00,7.719272218e-03,-6.596210220e-01,-1.458861865e+00,3.009025742e+00,5.714285714e-01
1012,-1.819659001e+00,-4.667948228e+00,-3.317771413e+00,0.000000000e+00,1.332983624e-02,-6.596210220e-01,-1.458861865e+00,3.021602716e+00,5.714285714e-01
1012,-2.054445941e+00,-4.656155540e+00,-1.910398106e+01,0.000000000e+00,1.805192700e-02,-6.596210220e-01,-1.458861865e+00,3.033825694e+00,5.714285714e-01
1012,-2.223811725e+00,-4.641203142e+00,6.843466581e+00,0.000000000e+00,2.167167420e-02,-6.596210220e-01,-1.458861865e+00,3.045714059e+00,5.714285714e-01
1012,-2.046447618e+00,-4.623943133e+00,4.029823702e+00,0.000000000e+00,2.416701063e-02,-6.596210220e-01,-1.458861865e+00,3.057285644e+00,5.714285714e-01
1012,-2.106546822e+00,-4.605191486e+00,-3.961140374e+00,0.000000000e+00,2.563770747e-02,-6.596210220e-01,-1.458861865e+00,3.068556895e+00,5.714285714e-01
1012,-2.060369368e+00,-4.585661834e+00,8.104237821e+00,0.000000000e+00,2.624525179e-02,-6.596210220e-01,-1.458861865e+00,3.079543007e+00,5.714285714e-01
1012,-1.818326870e+00,-4.565937983e+00,3.620736583e+00,0.000000000e+00,2.616681933e-02,-6.596210220e-01,-1.458861865e+00,3.090258053e+00,5.714285714e-01
1012,-1.817956834e+00,-4.546473788e+00,-5.383450259e-01,0.000000000e+00,2.556725637e-02,-6.596210220e-01,-1.458861865e+00,3.100715087e+00,5.714285714e-01
1012,-1.819622140e+00,-4.527608035e+00,7.215381242e-01,0.000000000e+00,2.458616604e-02,-6.596210220e-01,-1.458861865e+00,3.110926242e+00,5.714285714e-01
1012,-1.786990796e+00,-4.509585009e+00,8.723105461e-01,0.000000000e+00,2.333482950e-02,-6.596210220e-01,-1.458861865e+00,3.120902818e+00,5.714285714e-01
1012,-1.779428644e+00,-4.492575210e+00,-4.183338086e-01,0.000000000e+00,2.189831493e-02,-6.596210220e-01,-1.458861865e+00,3.130655349e+00,5.714285714e-01
1012,-1.810902507e+00,-4.476693578e+00,-9.720481667e-01,0.000000000e+00,2.033966572e-02,-6.596210220e-01,-1.458861865e+00,3.140193679e+00,5.714285714e-01
1012,-1.815317272e+00,-4.462014364e+00,2.769337082e-01,0.000000000e+00,1.870444027e-02,-6.596210220e-01,-1.458861865e+00,3.149527014e+00,5.714285714e-01
1013,-8.719732359e-01,-4.544902314e+00,-5.583141169e-01,1.500000000e-01,2.534260979e-02,-5.550988184e-01,-8.265523592e-01,1.785329835e+00,8.571428571e-01
1013,-8.838224148e-01,-4.526110297e+00,-3.596168324e-01,2.000000000e-01,2.460846433e-02,-5.550988184e-01,-8.265523592e-01,1.959041392e+00,8.571428571e-01
1013,-8.972205354e-01,-4.508000059e+00,-6.594515332e-01,2.000000000e-01,2.353927090e-02,-5.550988184e-01,-8.265523592e-01,2.082785370e+00,8.571428571e-01
1013,-8.927963778e-01,-4.490785937e+00,9.450194376e-01,2.500000000e-01,2.223315004e-02,-5.550988184e-01,-8.265523592e-01,2.178976947e+00,8.571428571e-01
1013,-9.216898093e-01,-4.474617374e+00,-9.250410108e-01,2.666666667e-01,2.076475121e-02,-5.550988184e-01,-8.265523592e-01,2.257678575e+00,8.571428571e-01
1013,-8.954161066e-01,-4.459595118e+00,1.425583743e+00,2.833333333e-01,1.918927161e-02,-5.550988184e-01,-8.265523592e-01,2.324282455e+00,8.571428571e-01
1013,-9.034139139e-01,-4.445784318e+00,-7.727537226e-01,3.333333333e-01,1.754655957e-02,-5.550988184e-01,-8.265523592e-01,2.382017043e+00,8.571428571e-01
1013,-9.091154628e-01,-4.433224694e+00,6.715626730e-01,3.000000000e-01,1.586472969e-02,-5.550988184e-01,-8.265523592e-01,2.432969291e+00,8.571428571e-01
1013,-8.797279051e-01,-4.421938238e+00,4.769714737e-01,4.166666667e-01,1.416311621e-02,-5.550988184e-01,-8.265523592e-01,2.478566496e+00,8.571428571e-01
1013,-9.047547040e-01,-4.411934939e+00,-6.058897338e-01,4.500000000e-01,1.245458366e-02,-5.550988184e-01,-8.265523592e-01,2.519827994e+00,8.571428571e-01
1013,-8.996483712e-01,-4.403216985e+00,5.135535784e-01,4.500000000e-01,1.074729181e-02,-5.550988184e-01,-8.265523592e-01,2.557507202e+00,8.571428571e-01
1013,-8.777024191e-01,-4.395781826e+00,4.001627763e-02,6.166666667e-01,9.046034895e-03,-5.550988184e-01,-8.265523592e-01,2.592176757e+00,8.571428571e-01
1013,-8.900275252e-01,-4.389624378e+00,-2.440664109e-01,6.166666667e-01,7.353284504e-03,-5.550988184e-01,-8.265523592e-01,2.624282096e+00,8.571428571e-01
1013,-9.040186238e-01,-4.384738601e+00,1.899935682e-01,5.166666667e-01,5.670112535e-03,-5.550988184e-01,-8.265523592e-01,2.654176542e+00,8.571428571e-01
1013,-9.161584382e-01,-4.381118617e+00,-3.695765236e-01,6.000000000e-01,3.997453279e-03,-5.550988184e-01,-8.265523592e-01,2.682145076e+00,8.571428571e-01
1013,-9.148420516e-01,-4.378759474e+00,-6.907365985e-01,6.166666667e-01,2.340354585e-03,-5.550988184e-01,-8.265523592e-01,2.708420900e+00,8.571428571e-01
1013,-9.231456255e-01,-4.377657662e+00,-8.331676577e-01,6.000000000e-01,7.633298347e-04,-5.550988184e-01,-8.265523592e-01,2.733197265e+00,8.571428571e-01
1013,-9.269977433e-01,-4.377811413e+00,-1.044049905e+00,5.166666667e-01,1.124799595e-03,-5.550988184e-01,-8.265523592e-01,2.756636108e+00,8.571428571e-01
1013,-9.458000047e-01,-4.379220839e+00,-8.078160584e-01,4.333333333e-01,2.743588167e-03,-5.550988184e-01,-8.265523592e-01,2.778874472e+00,8.571428571e-01
1013,-9.595147741e-01,-4.381887910e+00,-8.959511610e-01,3.833333333e-01,4.405016396e-03,-5.550988184e-01,-8.265523592e-01,2.800029359e+00,8.571428571e-01
1013,-9.738691606e-01,-4.385816277e+00,-1.016836931e+00,2.166666667e-01,6.079397114e-03,-5.550988184e-01,-8.265523592e-01,2.820201459e+00,8.571428571e-01
1013,-9.843312014e-01,-4.391010920e+00,-5.679396186e-01,1.333333333e-01,7.763611838e-03,-5.550988184e-01,-8.265523592e-01,2.839478047e+00,8.571428571e-01
1013,-1.016642815e+00,-4.397477575e+00,-8.061218892e-01,5.000000000e-02,9.456858620e-03,-5.550988184e-01,-8.265523592e-01,2.857935265e+00,8.571428571e-01
1013,-1.025130793e+00,-4.405221891e+00,-4.658536871e-01,0.000000000e+00,1.115779819e-02,-5.550988184e-01,-8.265523592e-01,2.875639937e+00,8.571428571e-01
1013,-1.047189885e+00,-4.414248212e+00,-6.981004854e-01,0.000000000e+00,1.286346384e-02,-5.550988184e-01,-8.265523592e-01,2.892651034e+00,8.571428571e-01
1013,-1.067308441e+00,-4.424557869e+00,-5.620010683e-01,0.000000000e+00,1.456833686e-02,-5.550988184e-01,-8.265523592e-01,2.909020854e+00,8.571428571e-01
1013,-1.081591936e+00,-4.436146793e+00,-8.725551027e-01,0.000000000e+00,1.626325099e-02,-5.550988184e-01,-8.265523592e-01,2.924795996e+00,8.571428571e-01
1013,-1.113826901e+00,-4.449002217e+00,-7.559280717e-01,0.000000000e+00,1.793397114e-02,-5.550988184e-01,-8.265523592e-01,2.940018155e+00,8.571428571e-01
1013,-1.121891552e+00,-4.463098165e+00,-6.153320730e-01,0.000000000e+00,1.955932158e-02,-5.550988184e-01,-8.265523592e-01,2.954724791e+00,8.571428571e-01
1013,-1.156258245e+00,-4.478389327e+00,-8.741100561e-01,0.000000000e+00,2.110874892e-02,-5.550988184e-01,-8.265523592e-01,2.968949681e+00,8.571428571e-01
1013,-1.180347983e+00,-4.494802858e+00,-7.875365916e-01,0.000000000e+00,2.253923743e-02,-5.550988184e-01,-8.265523592e-01,2.982723388e+00,8.571428571e-01
1013,-1.198065216e+00,-4.512227616e+00,-1.551616989e+00,0.000000000e+00,2.379159327e-02,-5.550988184e-01,-8.265523592e-01,2.996073654e+00,8.571428571e-01
1013,-1.212536859e+00,-4.530500440e+00,4.668601781e-01,0.000000000e+00,2.478634510e-02,-5.550988184e-01,-8.265523592e-01,3.009025742e+00,8.571428571e-01
1013,-1.245402324e+00,-4.549389406e+00,-2.029154034e+00,0.000000000e+00,2.541996905e-02,-5.550988184e-01,-8.265523592e-01,3.021602716e+00,8.571428571e-01
1013,-1.260067979e+00,-4.568574820e+00,3.347991883e-01,0.000000000e+00,2.556294753e-02,-5.550988184e-01,-8.265523592e-01,3.033825694e+00,8.571428571e-01
1013,-1.248574124e+00,-4.587630273e+00,1.219047699e-01,0.000000000e+00,2.506235467e-02,-5.550988184e-01,-8.265523592e-01,3.045714059e+00,8.571428571e-01
1013,-1.272797996e+00,-4.606008576e+00,2.652618347e-01,0.000000000e+00,2.375298913e-02,-5.550988184e-01,-8.265523592e-01,3.057285644e+00,8.571428571e-01
1013,-1.263184947e+00,-4.623040679e+00,-2.044354686e-01,0.000000000e+00,2.148167564e-02,-5.550988184e-01,-8.265523592e-01,3.068556895e+00,8.571428571e-01
1013,-1.260665597e+00,-4.637958475e+00,-1.187916223e-01,0.000000000e+00,1.814751871e-02,-5.550988184e-01,-8.265523592e-01,3.079543007e+00,8.571428571e-01
1013,-1.246399134e+00,-4.649951909e+00,1.109254215e+00,0.000000000e+00,1.375516071e-02,-5.550988184e-01,-8.265523592e-01,3.090258053e+00,8.571428571e-01
1013,-1.234803170e+00,-4.658263367e+00,-1.852747904e-01,0.000000000e+00,8.474693505e-03,-5.550988184e-01,-8.265523592e-01,3.100715087e+00,8.571428571e-01
1013,-1.232684030e+00,-4.662306408e+00,4.383214558e-02,0.000000000e+00,2.855344313e-03,-5.550988184e-01,-8.265523592e-01,3.110926242e+00,8.571428571e-01
1013,-1.232206001e+00,-4.661777197e+00,-2.321172555e-02,0.000000000e+00,4.090907080e-03,-5.550988184e-01,-8.265523592e-01,3.120902818e+00,8.571428571e-01
1013,-1.235952951e+00,-4.656718790e+00,-6.103356222e-01,0.000000000e+00,9.740676703e-03,-5.550988184e-01,-8.265523592e-01,3.130655349e+00,8.571428571e-01
1013,-1.240327033e+00,-4.647511753e+00,6.275695756e-02,0.000000000e+00,1.483286435e-02,-5.550988184e-01,-8.265523592e-01,3.140193679e+00,8.571428571e-01
1013,-1.260942685e+00,-4.634795147e+00,-1.863545017e+00,0.000000000e+00,1.897707365e-02,-5.550988184e-01,-8.265523592e-01,3.149527014e+00,8.571428571e-01
1013,-1.303876418e+00,-4.619349663e+00,-2.802576933e-01,0.000000000e+00,2.204925218e-02,-5.550988184e-01,-8.265523592e-01,3.158663981e+00,8.571428571e-01
1013,-1.310240704e+00,-4.601982533e+00,-2.985389412e+00,0.000000000e+00,2.407550784e-02,-5.550988184e-01,-8.265523592e-01,3.167612673e+00,8.571428571e-01
1013,-1.349117660e+00,-4.583441708e+00,9.240116790e-01,0.000000000e+00,2.517388431e-02,-5.550988184e-01,-8.265523592e-01,3.176380692e+00,8.571428571e-01
1013,-1.386310629e+00,-4.564367745e+00,-3.836934076e+00,0.000000000e+00,2.550354076e-02,-5.550988184e-01,-8.265523592e-01,3.184975191e+00,8.571428571e-01
1013,-1.487609705e+00,-4.545277856e+00,-1.463910972e+00,0.000000000e+00,2.522836232e-02,-5.550988184e-01,-8.265523592e-01,3.193402903e+00,8.571428571e-01
1013,-1.511673080e+00,-4.526571047e+00,-1.734734551e+00,0.000000000e+00,2.449622860e-02,-5.550988184e-01,-8.265523592e-01,3.201670180e+00,8.571428571e-01
1013,-1.590791454e+00,-4.508543980e+00,-2.181738898e+00,0.000000000e+00,2.343037525e-02,-5.550988184e-01,-8.265523592e-01,3.209783015e+00,8.571428571e-01
1013,-1.556004765e+00,-4.491410264e+00,3.901304376e+00,0.000000000e+00,2.212822496e-02,-5.550988184e-01,-8.265523592e-01,3.217747073e+00,8.571428571e-01
1013,-1.619528520e+00,-4.475319047e+00,-7.979420265e+00,0.000000000e+00,2.066396888e-02,-5.550988184e-01,-8.265523592e-01,3.225567713e+00,8.571428571e-01
1013,-1.629702003e+00,-4.460371060e+00,6.937043486e+00,0.000000000e+00,1.909252158e-02,-5.550988184e-01,-8.265523592e-01,3.233250010e+00,8.571428571e-01
1013,-1.642049769e+00,-4.446631599e+00,-2.545121529e+00,0.000000000e+00,1.745357043e-02,-5.550988184e-01,-8.265523592e-01,3.240798771e+00,8.571428571e-01
1013,-1.642077376e+00,-4.434140622e+00,1.630488915e+00,0.000000000e+00,1.577514975e-02,-5.550988184e-01,-8.265523592e-01,3.248218561e+00,8.571428571e-01
1013,-1.609517864e+00,-4.422920397e+00,8.425916967e-01,0.000000000e+00,1.407656530e-02,-5.550988184e-01,-8.265523592e-01,3.255513713e+00,8.571428571e-01
1013,-1.572247541e+00,-4.412981200e+00,1.090350002e+00,0.000000000e+00,1.237068554e-02,-5.550988184e-01,-8.265523592e-01,3.262688344e+00,8.571428571e-01
1013,-1.555876695e+00,-4.404325497e+00,2.400674807e-01,0.000000000e+00,1.066569433e-02,-5.550988184e-01,-8.265523592e-01,3.269746373e+00,8.571428571e-01
1013,-1.477569331e+00,-4.396950995e+00,3.975409041e+00,0.000000000e+00,8.966423319e-03,-5.550988184e-01,-8.265523592e-01,3.276691529e+00,8.571428571e-01
1013,-1.493406000e+00,-4.390852836e+00,-3.989433309e+00,0.000000000e+00,7.275393370e-03,-5.550988184e-01,-8.265523592e-01,3.283527365e+00,8.571428571e-01
1013,-1.481097274e+00,-4.386025178e+00,4.064397688e+00,0.000000000e+00,5.593745494e-03,-5.550988184e-01,-8.265523592e-01,3.290257269e+00,8.571428571e-01
1013,-1.473022043e+00,-4.382462304e+00,-1.208402769e+00,0.000000000e+00,3.922548642e-03,-5.550988184e-01,-8.265523592e-01,3.296884476e+00,8.571428571e-01
1013,-1.473929740e+00,-4.380159389e+00,7.947778719e-01,0.000000000e+00,2.267399541e-03,-5.550988184e-01,-8.265523592e-01,3.303412071e+00,8.571428571e-01
1013,-1.472603496e+00,-4.379113006e+00,-9.775318615e-01,0.000000000e+00,7.039677668e-04,-5.550988184e-01,-8.265523592e-01,3.309843005e+00,8.571428571e-01
1013,-1.462620989e+00,-4.379321428e+00,2.404893590e+00,0.000000000e+00,1.191715167e-03,-5.550988184e-01,-8.265523592e-01,3.316180099e+00,8.571428571e-01
1013,-1.427255993e+00,-4.380784756e+00,-1.754677113e+00,0.000000000e+00,2.813831147e-03,-5.550988184e-01,-8.265523592e-01,3.322426052e+00,8.571428571e-01
1013,-1.480773791e+00,-4.383504894e+00,-7.895156856e-01,0.000000000e+00,4.474620369e-03,-5.550988184e-01,-8.265523592e-01,3.328583450e+00,8.571428571e-01
1013,-1.472575285e+00,-4.387485354e+00,7.571022504e-01,0.000000000e+00,6.147749184e-03,-5.550988184e-01,-8.265523592e-01,3.334654767e+00,8.571428571e-01
1013,-1.487204765e+00,-4.392730893e+00,-7.476013156e-01,0.000000000e+00,7.830259354e-03,-5.550988184e-01,-8.265523592e-01,3.340642378e+00,8.571428571e-01
1013,-1.488235882e+00,-4.399246922e+00,2.012841045e-01,0.000000000e+00,9.521254913e-03,-5.550988184e-01,-8.265523592e-01,3.346548559e+00,8.571428571e-01
1013,-1.488357229e+00,-4.407038634e+00,-6.481689043e-01,0.000000000e+00,1.121922207e-02,-5.550988184e-01,-8.265523592e-01,3.352375495e+00,8.571428571e-01
1013,-1.520599519e+00,-4.416109752e+00,-6.795547221e-01,0.000000000e+00,1.292095708e-02,-5.550988184e-01,-8.265523592e-01,3.358125285e+00,8.571428571e-01
1013,-1.531955601e+00,-4.426460779e+00,-4.482357925e-01,0.000000000e+00,1.462063467e-02,-5.550988184e-01,-8.265523592e-01,3.363799945e+00,8.571428571e-01
1013,-1.555116246e+00,-4.438086553e+00,-5.766123864e-01,0.000000000e+00,1.630869767e-02,-5.550988184e-01,-8.265523592e-01,3.369401414e+00,8.571428571e-01
1013,-1.562489791e+00,-4.450972883e+00,-6.355062922e-01,0.000000000e+00,1.797041715e-02,-5.550988184e-01,-8.265523592e-01,3.374931554e+00,8.571428571e-01
1013,-1.593122680e+00,-4.465091953e+00,-1.271902169e+00,0.000000000e+00,1.958400124e-02,-5.550988184e-01,-8.265523592e-01,3.380392160e+00,8.571428571e-01
1013,-1.625754132e+00,-4.480396093e+00,-4.637423516e-01,0.000000000e+00,2.111814261e-02,-5.550988184e-01,-8.265523592e-01,3.385784959e+00,8.571428571e-01
1013,-1.627135918e+00,-4.496809480e+00,4.403328721e-02,0.000000000e+00,2.252893177e-02,-5.550988184e-01,-8.265523592e-01,3.391111614e+00,8.571428571e-01
1013,-1.639503584e+00,-4.514217279e+00,-2.019401587e+00,0.000000000e+00,2.375616950e-02,-5.550988184e-01,-8.265523592e-01,3.396373728e+00,8.571428571e-01
1013,-1.755455697e+00,-4.532451862e+00,-4.259644740e+00,0.000000000e+00,2.471935482e-02,-5.550988184e-01,-8.265523592e-01,3.401572846e+00,8.571428571e-01
1013,-1.801431035e+00,-4.551276112e+00,1.266787394e+00,0.000000000e+00,2.531410013e-02,-5.550988184e-01,-8.265523592e-01,3.406710459e+00,8.571428571e-01
1013,-1.739889139e+00,-4.570364664e+00,1.430503069e+00,0.000000000e+00,2.541053716e-02,-5.550988184e-01,-8.265523592e-01,3.411788005e+00,8.571428571e-01
1013,-1.748141395e+00,-4.589285540e+00,-1.859672670e+00,0.000000000e+00,2.485645203e-02,-5.550988184e-01,-8.265523592e-01,3.416806872e+00,8.571428571e-01
1013,-1.835552985e+00,-4.607487149e+00,-2.250236464e+00,0.000000000e+00,2.348915080e-02,-5.550988184e-01,-8.265523592e-01,3.421768401e+00,8.571428571e-01
1013,-1.846729931e+00,-4.624298833e+00,1.484696960e+00,0.000000000e+00,2.116049898e-02,-5.550988184e-01,-8.265523592e-01,3.426673888e+00,8.571428571e-01
1013,-1.767378689e+00,-4.638955693e+00,2.426869325e+00,0.000000000e+00,1.777749850e-02,-5.550988184e-01,-8.265523592e-01,3.431524584e+00,8.571428571e-01
1013,-1.730016286e+00,-4.650657568e+00,3.051067145e-01,0.000000000e+00,1.335493142e-02,-5.550988184e-01,-8.265523592e-01,3.436321700e+00,8.571428571e-01
1013,-1.752717161e+00,-4.658664074e+00,-1.711996353e+00,0.000000000e+00,8.074484273e-03,-5.550988184e-01,-8.265523592e-01,3.441066407e+00,8.571428571e-01
1013,-1.771655195e+00,-4.662411746e+00,1.233294813e+00,0.000000000e+00,2.543224664e-03,-5.550988184e-01,-8.265523592e-01,3.445759836e+00,8.571428571e-01
1013,-1.699118561e+00,-4.661621360e+00,1.994932253e+00,0.000000000e+00,4.377159709e-03,-5.550988184e-01,-8.265523592e-01,3.450403086e+00,8.571428571e-01
1013,-1.677763438e+00,-4.656356820e+00,2.713253669e-01,0.000000000e+00,9.966130160e-03,-5.550988184e-01,-8.265523592e-01,3.454997217e+00,8.571428571e-01
1013,-1.677191809e+00,-4.647011350e+00,-1.533370404e-01,0.000000000e+00,1.496712366e-02,-5.550988184e-01,-8.265523592e-01,3.459543258e+00,8.571428571e-01
1013,-1.687554903e+00,-4.634226869e+00,-6.342231233e-01,0.000000000e+00,1.902048154e-02,-5.550988184e-01,-8.265523592e-01,3.464042205e+00,8.571428571e-01
1013,-1.716947295e+00,-4.618778555e+00,-1.398324280e+00,0.000000000e+00,2.201293260e-02,-5.550988184e-01,-8.265523592e-01,3.468495025e+00,8.571428571e-01
1013,-1.752916318e+00,-4.601462935e+00,-4.571327222e-01,0.000000000e+00,2.397548063e-02,-5.550988184e-01,-8.265523592e-01,3.472902652e+00,8.571428571e-01
1013,-1.740494937e+00,-4.583015377e+00,8.141001683e-01,0.000000000e+00,2.502686481e-02,-5.550988184e-01,-8.265523592e-01,3.477265995e+00,8.571428571e-01
1013,-1.735487024e+00,-4.564064418e+00,-9.912486112e-01,0.000000000e+00,2.532441236e-02,-5.550988184e-01,-8.265523592e-01,3.481585936e+00,8.571428571e-01
1013,-1.805923477e+00,-4.545117109e+00,-4.846905292e+00,0.000000000e+00,2.502910678e-02,-5.550988184e-01,-8.265523592e-01,3.485863330e+00,8.571428571e-01
1013,-2.029889422e+00,-4.526564566e+00,-7.753187199e+00,0.000000000e+00,2.428581790e-02,-5.550988184e-01,-8.265523592e-01,3.490099005e+00,8.571428571e-01
1013,-2.141921176e+00,-4.508697701e+00,1.739634751e-01,0.000000000e+00,2.321514989e-02,-5.550988184e-01,-8.265523592e-01,3.494293769e+00,8.571428571e-01
1013,-2.091795885e+00,-4.491726156e+00,1.633074321e+00,0.000000000e+00,2.191243515e-02,-5.550988184e-01,-8.265523592e-01,3.498448403e+00,8.571428571e-01
1013,-2.106367906e+00,-4.475796487e+00,-3.349133044e+00,0.000000000e+00,2.045030419e-02,-5.550988184e-01,-8.265523592e-01,3.502563669e+00,8.571428571e-01
1013,-2.282162206e+00,-4.461007835e+00,-9.227414210e+00,0.000000000e+00,1.888255687e-02,-5.550988184e-01,-8.265523592e-01,3.506640306e+00,8.571428571e-01
1013,-2.665216119e+00,-4.447424612e+00,-1.108388295e+01,0.000000000e+00,1.724811191e-02,-5.550988184e-01,-8.265523592e-01,3.510679031e+00,8.571428571e-01
1013,-2.637188679e+00,-4.435086370e+00,1.382436495e+01,0.000000000e+00,1.557449075e-02,-5.550988184e-01,-8.265523592e-01,3.514680544e+00,8.571428571e-01
1013,-2.176103041e+00,-4.424015289e+00,1.038917665e+01,0.000000000e+00,1.388066934e-02,-5.550988184e-01,-8.265523592e-01,3.518645524e+00,8.571428571e-01
1013,-1.983706523e+00,-4.414221757e+00,3.711133790e+00,0.000000000e+00,1.217931517e-02,-5.550988184e-01,-8.265523592e-01,3.522574633e+00,8.571428571e-01
1013,-1.960898406e+00,-4.405708468e+00,-1.113918958e+00,0.000000000e+00,1.047850149e-02,-5.550988184e-01,-8.265523592e-01,3.526468512e+00,8.571428571e-01
1013,-2.049483040e+00,-4.398473421e+00,-4.298373817e+00,0.000000000e+00,8.783014941e-03,-5.550988184e-01,-8.265523592e-01,3.530327790e+00,8.571428571e-01
1013,-2.117571064e+00,-4.392512078e+00,6.772276239e-01,0.000000000e+00,7.095386140e-03,-5.550988184e-01,-8.265523592e-01,3.534153074e+00,8.571428571e-01
1013,-2.020657483e+00,-4.387818914e+00,4.527578950e+00,0.000000000e+00,5.416835377e-03,-5.550988184e-01,-8.265523592e-01,3.537944959e+00,8.571428571e-01
1013,-1.917744147e+00,-4.384388508e+00,1.748557336e+00,0.000000000e+00,3.748696749e-03,-5.550988184e-01,-8.265523592e-01,3.541704023e+00,8.571428571e-01
1013,-1.915897863e+00,-4.382216293e+00,-1.295193094e+00,0.000000000e+00,2.097993302e-03,-5.550988184e-01,-8.265523592e-01,3.545430829e+00,8.571428571e-01
1013,-1.984051886e+00,-4.381299057e+00,-1.603419429e+00,0.000000000e+00,5.780432089e-04,-5.550988184e-01,-8.265523592e-01,3.549125927e+00,8.571428571e-01
1014,-8.743957839e-01,-4.609867630e+00,-4.802492832e-01,7.333333333e-01,2.178235221e-02,-7.754577949e-01,-1.202736636e+00,1.785329835e+00,0.000000000e+00
1014,-8.907041295e-01,-4.624969257e+00,-4.393536746e-01,5.166666667e-01,1.833473979e-02,-7.754577949e-01,-1.202736636e+00,1.959041392e+00,0.000000000e+00
1014,-9.049445724e-01,-4.637042885e+00,-3.975811771e-01,3.833333333e-01,1.378430735e-02,-7.754577949e-01,-1.202736636e+00,2.082785370e+00,0.000000000e+00
1014,-9.183246230e-01,-4.645301289e+00,-4.595579438e-01,2.333333333e-01,8.319264321e-03,-7.754577949e-01,-1.202736636e+00,2.178976947e+00,0.000000000e+00
1014,-9.324656234e-01,-4.649143732e+00,-5.146552651e-01,2.333333333e-01,2.590351884e-03,-7.754577949e-01,-1.202736636e+00,2.257678575e+00,0.000000000e+00
1014,-9.457979524e-01,-4.648274062e+00,-5.417494599e-01,1.833333333e-01,4.604758588e-03,-7.754577949e-01,-1.202736636e+00,2.324282455e+00,0.000000000e+00
1014,-9.651591179e-01,-4.642765332e+00,-6.813384811e-01,6.666666667e-02,1.039302429e-02,-7.754577949e-01,-1.202736636e+00,2.382017043e+00,0.000000000e+00
1014,-9.892056014e-01,-4.633043476e+00,-8.792951537e-01,3.333333333e-02,1.553936465e-02,-7.754577949e-01,-1.202736636e+00,2.432969291e+00,0.000000000e+00
1014,-1.014342603e+00,-4.619797194e+00,-1.132362636e+00,0.000000000e+00,1.967212456e-02,-7.754577949e-01,-1.202736636e+00,2.478566496e+00,0.000000000e+00
1014,-1.040957210e+00,-4.603850860e+00,-1.292831664e+00,1.666666667e-02,2.268156107e-02,-7.754577949e-01,-1.202736636e+00,2.519827994e+00,0.000000000e+00
1014,-1.071615284e+00,-4.586043535e+00,-1.193624813e+00,1.666666667e-02,2.461153897e-02,-7.754577949e-01,-1.202736636e+00,2.557507202e+00,0.000000000e+00
1014,-1.106957154e+00,-4.567142041e+00,-9.255129595e-01,0.000000000e+00,2.559653033e-02,-7.754577949e-01,-1.202736636e+00,2.592176757e+00,0.000000000e+00
1014,-1.140105777e+00,-4.547794924e+00,-1.022195968e+00,0.000000000e+00,2.580808884e-02,-7.754577949e-01,-1.202736636e+00,2.624282096e+00,0.000000000e+00
1014,-1.177795674e+00,-4.528519770e+00,-1.446679218e+00,0.000000000e+00,2.541801152e-02,-7.754577949e-01,-1.202736636e+00,2.654176542e+00,0.000000000e+00
1014,-1.203492934e+00,-4.509711456e+00,-1.120483434e+00,0.000000000e+00,2.457838851e-02,-7.754577949e-01,-1.202736636e+00,2.682145076e+00,0.000000000e+00
1014,-1.239169404e+00,-4.491660366e+00,-1.357376514e+00,0.000000000e+00,2.341409081e-02,-7.754577949e-01,-1.202736636e+00,2.708420900e+00,0.000000000e+00
1014,-1.284203707e+00,-4.474573233e+00,-1.213084674e+00,0.000000000e+00,2.202260410e-02,-7.754577949e-01,-1.202736636e+00,2.733197265e+00,0.000000000e+00
1014,-1.296445110e+00,-4.458592629e+00,-2.543489185e-01,0.000000000e+00,2.047734085e-02,-7.754577949e-01,-1.202736636e+00,2.756636108e+00,0.000000000e+00
1014,-1.327274340e+00,-4.443813451e+00,-1.772340032e+00,0.000000000e+00,1.883206535e-02,-7.754577949e-01,-1.202736636e+00,2.778874472e+00,0.000000000e+00
1014,-1.368095056e+00,-4.430296074e+00,1.183074594e-03,0.000000000e+00,1.712521742e-02,-7.754577949e-01,-1.202736636e+00,2.800029359e+00,0.000000000e+00
1014,-1.378723083e+00,-4.418076463e+00,-1.278927012e+00,0.000000000e+00,1.538363180e-02,-7.754577949e-01,-1.202736636e+00,2.820201459e+00,0.000000000e+00
1014,-1.411106123e+00,-4.407173761e+00,-6.014620279e-01,0.000000000e+00,1.362553006e-02,-7.754577949e-01,-1.202736636e+00,2.839478047e+00,0.000000000e+00
1014,-1.430446629e+00,-4.397595893e+00,-5.324214006e-01,0.000000000e+00,1.186283736e-02,-7.754577949e-01,-1.202736636e+00,2.857935265e+00,0.000000000e+00
1014,-1.443482827e+00,-4.389343646e+00,-7.461207308e-01,0.000000000e+00,1.010294249e-02,-7.754577949e-01,-1.202736636e+00,2.875639937e+00,0.000000000e+00
1014,-1.474367293e+00,-4.382413625e+00,-8.553431235e-01,0.000000000e+00,8.350039772e-03,-7.754577949e-01,-1.202736636e+00,2.892651034e+00,0.000000000e+00
1014,-1.477285729e+00,-4.376800362e+00,4.547251485e-01,0.000000000e+00,6.606215093e-03,-7.754577949e-01,-1.202736636e+00,2.909020854e+00,0.000000000e+00
1014,-1.532185259e+00,-4.372497819e+00,-2.604731249e+00,0.000000000e+00,4.872571837e-03,-7.754577949e-01,-1.202736636e+00,2.924795996e+00,0.000000000e+00
1014,-1.523212503e+00,-4.369500427e+00,1.705191400e+00,0.000000000e+00,3.151572700e-03,-7.754577949e-01,-1.202736636e+00,2.940018155e+00,0.000000000e+00
1014,-1.525871960e+00,-4.367803790e+00,-2.383628955e+00,0.000000000e+00,1.462041654e-03,-7.754577949e-01,-1.202736636e+00,2.954724791e+00,0.000000000e+00
1014,-1.595579458e+00,-4.367405128e+00,-6.928708884e-01,0.000000000e+00,5.554757669e-04,-7.754577949e-01,-1.202736636e+00,2.968949681e+00,0.000000000e+00
1014,-1.587436591e+00,-4.368303511e+00,5.563507588e-01,0.000000000e+00,2.104727218e-03,-7.754577949e-01,-1.202736636e+00,2.982723388e+00,0.000000000e+00
1014,-1.602690576e+00,-4.370499904e+00,-1.645582068e+00,0.000000000e+00,3.810609938e-03,-7.754577949e-01,-1.202736636e+00,2.996073654e+00,0.000000000e+00
1014,-1.658903202e+00,-4.373997049e+00,-1.155146887e+00,0.000000000e+00,5.534586923e-03,-7.754577949e-01,-1.202736636e+00,3.009025742e+00,0.000000000e+00
1014,-1.664452173e+00,-4.378799138e+00,1.760329458e-01,0.000000000e+00,7.268809690e-03,-7.754577949e-01,-1.202736636e+00,3.021602716e+00,0.000000000e+00
1014,-1.664334600e+00,-4.384911278e+00,-4.320580139e-01,0.000000000e+00,9.011804670e-03,-7.754577949e-01,-1.202736636e+00,3.033825694e+00,0.000000000e+00
1014,-1.691879701e+00,-4.392338661e+00,-1.244174732e+00,0.000000000e+00,1.076221244e-02,-7.754577949e-01,-1.202736636e+00,3.045714059e+00,0.000000000e+00
1014,-1.732506245e+00,-4.401085364e+00,-1.203089941e+00,0.000000000e+00,1.251722208e-02,-7.754577949e-01,-1.202736636e+00,3.057285644e+00,0.000000000e+00
1014,-1.759886658e+00,-4.411152641e+00,-4.157964799e-01,0.000000000e+00,1.427152915e-02,-7.754577949e-01,-1.202736636e+00,3.068556895e+00,0.000000000e+00
1015,-1.401791328e+00,-4.527012409e+00,-2.692549465e+00,0.000000000e+00,1.849908672e-02,-5.818616548e-01,-1.448390424e+00,1.785329835e+00,5.714285714e-01
1015,-1.413528363e+00,-4.513359945e+00,-3.334224636e-02,0.000000000e+00,1.779305664e-02,-5.818616548e-01,-1.448390424e+00,1.959041392e+00,5.714285714e-01
1015,-1.437494022e+00,-4.500326054e+00,-2.868097935e+00,0.000000000e+00,1.685983984e-02,-5.818616548e-01,-1.448390424e+00,2.082785370e+00,5.714285714e-01
1015,-1.576664521e+00,-4.488061061e+00,-5.706548914e+00,0.000000000e+00,1.575329275e-02,-5.818616548e-01,-1.448390424e+00,2.178976947e+00,5.714285714e-01
1015,-1.739874711e+00,-4.476678744e+00,-2.825275491e+00,0.000000000e+00,1.451680398e-02,-5.818616548e-01,-1.448390424e+00,2.257678575e+00,5.714285714e-01
1015,-1.726848020e+00,-4.466263771e+00,1.967614104e+00,0.000000000e+00,1.318452714e-02,-5.818616548e-01,-1.448390424e+00,2.324282455e+00,5.714285714e-01
1015,-1.699039736e+00,-4.456878121e+00,-6.293085061e-01,0.000000000e+00,1.178285254e-02,-5.818616548e-01,-1.448390424e+00,2.382017043e+00,5.714285714e-01
1015,-1.763161354e+00,-4.448566381e+00,-4.403161691e+00,0.000000000e+00,1.033186249e-02,-5.818616548e-01,-1.448390424e+00,2.432969291e+00,5.714285714e-01
1015,-1.949541235e+00,-4.441360024e+00,-8.315553359e+00,0.000000000e+00,8.846652800e-03,-5.818616548e-01,-1.448390424e+00,2.478566496e+00,5.714285714e-01
1015,-2.211926621e+00,-4.435280763e+00,-5.276778793e+00,0.000000000e+00,7.338493515e-03,-5.818616548e-01,-1.448390424e+00,2.519827994e+00,5.714285714e-01
1015,-2.165728195e+00,-4.430343157e+00,7.235632948e+00,0.000000000e+00,5.815880240e-03,-5.818616548e-01,-1.448390424e+00,2.557507202e+00,5.714285714e-01
1015,-1.949438897e+00,-4.426556569e+00,4.094152986e+00,0.000000000e+00,4.285693788e-03,-5.818616548e-01,-1.448390424e+00,2.592176757e+00,5.714285714e-01
1016,-9.889481707e-01,-4.632430347e+00,-1.254872891e+00,0.000000000e+00,1.937521977e-02,-7.282108536e-01,-1.638466025e+00,1.785329835e+00,5.714285714e-01
1016,-1.030574114e+00,-4.616467769e+00,-1.371990031e+00,0.000000000e+00,2.302532639e-02,-7.282108536e-01,-1.638466025e+00,1.959041392e+00,5.714285714e-01
1016,-1.075021378e+00,-4.598211157e+00,-1.531114513e+00,0.000000000e+00,2.545707635e-02,-7.282108536e-01,-1.638466025e+00,2.082785370e+00,5.714285714e-01
1016,-1.125003502e+00,-4.578535349e+00,-1.707849136e+00,0.000000000e+00,2.680194391e-02,-7.282108536e-01,-1.638466025e+00,2.178976947e+00,5.714285714e-01
1016,-1.179162349e+00,-4.558189812e+00,-1.940819658e+00,0.000000000e+00,2.725005814e-02,-7.282108536e-01,-1.638466025e+00,2.257678575e+00,5.714285714e-01
1016,-1.238911394e+00,-4.537775268e+00,-2.154200883e+00,0.000000000e+00,2.699996404e-02,-7.282108536e-01,-1.638466025e+00,2.324282455e+00,5.714285714e-01
1016,-1.312248623e+00,-4.517749312e+00,-2.346848789e+00,0.000000000e+00,2.623026952e-02,-7.282108536e-01,-1.638466025e+00,2.382017043e+00,5.714285714e-01
1016,-1.379086362e+00,-4.498446493e+00,-2.642358698e+00,0.000000000e+00,2.508822161e-02,-7.282108536e-01,-1.638466025e+00,2.432969291e+00,5.714285714e-01
1016,-1.472114301e+00,-4.480102778e+00,-2.905567145e+00,0.000000000e+00,2.368851258e-02,-7.282108536e-01,-1.638466025e+00,2.478566496e+00,5.714285714e-01
1016,-1.548338087e+00,-4.462878833e+00,-2.681275281e+00,0.000000000e+00,2.211700023e-02,-7.282108536e-01,-1.638466025e+00,2.519827994e+00,5.714285714e-01
1016,-1.640502646e+00,-4.446879759e+00,-3.598390739e+00,0.000000000e+00,2.043605473e-02,-7.282108536e-01,-1.638466025e+00,2.557507202e+00,5.714285714e-01
1016,-1.762074747e+00,-4.432170768e+00,-4.109923708e+00,0.000000000e+00,1.868984750e-02,-7.282108536e-01,-1.638466025e+00,2.592176757e+00,5.714285714e-01
1017,-1.321450286e+00,-4.539114553e+00,-1.025112678e+00,0.000000000e+00,1.560662193e-02,-9.745356933e-01,-4.980242943e-01,1.785329835e+00,2.857142857e-01
1017,-1.361868304e+00,-4.550973538e+00,-1.930983491e+00,0.000000000e+00,1.591281491e-02,-9.745356933e-01,-4.980242943e-01,1.959041392e+00,2.857142857e-01
1017,-1.421459154e+00,-4.562956233e+00,-1.241781651e+00,0.000000000e+00,1.593131408e-02,-9.745356933e-01,-4.980242943e-01,2.082785370e+00,2.857142857e-01
1017,-1.454216524e+00,-4.574826674e+00,-3.001525296e+00,0.000000000e+00,1.561070913e-02,-9.745356933e-01,-4.980242943e-01,2.178976947e+00,2.857142857e-01
1017,-1.553798966e+00,-4.586310740e+00,-1.744324104e+00,0.000000000e+00,1.490186741e-02,-9.745356933e-01,-4.980242943e-01,2.257678575e+00,2.857142857e-01
1017,-1.628780418e+00,-4.597100167e+00,-3.574084906e+00,0.000000000e+00,1.376445871e-02,-9.745356933e-01,-4.980242943e-01,2.324282455e+00,2.857142857e-01
1017,-1.701067898e+00,-4.606862154e+00,-1.281884367e+00,0.000000000e+00,1.217543366e-02,-9.745356933e-01,-4.980242943e-01,2.382017043e+00,2.857142857e-01
1017,-1.729653228e+00,-4.615255673e+00,-8.831562523e-01,0.000000000e+00,1.013857528e-02,-9.745356933e-01,-4.980242943e-01,2.432969291e+00,2.857142857e-01
1017,-1.714783372e+00,-4.621954412e+00,2.073364295e+00,0.000000000e+00,7.693656896e-03,-9.745356933e-01,-4.980242943e-01,2.478566496e+00,2.857142857e-01
1017,-1.660938062e+00,-4.626674554e+00,3.001474963e+00,0.000000000e+00,4.925537406e-03,-9.745356933e-01,-4.980242943e-01,2.519827994e+00,2.857142857e-01
1017,-1.560873930e+00,-4.629203467e+00,1.849286981e+00,0.000000000e+00,2.010769428e-03,-9.745356933e-01,-4.980242943e-01,2.557507202e+00,2.857142857e-01
1017,-1.499991190e+00,-4.629423937e+00,3.504684643e+00,0.000000000e+00,1.493001008e-03,-9.745356933e-01,-4.980242943e-01,2.592176757e+00,2.857142857e-01
1017,-1.416379285e+00,-4.627328507e+00,4.722432724e-01,0.000000000e+00,4.368791042e-03,-9.745356933e-01,-4.980242943e-01,2.624282096e+00,2.857142857e-01
1017,-1.375836907e+00,-4.623020406e+00,2.523931529e+00,0.000000000e+00,7.168372756e-03,-9.745356933e-01,-4.980242943e-01,2.654176542e+00,2.857142857e-01
1017,-1.331590686e+00,-4.616700826e+00,2.412018123e-01,0.000000000e+00,9.661682381e-03,-9.745356933e-01,-4.980242943e-01,2.682145076e+00,2.857142857e-01
1017,-1.303797886e+00,-4.608645697e+00,1.258057333e+00,0.000000000e+00,1.175574913e-02,-9.745356933e-01,-4.980242943e-01,2.708420900e+00,2.857142857e-01
1017,-1.289498324e+00,-4.599177253e+00,2.206088895e-01,0.000000000e+00,1.340527195e-02,-9.745356933e-01,-4.980242943e-01,2.733197265e+00,2.857142857e-01
1017,-1.276721339e+00,-4.588635877e+00,4.295233634e-01,0.000000000e+00,1.460219695e-02,-9.745356933e-01,-4.980242943e-01,2.756636108e+00,2.857142857e-01
1017,-1.273101606e+00,-4.577356358e+00,9.407440898e-03,0.000000000e+00,1.536659664e-02,-9.745356933e-01,-4.980242943e-01,2.778874472e+00,2.857142857e-01
1017,-1.273417791e+00,-4.565650688e+00,-3.254028734e-02,0.000000000e+00,1.573705887e-02,-9.745356933e-01,-4.980242943e-01,2.800029359e+00,2.857142857e-01
1017,-1.276139823e+00,-4.553797608e+00,-1.798287679e-01,0.000000000e+00,1.576199366e-02,-9.745356933e-01,-4.980242943e-01,2.820201459e+00,2.857142857e-01
1017,-1.284006287e+00,-4.542037952e+00,-3.830152238e-01,0.000000000e+00,1.549282690e-02,-9.745356933e-01,-4.980242943e-01,2.839478047e+00,2.857142857e-01
1017,-1.293335672e+00,-4.530574266e+00,-1.519871609e-01,0.000000000e+00,1.497932988e-02,-9.745356933e-01,-4.980242943e-01,2.857935265e+00,2.857142857e-01
1017,-1.301955634e+00,-4.519573194e+00,-8.151531478e-01,0.000000000e+00,1.426684829e-02,-9.745356933e-01,-4.980242943e-01,2.875639937e+00,2.857142857e-01
1017,-1.315180482e+00,-4.509169377e+00,1.158062137e-01,8.333333333e-02,1.339498580e-02,-9.745356933e-01,-4.980242943e-01,2.892651034e+00,2.857142857e-01
1017,-1.321701211e+00,-4.499469939e+00,-1.142540645e+00,8.333333333e-02,1.239727876e-02,-9.745356933e-01,-4.980242943e-01,2.909020854e+00,2.857142857e-01
1017,-1.343750282e+00,-4.490558978e+00,7.229063762e-02,0.000000000e+00,1.130147476e-02,-9.745356933e-01,-4.980242943e-01,2.924795996e+00,2.857142857e-01
1017,-1.350845987e+00,-4.482501715e+00,-7.402060834e-01,0.000000000e+00,1.013013235e-02,-9.745356933e-01,-4.980242943e-01,2.940018155e+00,2.857142857e-01
1017,-1.371726171e+00,-4.475348143e+00,-2.812224819e-01,0.000000000e+00,8.901355826e-03,-9.745356933e-01,-4.980242943e-01,2.954724791e+00,2.857142857e-01
1017,-1.375454721e+00,-4.469136113e+00,-1.303888282e-01,0.000000000e+00,7.629557814e-03,-9.745356933e-01,-4.980242943e-01,2.968949681e+00,2.857142857e-01
1017,-1.387828879e+00,-4.463893883e+00,-3.938501172e-01,0.000000000e+00,6.326204354e-03,-9.745356933e-01,-4.980242943e-01,2.982723388e+00,2.857142857e-01
1017,-1.387988264e+00,-4.459642166e+00,1.411220725e-01,0.000000000e+00,5.000566030e-03,-9.745356933e-01,-4.980242943e-01,2.996073654e+00,2.857142857e-01
1017,-1.390710428e+00,-4.456395728e+00,-2.441235257e-01,0.000000000e+00,3.660666989e-03,-9.745356933e-01,-4.980242943e-01,3.009025742e+00,2.857142857e-01
1017,-1.392512301e+00,-4.454164611e+00,1.393210848e-01,0.000000000e+00,2.315557983e-03,-9.745356933e-01,-4.980242943e-01,3.021602716e+00,2.857142857e-01
1017,-1.388725882e+00,-4.452955003e+00,1.960829330e-02,0.000000000e+00,9.921759339e-04,-9.745356933e-01,-4.980242943e-01,3.033825694e+00,2.857142857e-01
1017,-1.389887030e+00,-4.452769822e+00,-4.062918912e-02,0.000000000e+00,5.596474090e-04,-9.745356933e-01,-4.980242943e-01,3.045714059e+00,2.857142857e-01
1017,-1.385137829e+00,-4.453609016e+00,2.568824082e-01,0.000000000e+00,1.830175401e-03,-9.745356933e-01,-4.980242943e-01,3.057285644e+00,2.857142857e-01
1017,-1.384294889e+00,-4.455469613e+00,-2.008463202e-01,0.000000000e+00,3.170530822e-03,-9.745356933e-01,-4.980242943e-01,3.068556895e+00,2.857142857e-01
1017,-1.386723106e+00,-4.458345515e+00,1.381219527e-01,0.000000000e+00,4.509272593e-03,-9.745356933e-01,-4.980242943e-01,3.079543007e+00,2.857142857e-01
1017,-1.382871568e+00,-4.462227030e+00,6.846381074e-03,0.000000000e+00,5.835183066e-03,-9.745356933e-01,-4.980242943e-01,3.090258053e+00,2.857142857e-01
1017,-1.390050542e+00,-4.467100116e+00,-2.353771293e-01,0.000000000e+00,7.140343045e-03,-9.745356933e-01,-4.980242943e-01,3.100715087e+00,2.857142857e-01
1017,-1.392777927e+00,-4.472945319e+00,-1.571010016e-01,0.000000000e+00,8.416147683e-03,-9.745356933e-01,-4.980242943e-01,3.110926242e+00,2.857142857e-01
1017,-1.397298876e+00,-4.479736343e+00,-6.453262940e-02,0.000000000e+00,9.652147892e-03,-9.745356933e-01,-4.980242943e-01,3.120902818e+00,2.857142857e-01
1017,-1.401686464e+00,-4.487438223e+00,-6.168425743e-01,0.000000000e+00,1.083529213e-02,-9.745356933e-01,-4.980242943e-01,3.130655349e+00,2.857142857e-01
1017,-1.432498589e+00,-4.496005035e+00,-6.528586927e-01,0.000000000e+00,1.194921938e-02,-9.745356933e-01,-4.980242943e-01,3.140193679e+00,2.857142857e-01
1017,-1.436682489e+00,-4.505377103e+00,-7.902784273e-02,0.000000000e+00,1.297354248e-02,-9.745356933e-01,-4.980242943e-01,3.149527014e+00,2.857142857e-01
1017,-1.453006302e+00,-4.515477687e+00,-1.342835771e+00,0.000000000e+00,1.388314472e-02,-9.745356933e-01,-4.980242943e-01,3.158663981e+00,2.857142857e-01
1017,-1.499886694e+00,-4.526209173e+00,-8.208234604e-01,0.000000000e+00,1.464757110e-02,-9.745356933e-01,-4.980242943e-01,3.167612673e+00,2.857142857e-01
1017,-1.506852049e+00,-4.537448901e+00,-8.308595859e-01,0.000000000e+00,1.523066272e-02,-9.745356933e-01,-4.980242943e-01,3.176380692e+00,2.857142857e-01
1017,-1.556699626e+00,-4.549044870e+00,-1.945916542e+00,0.000000000e+00,1.559066672e-02,-9.745356933e-01,-4.980242943e-01,3.184975191e+00,2.857142857e-01
1017,-1.611173495e+00,-4.560811819e+00,-1.373480742e+00,0.000000000e+00,1.568114890e-02,-9.745356933e-01,-4.980242943e-01,3.193402903e+00,2.857142857e-01
1017,-1.647948580e+00,-4.572528419e+00,-1.935725298e+00,0.000000000e+00,1.545311735e-02,-9.745356933e-01,-4.980242943e-01,3.201670180e+00,2.857142857e-01
1017,-1.727932969e+00,-4.583936654e+00,-2.630652484e+00,0.000000000e+00,1.485878290e-02,-9.745356933e-01,-4.980242943e-01,3.209783015e+00,2.857142857e-01
1017,-1.796309231e+00,-4.594744722e+00,-1.885589678e+00,0.000000000e+00,1.385725711e-02,-9.745356933e-01,-4.980242943e-01,3.217747073e+00,2.857142857e-01
1017,-1.848500976e+00,-4.604634911e+00,-1.825587314e+00,0.000000000e+00,1.242213391e-02,-9.745356933e-01,-4.980242943e-01,3.225567713e+00,2.857142857e-01
1017,-1.886232455e+00,-4.613277566e+00,-3.684841712e-01,0.000000000e+00,1.055029319e-02,-9.745356933e-01,-4.980242943e-01,3.233250010e+00,2.857142857e-01
1017,-1.865471492e+00,-4.620351418e+00,1.781983459e+00,0.000000000e+00,8.270625002e-03,-9.745356933e-01,-4.980242943e-01,3.240798771e+00,2.857142857e-01
1017,-1.803835190e+00,-4.625569002e+00,1.942390207e+00,0.000000000e+00,5.651919105e-03,-9.745356933e-01,-4.980242943e-01,3.248218561e+00,2.857142857e-01
1017,-1.744049818e+00,-4.628704000e+00,2.458740159e+00,0.000000000e+00,2.822677842e-03,-9.745356933e-01,-4.980242943e-01,3.255513713e+00,2.857142857e-01
1017,-1.659375385e+00,-4.629615804e+00,2.378121835e+00,0.000000000e+00,8.353420625e-04,-9.745356933e-01,-4.980242943e-01,3.262688344e+00,2.857142857e-01
1017,-1.607636201e+00,-4.628266087e+00,1.318318282e+00,0.000000000e+00,3.372982543e-03,-9.745356933e-01,-4.980242943e-01,3.269746373e+00,2.857142857e-01
1017,-1.570732833e+00,-4.624723491e+00,1.606998679e+00,0.000000000e+00,6.156952809e-03,-9.745356933e-01,-4.980242943e-01,3.276691529e+00,2.857142857e-01
1017,-1.516479072e+00,-4.619155245e+00,1.222199389e+00,0.000000000e+00,8.687405983e-03,-9.745356933e-01,-4.980242943e-01,3.283527365e+00,2.857142857e-01
1017,-1.501209116e+00,-4.611807802e+00,2.740788838e-01,0.000000000e+00,1.085536917e-02,-9.745356933e-01,-4.980242943e-01,3.290257269e+00,2.857142857e-01
1017,-1.489489676e+00,-4.602980934e+00,7.797180512e-01,0.000000000e+00,1.260396119e-02,-9.745356933e-01,-4.980242943e-01,3.296884476e+00,2.857142857e-01
1017,-1.463550801e+00,-4.593000500e+00,4.190929302e-01,0.000000000e+00,1.391424457e-02,-9.745356933e-01,-4.980242943e-01,3.303412071e+00,2.857142857e-01
1017,-1.464988373e+00,-4.582194263e+00,-2.400671884e-01,0.000000000e+00,1.479695455e-02,-9.745356933e-01,-4.980242943e-01,3.309843005e+00,2.857142857e-01
1017,-1.469134495e+00,-4.570873337e+00,-1.366773510e-02,0.000000000e+00,1.528354601e-02,-9.745356933e-01,-4.980242943e-01,3.316180099e+00,2.857142857e-01
1017,-1.472142632e+00,-4.559320048e+00,-1.266979543e-01,0.000000000e+00,1.541761705e-02,-9.745356933e-01,-4.980242943e-01,3.322426052e+00,2.857142857e-01
1017,-1.474011616e+00,-4.547781631e+00,-9.852081251e-02,0.000000000e+00,1.524782832e-02,-9.745356933e-01,-4.980242943e-01,3.328583450e+00,2.857142857e-01
1017,-1.481889152e+00,-4.536468484e+00,-6.842237818e-01,0.000000000e+00,1.482277713e-02,-9.745356933e-01,-4.980242943e-01,3.334654767e+00,2.857142857e-01
1017,-1.514059452e+00,-4.525555544e+00,-7.204932094e-01,0.000000000e+00,1.418774847e-02,-9.745356933e-01,-4.980242943e-01,3.340642378e+00,2.857142857e-01
1017,-1.515746457e+00,-4.515185506e+00,1.449017562e-01,0.000000000e+00,1.338298570e-02,-9.745356933e-01,-4.980242943e-01,3.346548559e+00,2.857142857e-01
1017,-1.516764447e+00,-4.505472908e+00,-5.873683305e-01,0.000000000e+00,1.244304891e-02,-9.745356933e-01,-4.980242943e-01,3.352375495e+00,2.857142857e-01
1017,-1.548790141e+00,-4.496508420e+00,-9.203928918e-01,0.000000000e+00,1.139687246e-02,-9.745356933e-01,-4.980242943e-01,3.358125285e+00,2.857142857e-01
1017,-1.560483813e+00,-4.488362926e+00,-3.925171232e-02,0.000000000e+00,1.026822185e-02,-9.745356933e-01,-4.980242943e-01,3.363799945e+00,2.857142857e-01
1017,-1.560829774e+00,-4.481091189e+00,-1.142647288e-01,0.000000000e+00,9.076343385e-03,-9.745356933e-01,-4.980242943e-01,3.369401414e+00,2.857142857e-01
1017,-1.571814591e+00,-4.474735007e+00,-5.377993616e-01,0.000000000e+00,7.836679684e-03,-9.745356933e-01,-4.980242943e-01,3.374931554e+00,2.857142857e-01
1017,-1.583958726e+00,-4.469325841e+00,-1.580575431e-01,0.000000000e+00,6.561587380e-03,-9.745356933e-01,-4.980242943e-01,3.380392160e+00,2.857142857e-01
1017,-1.582396957e+00,-4.464886958e+00,1.140582466e-01,0.000000000e+00,5.261056347e-03,-9.745356933e-01,-4.980242943e-01,3.385784959e+00,2.857142857e-01
1017,-1.581881947e+00,-4.461435126e+00,-8.756589090e-02,0.000000000e+00,3.943551469e-03,-9.745356933e-01,-4.980242943e-01,3.391111614e+00,2.857142857e-01
1017,-1.584813759e+00,-4.458981917e+00,-3.661602666e-02,0.000000000e+00,2.617658830e-03,-9.745356933e-01,-4.980242943e-01,3.396373728e+00,2.857142857e-01
1017,-1.583014055e+00,-4.457534659e+00,1.486017832e-01,0.000000000e+00,1.300771141e-03,-9.745356933e-01,-4.980242943e-01,3.401572846e+00,2.857142857e-01
1017,-1.578708287e+00,-4.457097091e+00,6.922940068e-02,0.000000000e+00,3.584446872e-04,-9.745356933e-01,-4.980242943e-01,3.406710459e+00,2.857142857e-01
1017,-1.578518537e+00,-4.457669733e+00,-8.223112022e-03,0.000000000e+00,1.473771244e-03,-9.745356933e-01,-4.980242943e-01,3.411788005e+00,2.857142857e-01
1017,-1.577832437e+00,-4.459250000e+00,9.021587371e-02,0.000000000e+00,2.790789159e-03,-9.745356933e-01,-4.980242943e-01,3.416806872e+00,2.857142857e-01
1017,-1.574663331e+00,-4.461832061e+00,5.357158795e-02,0.000000000e+00,4.110563226e-03,-9.745356933e-01,-4.980242943e-01,3.421768401e+00,2.857142857e-01
1017,-1.575045023e+00,-4.465406444e+00,-8.667560406e-02,0.000000000e+00,5.418524231e-03,-9.745356933e-01,-4.980242943e-01,3.426673888e+00,2.857142857e-01
1017,-1.579048716e+00,-4.469959360e+00,-1.387898830e-01,0.000000000e+00,6.706352257e-03,-9.745356933e-01,-4.980242943e-01,3.431524584e+00,2.857142857e-01
1017,-1.583374090e+00,-4.475471738e+00,-2.074030947e-01,0.000000000e+00,7.965550932e-03,-9.745356933e-01,-4.980242943e-01,3.436321700e+00,2.857142857e-01
1017,-1.592008848e+00,-4.481917910e+00,-2.908581148e-01,0.000000000e+00,9.186037126e-03,-9.745356933e-01,-4.980242943e-01,3.441066407e+00,2.857142857e-01
1017,-1.599153075e+00,-4.489263927e+00,-1.671654908e-01,0.000000000e+00,1.035536549e-02,-9.745356933e-01,-4.980242943e-01,3.445759836e+00,2.857142857e-01
1017,-1.603791976e+00,-4.497465449e+00,-3.609707201e-01,0.000000000e+00,1.145805580e-02,-9.745356933e-01,-4.980242943e-01,3.450403086e+00,2.857142857e-01
1017,-1.623256791e+00,-4.506465175e+00,-1.090937651e+00,0.000000000e+00,1.247492913e-02,-9.745356933e-01,-4.980242943e-01,3.454997217e+00,2.857142857e-01
1017,-1.668050649e+00,-4.516189794e+00,-1.222699610e+00,0.000000000e+00,1.338246312e-02,-9.745356933e-01,-4.980242943e-01,3.459543258e+00,2.857142857e-01
1017,-1.680662997e+00,-4.526546489e+00,1.125543380e-01,0.000000000e+00,1.415223477e-02,-9.745356933e-01,-4.980242943e-01,3.464042205e+00,2.857142857e-01
1017,-1.678160716e+00,-4.537419097e+00,-2.236178433e-01,0.000000000e+00,1.475057935e-02,-9.745356933e-01,-4.980242943e-01,3.468495025e+00,2.857142857e-01
1017,-1.708336688e+00,-4.548664163e+00,-2.691788974e+00,0.000000000e+00,1.513866694e-02,-9.745356933e-01,-4.980242943e-01,3.472902652e+00,2.857142857e-01
1017,-1.832091654e+00,-4.560107293e+00,-3.704292238e+00,0.000000000e+00,1.527328029e-02,-9.745356933e-01,-4.980242943e-01,3.477265995e+00,2.857142857e-01
1017,-1.872626533e+00,-4.571540474e+00,5.435479819e-01,0.000000000e+00,1.510864948e-02,-9.745356933e-01,-4.980242943e-01,3.481585936e+00,2.857142857e-01
1017,-1.847379002e+00,-4.582721282e+00,4.231373780e-01,0.000000000e+00,1.459971927e-02,-9.745356933e-01,-4.980242943e-01,3.485863330e+00,2.857142857e-01
1017,-1.883955607e+00,-4.593375172e+00,-4.372736320e+00,0.000000000e+00,1.370712996e-02,-9.745356933e-01,-4.980242943e-01,3.490099005e+00,2.857142857e-01
1017,-2.076738163e+00,-4.603202127e+00,-4.221943078e+00,0.000000000e+00,1.240390658e-02,-9.745356933e-01,-4.980242943e-01,3.494293769e+00,2.857142857e-01
1017,-2.070299416e+00,-4.611888754e+00,3.641708697e+00,0.000000000e+00,1.068334384e-02,-9.745356933e-01,-4.980242943e-01,3.498448403e+00,2.857142857e-01
1017,-1.941470244e+00,-4.619126173e+00,2.058951421e+00,0.000000000e+00,8.566982444e-03,-9.745356933e-01,-4.980242943e-01,3.502563669e+00,2.857142857e-01
1017,-1.941644260e+00,-4.624632832e+00,-4.382058490e-01,0.000000000e+00,6.111644314e-03,-9.745356933e-01,-4.980242943e-01,3.506640306e+00,2.857142857e-01
1017,-1.941168531e+00,-4.628179690e+00,1.751415387e+00,0.000000000e+00,3.420786152e-03,-9.745356933e-01,-4.980242943e-01,3.510679031e+00,2.857142857e-01
1017,-1.844908958e+00,-4.629613765e+00,3.057557161e+00,0.000000000e+00,8.828267208e-04,-9.745356933e-01,-4.980242943e-01,3.514680544e+00,2.857142857e-01
1017,-1.770274505e+00,-4.628875352e+00,1.659952957e+00,0.000000000e+00,2.534243855e-03,-9.745356933e-01,-4.980242943e-01,3.518645524e+00,2.857142857e-01
1017,-1.741734703e+00,-4.626005064e+00,7.515022153e-01,0.000000000e+00,5.239943429e-03,-9.745356933e-01,-4.980242943e-01,3.522574633e+00,2.857142857e-01
1017,-1.719937232e+00,-4.621138989e+00,8.938077894e-01,0.000000000e+00,7.748621411e-03,-9.745356933e-01,-4.980242943e-01,3.526468512e+00,2.857142857e-01
1017,-1.689404651e+00,-4.614493142e+00,9.074237963e-01,0.000000000e+00,9.935373514e-03,-9.745356933e-01,-4.980242943e-01,3.530327790e+00,2.857142857e-01
1017,-1.667669031e+00,-4.606340759e+00,4.766734349e-01,0.000000000e+00,1.173497787e-02,-9.745356933e-01,-4.980242943e-01,3.534153074e+00,2.857142857e-01
1017,-1.660212378e+00,-4.596987073e+00,1.283178938e-01,0.000000000e+00,1.311953377e-02,-9.745356933e-01,-4.980242943e-01,3.537944959e+00,2.857142857e-01
1017,-1.658719595e+00,-4.586745800e+00,2.849035763e-02,0.000000000e+00,1.409094993e-02,-9.745356933e-01,-4.980242943e-01,3.541704023e+00,2.857142857e-01
1017,-1.658701920e+00,-4.575920204e+00,-7.155003615e-02,0.000000000e+00,1.467299633e-02,-9.745356933e-01,-4.980242943e-01,3.545430829e+00,2.857142857e-01
1017,-1.663316475e+00,-4.564789894e+00,-2.135370522e-01,0.000000000e+00,1.490327490e-02,-9.745356933e-01,-4.980242943e-01,3.549125927e+00,2.857142857e-01
1017,-1.670891357e+00,-4.553603212e+00,-2.649786495e-01,0.000000000e+00,1.482623775e-02,-9.745356933e-01,-4.980242943e-01,3.552789850e+00,2.857142857e-01
1017,-1.679385339e+00,-4.542574210e+00,-3.419033048e-01,0.000000000e+00,1.448786764e-02,-9.745356933e-01,-4.980242943e-01,3.556423121e+00,2.857142857e-01
1017,-1.691980535e+00,-4.531882952e+00,-5.470864239e-01,0.000000000e+00,1.393210194e-02,-9.745356933e-01,-4.980242943e-01,3.560026249e+00,2.857142857e-01
1017,-1.712420886e+00,-4.521677908e+00,-7.282260252e-01,0.000000000e+00,1.319875543e-02,-9.745356933e-01,-4.980242943e-01,3.563599729e+00,2.857142857e-01
1017,-1.733254024e+00,-4.512079468e+00,-4.203324333e-01,0.000000000e+00,1.232257248e-02,-9.745356933e-01,-4.980242943e-01,3.567144045e+00,2.857142857e-01
1017,-1.735446277e+00,-4.503183867e+00,7.083429260e-02,0.000000000e+00,1.133304337e-02,-9.745356933e-01,-4.980242943e-01,3.570659670e+00,2.857142857e-01
1017,-1.733691330e+00,-4.495067051e+00,-1.892243475e-02,0.000000000e+00,1.025468605e-02,-9.745356933e-01,-4.980242943e-01,3.574147064e+00,2.857142857e-01
1017,-1.739139268e+00,-4.487788243e+00,-5.271311243e-01,0.000000000e+00,9.107576491e-03,-9.745356933e-01,-4.980242943e-01,3.577606677e+00,2.857142857e-01
1017,-1.764082885e+00,-4.481393068e+00,-1.001692198e+00,0.000000000e+00,7.907986763e-03,-9.745356933e-01,-4.980242943e-01,3.581038949e+00,2.857142857e-01
1017,-1.792271660e+00,-4.475916193e+00,-4.910277027e-01,0.000000000e+00,6.669052695e-03,-9.745356933e-01,-4.980242943e-01,3.584444307e+00,2.857142857e-01
1017,-1.789213941e+00,-4.471383515e+00,6.928955702e-01,0.000000000e+00,5.401452307e-03,-9.745356933e-01,-4.980242943e-01,3.587823171e+00,2.857142857e-01
1017,-1.760051680e+00,-4.467813902e+00,7.362605202e-01,0.000000000e+00,4.114174496e-03,-9.745356933e-01,-4.980242943e-01,3.591175950e+00,2.857142857e-01
1017,-1.749340642e+00,-4.465220548e+00,1.043079999e-01,0.000000000e+00,2.815846340e-03,-9.745356933e-01,-4.980242943e-01,3.594503044e+00,2.857142857e-01
1017,-1.753132855e+00,-4.463611992e+00,-4.305040212e-01,0.000000000e+00,1.520331059e-03,-9.745356933e-01,-4.980242943e-01,3.597804842e+00,2.857142857e-01
1017,-1.771818547e+00,-4.462992812e+00,-5.304937929e-01,0.000000000e+00,3.778967236e-04,-9.745356933e-01,-4.980242943e-01,3.601081728e+00,2.857142857e-01
1017,-1.777941370e+00,-4.463364056e+00,8.013179764e-02,0.000000000e+00,1.200707957e-03,-9.745356933e-01,-4.980242943e-01,3.604334073e+00,2.857142857e-01
1017,-1.768754049e+00,-4.464723402e+00,4.117352338e-01,0.000000000e+00,2.485813844e-03,-9.745356933e-01,-4.980242943e-01,3.607562243e+00,2.857142857e-01
1017,-1.759428401e+00,-4.467065071e+00,1.395378030e-01,0.000000000e+00,3.778595632e-03,-9.745356933e-01,-4.980242943e-01,3.610766595e+00,2.857142857e-01
1017,-1.759495924e+00,-4.470379484e+00,-5.672723071e-02,0.000000000e+00,5.060054413e-03,-9.745356933e-01,-4.980242943e-01,3.613947477e+00,2.857142857e-01
1017,-1.762217500e+00,-4.474652655e+00,-1.255049992e-01,0.000000000e+00,6.321277971e-03,-9.745356933e-01,-4.980242943e-01,3.617105231e+00,2.857142857e-01
1018,-1.001933607e+00,-4.361723590e+00,-1.677154673e+00,5.166666667e-01,7.258100127e-03,-6.447675756e-01,-1.004156338e+00,1.785329835e+00,8.571428571e-01
1018,-1.060433725e+00,-4.356955367e+00,-1.860727963e+00,2.333333333e-01,5.458288081e-03,-6.447675756e-01,-1.004156338e+00,1.959041392e+00,8.571428571e-01
1018,-1.099951225e+00,-4.353541054e+00,-2.274748574e+00,2.333333333e-01,3.671516633e-03,-6.447675756e-01,-1.004156338e+00,2.082785370e+00,8.571428571e-01
1018,-1.134528608e+00,-4.351475278e+00,-2.203192000e+00,2.000000000e-01,1.908586820e-03,-6.447675756e-01,-1.004156338e+00,2.178976947e+00,8.571428571e-01
1018,-1.167031220e+00,-4.350754682e+00,-1.947535062e+00,1.333333333e-01,4.658051852e-04,-6.447675756e-01,-1.004156338e+00,2.257678575e+00,8.571428571e-01
1018,-1.183367038e+00,-4.351378205e+00,-1.274481676e+00,1.000000000e-01,1.783725151e-03,-6.447675756e-01,-1.004156338e+00,2.324282455e+00,8.571428571e-01
1018,-1.201736774e+00,-4.353347180e+00,-9.291706213e-01,3.333333333e-02,3.544164713e-03,-6.447675756e-01,-1.004156338e+00,2.382017043e+00,8.571428571e-01
1018,-1.209173962e+00,-4.356665260e+00,-6.907850101e-01,0.000000000e+00,5.331311319e-03,-6.447675756e-01,-1.004156338e+00,2.432969291e+00,8.571428571e-01
1018,-1.205258499e+00,-4.361338152e+00,-6.539899742e-01,0.000000000e+00,7.132358362e-03,-6.447675756e-01,-1.004156338e+00,2.478566496e+00,8.571428571e-01
1018,-1.201123958e+00,-4.367373132e+00,-8.039982655e-01,0.000000000e+00,8.945916105e-03,-6.447675756e-01,-1.004156338e+00,2.519827994e+00,8.571428571e-01
1018,-1.182778798e+00,-4.374778290e+00,-7.944433095e-01,0.000000000e+00,1.077141354e-02,-6.447675756e-01,-1.004156338e+00,2.557507202e+00,8.571428571e-01
1018,-1.163559735e+00,-4.383561396e+00,-2.088336202e-01,0.000000000e+00,1.260706428e-02,-6.447675756e-01,-1.004156338e+00,2.592176757e+00,8.571428571e-01
1018,-1.152235156e+00,-4.393728259e+00,3.747825289e-01,0.000000000e+00,1.444871768e-02,-6.447675756e-01,-1.004156338e+00,2.624282096e+00,8.571428571e-01
1018,-1.155603119e+00,-4.405280397e+00,6.876869724e-01,0.000000000e+00,1.628865487e-02,-6.447675756e-01,-1.004156338e+00,2.654176542e+00,8.571428571e-01
1018,-1.167061453e+00,-4.418211733e+00,4.061300805e-01,0.000000000e+00,1.811404824e-02,-6.447675756e-01,-1.004156338e+00,2.682145076e+00,8.571428571e-01
1018,-1.155751080e+00,-4.432503973e+00,9.446905227e-03,0.000000000e+00,1.990490055e-02,-6.447675756e-01,-1.004156338e+00,2.708420900e+00,8.571428571e-01
1018,-1.136531061e+00,-4.448120192e+00,-4.446838144e-02,0.000000000e+00,2.163129056e-02,-6.447675756e-01,-1.004156338e+00,2.733197265e+00,8.571428571e-01
1018,-1.150997742e+00,-4.464996033e+00,-2.260833876e-01,0.000000000e+00,2.324976826e-02,-6.447675756e-01,-1.004156338e+00,2.756636108e+00,8.571428571e-01
1018,-1.159659201e+00,-4.483027853e+00,1.987984773e-02,0.000000000e+00,2.469882252e-02,-6.447675756e-01,-1.004156338e+00,2.778874472e+00,8.571428571e-01
1018,-1.168393195e+00,-4.502057139e+00,-4.617497212e-01,0.000000000e+00,2.589357080e-02,-6.447675756e-01,-1.004156338e+00,2.800029359e+00,8.571428571e-01
1018,-1.174049155e+00,-4.521850831e+00,-4.321545816e-01,0.000000000e+00,2.672033037e-02,-6.447675756e-01,-1.004156338e+00,2.820201459e+00,8.571428571e-01
1018,-1.196079841e+00,-4.542078004e+00,-9.100600532e-01,0.000000000e+00,2.703270692e-02,-6.447675756e-01,-1.004156338e+00,2.839478047e+00,8.571428571e-01
1018,-1.218285151e+00,-4.562285164e+00,-8.797985361e-01,0.000000000e+00,2.665242908e-02,-6.447675756e-01,-1.004156338e+00,2.857935265e+00,8.571428571e-01
1018,-1.284479809e+00,-4.581875572e+00,-1.799194945e+00,0.000000000e+00,2.538020862e-02,-6.447675756e-01,-1.004156338e+00,2.875639937e+00,8.571428571e-01
1018,-1.303321127e+00,-4.600102568e+00,-1.879058925e+00,0.000000000e+00,2.302339033e-02,-6.447675756e-01,-1.004156338e+00,2.892651034e+00,8.571428571e-01
1018,-1.432851935e+00,-4.616091395e+00,-3.121403055e+00,0.000000000e+00,1.944562199e-02,-6.447675756e-01,-1.004156338e+00,2.909020854e+00,8.571428571e-01
1018,-1.463706221e+00,-4.628904754e+00,-4.702503139e+00,0.000000000e+00,1.463646403e-02,-6.447675756e-01,-1.004156338e+00,2.924795996e+00,8.571428571e-01
1018,-1.715271610e+00,-4.637658399e+00,-6.141232522e+00,0.000000000e+00,8.793359080e-03,-6.447675756e-01,-1.004156338e+00,2.940018155e+00,8.571428571e-01
1018,-1.847558458e+00,-4.641671206e+00,-4.988719057e+00,0.000000000e+00,2.664008405e-03,-6.447675756e-01,-1.004156338e+00,2.954724791e+00,8.571428571e-01
1018,-2.084497919e+00,-4.640606888e+00,-1.161881111e+01,0.000000000e+00,5.120228348e-03,-6.447675756e-01,-1.004156338e+00,2.968949681e+00,8.571428571e-01
1018,-2.068522129e+00,-4.634552106e+00,1.198016942e+01,0.000000000e+00,1.133899275e-02,-6.447675756e-01,-1.004156338e+00,2.982723388e+00,8.571428571e-01
1018,-1.637792875e+00,-4.623995826e+00,5.993430823e+00,0.000000000e+00,1.680869198e-02,-6.447675756e-01,-1.004156338e+00,2.996073654e+00,8.571428571e-01
1018,-1.591032099e+00,-4.609719485e+00,4.367458417e+00,0.000000000e+00,2.113343187e-02,-6.447675756e-01,-1.004156338e+00,3.009025742e+00,8.571428571e-01
1018,-1.437172951e+00,-4.592645368e+00,1.874217711e+00,0.000000000e+00,2.421084247e-02,-6.447675756e-01,-1.004156338e+00,3.021602716e+00,8.571428571e-01
1018,-1.399726935e+00,-4.573696706e+00,2.093216069e+00,0.000000000e+00,2.611127865e-02,-6.447675756e-01,-1.004156338e+00,3.033825694e+00,8.571428571e-01
1018,-1.344264190e+00,-4.553701825e+00,5.539497678e-01,0.000000000e+00,2.700116862e-02,-6.447675756e-01,-1.004156338e+00,3.045714059e+00,8.571428571e-01
1018,-1.327353306e+00,-4.533347713e+00,6.240384748e-01,0.000000000e+00,2.708051276e-02,-6.447675756e-01,-1.004156338e+00,3.057285644e+00,8.571428571e-01
1018,-1.314044726e+00,-4.513171590e+00,1.106234400e-01,0.000000000e+00,2.654237886e-02,-6.447675756e-01,-1.004156338e+00,3.068556895e+00,8.571428571e-01
1018,-1.325259280e+00,-4.493574737e+00,-3.892240634e-01,0.000000000e+00,2.555282511e-02,-6.447675756e-01,-1.004156338e+00,3.079543007e+00,8.571428571e-01
1018,-1.330044833e+00,-4.474845706e+00,-3.012107699e-01,0.000000000e+00,2.424483440e-02,-6.447675756e-01,-1.004156338e+00,3.090258053e+00,8.571428571e-01
1018,-1.347187627e+00,-4.457184906e+00,-7.955984370e-01,0.000000000e+00,2.271990315e-02,-6.447675756e-01,-1.004156338e+00,3.100715087e+00,8.571428571e-01
1018,-1.376659067e+00,-4.440726602e+00,-1.296807170e+00,0.000000000e+00,2.105284675e-02,-6.447675756e-01,-1.004156338e+00,3.110926242e+00,8.571428571e-01
1018,-1.417691254e+00,-4.425556940e+00,-7.681574186e-01,0.000000000e+00,1.929730957e-02,-6.447675756e-01,-1.004156338e+00,3.120902818e+00,8.571428571e-01
1018,-1.431919353e+00,-4.411727957e+00,-1.544837505e+00,0.000000000e+00,1.749080459e-02,-6.447675756e-01,-1.004156338e+00,3.130655349e+00,8.571428571e-01
1018,-1.518045361e+00,-4.399268135e+00,-3.064342177e+00,0.000000000e+00,1.565887298e-02,-6.447675756e-01,-1.004156338e+00,3.140193679e+00,8.571428571e-01
1018,-1.569278093e+00,-4.388190158e+00,-3.766507903e-01,0.000000000e+00,1.381833038e-02,-6.447675756e-01,-1.004156338e+00,3.149527014e+00,8.571428571e-01
1018,-1.579066582e+00,-4.378496545e+00,-2.253213485e+00,0.000000000e+00,1.197972080e-02,-6.447675756e-01,-1.004156338e+00,3.158663981e+00,8.571428571e-01
1018,-1.722561104e+00,-4.370183698e+00,-5.874184716e+00,0.000000000e+00,1.014914510e-02,-6.447675756e-01,-1.004156338e+00,3.167612673e+00,8.571428571e-01
1018,-1.847134705e+00,-4.363244773e+00,-1.393311231e+00,0.000000000e+00,8.329637302e-03,-6.447675756e-01,-1.004156338e+00,3.176380692e+00,8.571428571e-01
1018,-1.864058186e+00,-4.357671718e+00,-1.507481926e+00,0.000000000e+00,6.522285373e-03,-6.447675756e-01,-1.004156338e+00,3.184975191e+00,8.571428571e-01
1018,-1.999661705e+00,-4.353456691e+00,-9.640415357e+00,0.000000000e+00,4.727476929e-03,-6.447675756e-01,-1.004156338e+00,3.193402903e+00,8.571428571e-01
1018,-2.258044622e+00,-4.350593030e+00,-3.517937234e+00,0.000000000e+00,2.947975366e-03,-6.447675756e-01,-1.004156338e+00,3.201670180e+00,8.571428571e-01
1018,-2.219983900e+00,-4.349075911e+00,3.324155603e+00,0.000000000e+00,1.214410943e-03,-6.447675756e-01,-1.004156338e+00,3.209783015e+00,8.571428571e-01
1018,-2.251548590e+00,-4.348902735e+00,-4.291910450e+00,0.000000000e+00,8.074919090e-04,-6.447675756e-01,-1.004156338e+00,3.217747073e+00,8.571428571e-01
1018,-2.282490342e+00,-4.350073336e+00,5.235032107e+00,0.000000000e+00,2.493677393e-03,-6.447675756e-01,-1.004156338e+00,3.225567713e+00,8.571428571e-01
1018,-2.025040898e+00,-4.352590003e+00,6.352376043e+00,0.000000000e+00,4.268086329e-03,-6.447675756e-01,-1.004156338e+00,3.233250010e+00,8.571428571e-01
1018,-1.970914480e+00,-4.356457331e+00,-3.929773008e-02,0.000000000e+00,6.060649222e-03,-6.447675756e-01,-1.004156338e+00,3.240798771e+00,8.571428571e-01
1018,-1.976755731e+00,-4.361681881e+00,4.757820671e-01,0.000000000e+00,7.866443617e-03,-6.447675756e-01,-1.004156338e+00,3.248218561e+00,8.571428571e-01
1018,-1.895445874e+00,-4.368271611e+00,4.573649968e+00,0.000000000e+00,9.684961295e-03,-6.447675756e-01,-1.004156338e+00,3.255513713e+00,8.571428571e-01
1018,-1.782637052e+00,-4.376234995e+00,1.693329165e+00,0.000000000e+00,1.151546157e-02,-6.447675756e-01,-1.004156338e+00,3.262688344e+00,8.571428571e-01
1018,-1.788623391e+00,-4.385579730e+00,-1.347996349e+00,0.000000000e+00,1.335554061e-02,-6.447675756e-01,-1.004156338e+00,3.269746373e+00,8.571428571e-01
1018,-1.813263080e+00,-4.396310886e+00,6.478694573e-01,0.000000000e+00,1.520002571e-02,-6.447675756e-01,-1.004156338e+00,3.276691529e+00,8.571428571e-01
1018,-1.746586406e+00,-4.408428260e+00,2.898300145e+00,0.000000000e+00,1.703967702e-02,-6.447675756e-01,-1.004156338e+00,3.283527365e+00,8.571428571e-01
1018,-1.693241667e+00,-4.421922652e+00,6.363641633e-01,0.000000000e+00,1.885947756e-02,-6.447675756e-01,-1.004156338e+00,3.290257269e+00,8.571428571e-01
1018,-1.702897041e+00,-4.436770664e+00,-9.875780776e-01,0.000000000e+00,2.063633404e-02,-6.447675756e-01,-1.004156338e+00,3.296884476e+00,8.571428571e-01
1018,-1.725699427e+00,-4.452927486e+00,-1.728991803e-01,0.000000000e+00,2.233601416e-02,-6.447675756e-01,-1.004156338e+00,3.303412071e+00,8.571428571e-01
1018,-1.710997965e+00,-4.470317050e+00,1.013205668e+00,0.000000000e+00,2.390917603e-02,-6.447675756e-01,-1.004156338e+00,3.309843005e+00,8.571428571e-01
1018,-1.684104304e+00,-4.488818844e+00,4.194473522e-01,0.000000000e+00,2.528646322e-02,-6.447675756e-01,-1.004156338e+00,3.316180099e+00,8.571428571e-01
1018,-1.684603056e+00,-4.508250748e+00,-2.797241326e-01,0.000000000e+00,2.637294749e-02,-6.447675756e-01,-1.004156338e+00,3.322426052e+00,8.571428571e-01
1018,-1.698380421e+00,-4.528347731e+00,-5.220836163e-01,0.000000000e+00,2.704285900e-02,-6.447675756e-01,-1.004156338e+00,3.328583450e+00,8.571428571e-01
1018,-1.715248031e+00,-4.548737330e+00,-6.379427166e-01,0.000000000e+00,2.713674422e-02,-6.447675756e-01,-1.004156338e+00,3.334654767e+00,8.571428571e-01
1018,-1.738127546e+00,-4.568915126e+00,-1.028523532e+00,0.000000000e+00,2.646503100e-02,-6.447675756e-01,-1.004156338e+00,3.340642378e+00,8.571428571e-01
1018,-1.777734216e+00,-4.588227163e+00,-1.572564569e+00,0.000000000e+00,2.482407383e-02,-6.447675756e-01,-1.004156338e+00,3.346548559e+00,8.571428571e-01
1018,-1.831201450e+00,-4.605871211e+00,-1.880915133e+00,0.000000000e+00,2.203158683e-02,-6.447675756e-01,-1.004156338e+00,3.352375495e+00,8.571428571e-01
1018,-1.890070703e+00,-4.620932623e+00,-2.146168748e+00,0.000000000e+00,1.798498967e-02,-6.447675756e-01,-1.004156338e+00,3.358125285e+00,8.571428571e-01
1018,-1.963024999e+00,-4.632468631e+00,-3.128140785e+00,0.000000000e+00,1.273700849e-02,-6.447675756e-01,-1.004156338e+00,3.363799945e+00,8.571428571e-01
1019,-1.136305749e+00,-4.600053571e+00,-1.143253033e+00,9.833333333e-01,2.166510764e-02,-1.189037788e+00,-1.613665621e+00,1.785329835e+00,0.000000000e+00
1019,-1.164663381e+00,-4.615268716e+00,-1.428079406e+00,1.000000000e+00,1.874951009e-02,-1.189037788e+00,-1.613665621e+00,1.959041392e+00,0.000000000e+00
1019,-1.208309574e+00,-4.627889876e+00,-1.716039653e+00,8.666666667e-01,1.480341873e-02,-1.189037788e+00,-1.613665621e+00,2.082785370e+00,0.000000000e+00
1019,-1.282121341e+00,-4.637165047e+00,-1.750084383e+00,7.333333333e-01,9.937625410e-03,-1.189037788e+00,-1.613665621e+00,2.178976947e+00,0.000000000e+00
1019,-1.309325339e+00,-4.642471855e+00,-2.829587355e+00,3.666666667e-01,4.490513972e-03,-1.189037788e+00,-1.613665621e+00,2.257678575e+00,0.000000000e+00
1019,-1.397518625e+00,-4.643427549e+00,-1.284582551e+00,0.000000000e+00,2.284926878e-03,-1.189037788e+00,-1.613665621e+00,2.324282455e+00,0.000000000e+00
1019,-1.495235522e+00,-4.639966040e+00,-4.162713327e+00,0.000000000e+00,7.619241632e-03,-1.189037788e+00,-1.613665621e+00,2.382017043e+00,0.000000000e+00
1019,-1.545483490e+00,-4.632351914e+00,-8.576701923e-03,0.000000000e+00,1.277111546e-02,-1.189037788e+00,-1.613665621e+00,2.432969291e+00,0.000000000e+00
1019,-1.611511614e+00,-4.621125585e+00,-3.909107514e+00,0.000000000e+00,1.710028824e-02,-1.189037788e+00,-1.613665621e+00,2.478566496e+00,0.000000000e+00
1019,-1.663936139e+00,-4.607001798e+00,9.583560996e-01,0.000000000e+00,2.042345311e-02,-1.189037788e+00,-1.613665621e+00,2.519827994e+00,0.000000000e+00
1019,-1.660273632e+00,-4.590757639e+00,-1.405831157e+00,0.000000000e+00,2.271971556e-02,-1.189037788e+00,-1.613665621e+00,2.557507202e+00,0.000000000e+00
1019,-1.657097844e+00,-4.573140419e+00,1.987035107e+00,0.000000000e+00,2.407379846e-02,-1.189037788e+00,-1.613665621e+00,2.592176757e+00,0.000000000e+00
1019,-1.678236428e+00,-4.554809404e+00,-2.235654644e+00,0.000000000e+00,2.462587761e-02,-1.189037788e+00,-1.613665621e+00,2.624282096e+00,0.000000000e+00
1019,-1.646273427e+00,-4.536310206e+00,3.767904115e+00,0.000000000e+00,2.453231562e-02,-1.189037788e+00,-1.613665621e+00,2.654176542e+00,0.000000000e+00
1019,-1.693292225e+00,-4.518072856e+00,-3.861952976e+00,0.000000000e+00,2.394092598e-02,-1.189037788e+00,-1.613665621e+00,2.682145076e+00,0.000000000e+00
1019,-1.699449133e+00,-4.500423441e+00,2.737315694e+00,0.000000000e+00,2.297885730e-02,-1.189037788e+00,-1.613665621e+00,2.708420900e+00,0.000000000e+00
1019,-1.672832595e+00,-4.483601358e+00,-2.855891083e+00,0.000000000e+00,2.174902363e-02,-1.189037788e+00,-1.613665621e+00,2.733197265e+00,0.000000000e+00
1019,-1.780454361e+00,-4.467777299e+00,-1.943684118e+00,0.000000000e+00,2.033128147e-02,-1.189037788e+00,-1.613665621e+00,2.756636108e+00,0.000000000e+00
1019,-1.743978024e+00,-4.453069449e+00,2.426442848e+00,0.000000000e+00,1.878569034e-02,-1.189037788e+00,-1.613665621e+00,2.778874472e+00,0.000000000e+00
1019,-1.749509494e+00,-4.439556976e+00,-3.375665117e+00,0.000000000e+00,1.715630097e-02,-1.189037788e+00,-1.613665621e+00,2.800029359e+00,0.000000000e+00
1019,-1.922616874e+00,-4.427290734e+00,-4.132148041e+00,0.000000000e+00,1.547470110e-02,-1.189037788e+00,-1.613665621e+00,2.820201459e+00,0.000000000e+00
1019,-1.942318544e+00,-4.416301502e+00,1.087239583e+00,0.000000000e+00,1.376302023e-02,-1.189037788e+00,-1.613665621e+00,2.839478047e+00,0.000000000e+00
