mean_ch0,std_ch0,slope_ch0,autocorr1_ch0,max_abs_ch0,cusum_range_ch0,mean_ch1,std_ch1,slope_ch1,autocorr1_ch1,max_abs_ch1,cusum_range_ch1,mean_nis,max_nis,corr_01,exceed_frac,label_index,label
-3.840599497e-03,1.006329750e+00,-2.524508172e-01,-3.371842874e-02,2.841008632e+00,1.111594145e+00,-1.067226689e-01,1.087373888e+00,-5.749033141e-01,-1.134913503e-01,2.603378295e+00,1.333633783e+00,2.206486015e+00,1.044975264e+01,6.016425104e-03,1.000000000e-02,0,none
-8.294149387e-02,9.509076838e-01,2.022656029e-01,-1.035248659e-01,2.841008632e+00,9.504012150e-01,-9.653908487e-02,1.094833538e+00,-2.430408382e-01,-5.643119556e-02,2.603378295e+00,1.471162877e+00,2.119084986e+00,1.044975264e+01,-3.911051751e-02,1.000000000e-02,0,none
-2.264660109e-02,1.018747365e+00,1.540502337e-01,-1.536868948e-01,2.841008632e+00,8.298114294e-01,-1.324102899e-01,1.073941393e+00,-1.072483021e-01,-6.305996502e-02,3.123061114e+00,1.313785905e+00,2.209241664e+00,1.044975264e+01,-3.375980262e-02,2.000000000e-02,0,none
1.582734559e-02,1.079549715e+00,-6.798393620e-02,-1.203853823e-01,3.053420432e+00,8.360917607e-01,-1.093398983e-01,1.032134971e+00,5.696436370e-01,-3.838653825e-02,3.123061114e+00,1.414839298e+00,2.242935904e+00,1.044975264e+01,-3.301518404e-02,3.000000000e-02,0,none
-1.209369714e-01,9.853117877e-01,-1.215437191e-02,-2.091602745e-02,2.266705465e+00,1.116045945e+00,-1.501159885e-01,9.137492945e-01,-1.146525974e-01,-7.385813392e-02,2.293842464e+00,7.911700307e-01,1.842937653e+00,5.796584378e+00,3.590381542e-02,0.000000000e+00,0,none
3.073601826e-02,9.985324774e-01,1.677181931e-01,3.291341304e-03,3.653522418e+00,9.632878925e-01,7.733216123e-02,1.080142366e+00,-4.041936404e-01,-6.973864334e-02,3.094863107e+00,1.913091891e+00,2.170699606e+00,1.435304811e+01,3.793715296e-03,2.000000000e-02,0,none
-4.674823604e-01,1.033758683e+00,-5.896041786e-01,1.502213991e-01,3.195174452e+00,1.275218755e+00,7.950233292e-01,1.136068669e+00,-2.736492706e-01,-1.065218447e-02,3.329394837e+00,1.129782965e+00,3.209910886e+00,1.237011410e+01,1.452919085e-01,6.000000000e-02,1,sensor_bias
-5.334759844e-01,9.956927078e-01,-6.125478826e-01,1.468897885e-01,2.647827405e+00,1.399088061e+00,7.855936863e-01,1.170143477e+00,-2.815255582e-01,-3.433651640e-02,3.329394837e+00,1.127241839e+00,3.262393792e+00,1.237011410e+01,1.260304959e-01,6.000000000e-02,1,sensor_bias
-5.632065915e-01,9.886897357e-01,-4.948299722e-01,6.053319046e-02,2.763420032e+00,1.362756226e+00,7.823444178e-01,1.139975955e+00,2.061929293e-01,-3.296163271e-02,3.256679225e+00,1.086248254e+00,3.206317024e+00,1.237011410e+01,1.027154301e-01,6.000000000e-02,1,sensor_bias
-6.657584272e-01,8.891388090e-01,-3.789409170e-01,-1.306795185e-01,3.100263155e+00,9.773224353e-01,8.202581219e-01,1.062956142e+00,3.713247491e-01,-4.916401985e-02,3.256679225e+00,8.025301601e-01,3.036501251e+00,1.168801931e+01,1.437078849e-01,6.000000000e-02,1,sensor_bias
1.858580314e-03,1.077047626e+00,-1.028498867e-01,1.646333212e-01,3.757544691e+00,1.560990788e+00,1.524807674e-01,1.020783617e+00,-4.499689586e-01,6.757447321e-02,3.486250749e+00,1.410994538e+00,2.225284621e+00,1.661789261e+01,-7.933329149e-02,3.000000000e-02,0,none
-6.141495334e-02,9.564757184e-01,-2.630911892e-03,-6.517640651e-02,2.456795433e+00,5.375878838e-01,-3.586400567e-02,9.890007091e-01,-4.067309923e-01,1.434296348e-01,2.442085939e+00,1.023730150e+00,1.898026226e+00,7.945596787e+00,1.909247219e-01,0.000000000e+00,0,none
-7.295524356e-02,9.908956555e-01,-9.411379704e-01,-3.594434172e-02,2.721405334e+00,1.624180328e+00,5.404396406e-01,1.053993283e+00,9.848940077e-01,1.647831195e-01,3.290231815e+00,1.555194222e+00,2.390173513e+00,1.094503872e+01,-3.486705625e-02,3.000000000e-02,2,sensor_drift
-1.510780800e-01,9.867061750e-01,-1.064358592e+00,-1.216081266e-02,2.721405334e+00,1.727092311e+00,6.672995658e-01,1.047759075e+00,9.743599555e-01,1.162543799e-01,3.292280585e+00,1.794508727e+00,2.539501452e+00,1.094503872e+01,4.080857270e-02,4.000000000e-02,2,sensor_drift
-2.562719580e-01,9.813025081e-01,-8.769979745e-01,2.849316550e-04,2.721405334e+00,1.648980747e+00,7.977920595e-01,1.024313953e+00,1.107942461e+00,1.368992151e-01,3.292280585e+00,1.781381509e+00,2.714321173e+00,1.094503872e+01,-6.951432328e-03,4.000000000e-02,2,sensor_drift
-5.425360485e-01,8.987141243e-01,-9.447221321e-01,6.845619294e-02,2.479183496e+00,1.285350175e+00,9.906792528e-01,1.061558890e+00,1.027698382e+00,1.400562522e-01,3.721513829e+00,2.012386062e+00,3.210385099e+00,1.400227724e+01,8.668673749e-02,5.000000000e-02,2,sensor_drift
4.507072327e-02,8.412315247e-01,5.950685227e-02,-1.521146918e-01,2.244369972e+00,8.364054832e-01,-1.056221417e-01,9.781965429e-01,3.151111493e-01,-1.532639576e-01,2.490256073e+00,7.706268752e-01,1.677726362e+00,9.276077254e+00,1.503132157e-01,1.000000000e-02,0,none
9.640419049e-03,9.026773907e-01,2.786855960e-01,1.511368407e-01,2.533165666e+00,1.198537692e+00,7.073813727e-02,9.548330069e-01,3.348231188e-02,-2.887333964e-02,2.073229124e+00,6.556544060e-01,1.731629364e+00,7.013194222e+00,-2.425476634e-01,0.000000000e+00,0,none
1.361871088e+00,1.441492449e+00,4.669974513e+00,9.720278868e-01,4.591799122e+00,6.219080813e+00,-4.070236895e-01,9.735944223e-01,-1.012789084e+00,3.025742294e-02,3.276304619e+00,1.646643279e+00,5.046147725e+00,2.844972576e+01,-3.246671780e-01,2.100000000e-01,3,sensor_stuck
1.850683693e+00,1.766030994e+00,5.954712023e+00,9.715557404e-01,5.570561006e+00,7.660999335e+00,-5.286073828e-01,9.812292749e-01,-1.347284256e+00,1.434837266e-01,3.276304619e+00,1.954874047e+00,7.786132261e+00,3.575159299e+01,-4.146137803e-01,3.100000000e-01,3,sensor_stuck
2.828061619e+00,2.182637235e+00,7.476629604e+00,9.707193732e-01,7.184692800e+00,9.467806975e+00,-7.791572476e-01,1.087162749e+00,-2.098738087e+00,2.534300786e-01,3.411066482e+00,2.780724894e+00,1.455084668e+01,5.507196490e+01,-5.656653591e-01,4.600000000e-01,3,sensor_stuck
4.928825949e+00,2.743176000e+00,9.455381972e+00,9.701021069e-01,1.018963319e+01,1.188507213e+01,-1.521488018e+00,1.432032276e+00,-3.726786744e+00,5.289952430e-01,5.392823003e+00,4.819587203e+00,3.618398203e+01,1.202015556e+02,-7.655209397e-01,7.100000000e-01,3,sensor_stuck
-2.612216439e-02,9.843863806e-01,6.073441290e-01,7.108996754e-02,2.756465011e+00,1.389272891e+00,-2.971159585e-02,9.411535176e-01,-2.562858579e-01,-1.070912583e-01,3.139317260e+00,1.275301716e+00,1.856351637e+00,9.862168834e+00,-3.549821540e-02,1.000000000e-02,0,none
-8.212846498e-02,9.765488851e-01,9.815427595e-02,7.394293038e-03,2.494600998e+00,1.319620730e+00,1.560922337e-01,8.986816007e-01,-4.635263996e-01,-4.574616178e-03,2.205597425e+00,9.529558312e-01,1.792386215e+00,7.008976858e+00,1.229889928e-01,0.000000000e+00,0,none
3.026623934e+00,1.987467203e+00,5.604311237e+00,6.783336936e-01,7.312990207e+00,7.252983196e+00,-5.431734107e+00,8.763452124e-01,2.663071694e+00,9.580501859e-01,6.408077262e+00,3.648292862e+00,4.338219466e+01,7.455008310e+01,6.033477918e-01,1.000000000e+00,4,sensor_dropout
3.529467609e+00,1.734005558e+00,4.439985440e+00,5.350078463e-01,7.312990207e+00,5.686255882e+00,-5.077398483e+00,1.167161425e+00,3.664766567e+00,9.661564347e-01,6.125588475e+00,4.957783613e+00,4.260615803e+01,7.455008310e+01,5.526460784e-01,1.000000000e+00,4,sensor_dropout
4.069240200e+00,1.350039837e+00,2.373918773e+00,2.575811459e-01,7.312990207e+00,3.752432910e+00,-4.400934955e+00,1.658527923e+00,5.512662401e+00,9.710524833e-01,6.125588475e+00,7.195742994e+00,4.050026671e+01,7.455008310e+01,4.021093729e-01,9.900000000e-01,4,sensor_dropout
4.238528007e+00,1.213028784e+00,-4.115574536e-01,1.064271414e-01,7.312990207e+00,2.893366737e+00,-2.776393183e+00,2.313045819e+00,7.952324288e+00,9.730844649e-01,5.939804633e+00,1.014556855e+01,3.249509856e+01,7.353456440e+01,-1.523576920e-01,9.500000000e-01,4,sensor_dropout
7.079790835e-02,1.009123253e+00,-2.405487168e-01,-4.409191943e-02,2.899723877e+00,1.154083406e+00,-1.236324617e-01,1.081992070e+00,-2.365214744e-01,-7.283336845e-03,2.739095954e+00,1.150925454e+00,2.209333909e+00,9.093478628e+00,1.921607712e-02,0.000000000e+00,0,none
5.240452935e-02,1.063065048e+00,-2.997457829e-01,-6.318771822e-02,2.678856478e+00,1.252257953e+00,1.013642269e-01,8.217891731e-01,-3.439120592e-01,-1.017977145e-02,2.233198478e+00,9.480237783e-01,1.818465682e+00,9.207442398e+00,5.916736547e-02,0.000000000e+00,0,none
1.434436549e+00,1.475536808e+00,3.829357519e+00,5.873095454e-01,5.171891534e+00,4.820705599e+00,2.686137508e+00,2.118000589e+00,6.079382721e+00,6.950867755e-01,7.330300074e+00,7.724134815e+00,1.593607829e+01,8.048176122e+01,6.522600457e-01,4.600000000e-01,5,actuator_loss_of_effectiveness
1.917456762e+00,1.643520538e+00,4.413852137e+00,6.624739032e-01,5.991161419e+00,5.855108255e+00,3.305250293e+00,2.237524163e+00,6.580834763e+00,7.179969844e-01,8.178699215e+00,8.556713810e+00,2.230899407e+01,8.232173305e+01,6.772262718e-01,5.600000000e-01,5,actuator_loss_of_effectiveness
2.587123057e+00,1.889048421e+00,5.493264488e+00,7.123983921e-01,6.971245181e+00,7.287387976e+00,4.334647165e+00,2.539763935e+00,7.842040456e+00,7.768209062e-01,9.463652866e+00,1.016090067e+01,3.550127654e+01,1.381589849e+02,7.443440994e-01,7.000000000e-01,5,actuator_loss_of_effectiveness
4.151279842e+00,2.355320549e+00,7.386510608e+00,8.079257167e-01,9.934849378e+00,9.569962200e+00,6.446144686e+00,2.880989814e+00,9.087359540e+00,8.329212582e-01,1.334341720e+01,1.147829524e+01,7.263354283e+01,2.282004088e+02,8.128034662e-01,9.100000000e-01,5,actuator_loss_of_effectiveness
5.787632625e-02,9.226011869e-01,6.678912130e-01,4.540449533e-02,2.433308836e+00,1.480587688e+00,8.521945057e-02,8.868339988e-01,-2.945312402e-01,5.790270025e-02,2.119132060e+00,8.716206540e-01,1.648279516e+00,6.434640134e+00,-7.340980548e-03,0.000000000e+00,0,none
1.150886115e-03,9.687182171e-01,-6.138844916e-01,-1.863682388e-02,2.360475717e+00,1.371171865e+00,3.028113560e-02,9.823567410e-01,-2.301967172e-02,-6.031965048e-02,2.786409365e+00,1.020637316e+00,1.904358023e+00,8.434234717e+00,-1.586789696e-01,0.000000000e+00,0,none
-3.724491853e-01,1.104005100e+00,-2.030529895e+00,3.123474125e-01,3.743213005e+00,3.077443330e+00,-6.524045707e-01,1.289977995e+00,-2.877658545e+00,5.204008945e-01,3.771107401e+00,3.874231034e+00,3.447220608e+00,2.568963778e+01,3.133068186e-01,9.000000000e-02,6,actuator_stuck
-5.703087712e-01,1.109454787e+00,-2.165501932e+00,3.093178446e-01,3.743213005e+00,3.328407051e+00,-1.028072726e+00,1.525573023e+00,-4.003041059e+00,6.828671690e-01,5.298947360e+00,5.413223028e+00,4.940448597e+00,2.808298298e+01,3.964192678e-01,1.700000000e-01,6,actuator_stuck
-8.962923535e-01,1.147926904e+00,-2.428781215e+00,3.669956296e-01,3.743213005e+00,3.516666811e+00,-1.786236614e+00,1.947725315e+00,-5.632903126e+00,7.411825867e-01,7.035058826e+00,7.338631339e+00,9.105351304e+00,5.742244900e+01,5.323040524e-01,3.200000000e-01,6,actuator_stuck
-1.866861250e+00,1.617343356e+00,-4.359396325e+00,6.678035588e-01,5.835923010e+00,5.601734102e+00,-3.539859995e+00,2.677909038e+00,-8.569828868e+00,8.559751615e-01,9.775973734e+00,1.100140954e+01,2.580277606e+01,1.165054167e+02,7.500166604e-01,5.700000000e-01,6,actuator_stuck
-1.291156642e-01,1.045972345e+00,1.904919787e-01,-6.306462424e-02,2.509548515e+00,1.163220455e+00,-1.537188853e-01,9.101134058e-01,-1.543115062e-01,-1.021829479e-01,2.129540493e+00,1.076489938e+00,1.962664908e+00,6.824365104e+00,-1.514509310e-01,0.000000000e+00,0,none
1.218937486e-01,1.061084546e+00,2.164261744e-01,-1.254759419e-01,2.602031908e+00,9.515510614e-01,3.263212160e-02,1.016798730e+00,-9.461512292e-01,2.452354597e-01,2.749398490e+00,1.735664689e+00,2.175703013e+00,8.294746774e+00,-8.401758258e-02,0.000000000e+00,0,none
3.352581395e-01,8.935490513e-01,1.036269493e+00,9.106452406e-02,2.235634549e+00,1.572558096e+00,4.559286816e-01,9.334365761e-01,9.519746796e-01,7.105621205e-02,2.260117086e+00,1.619883128e+00,1.990002732e+00,6.495319083e+00,1.488908137e-01,0.000000000e+00,7,actuator_runaway
4.555247036e-01,9.584686952e-01,9.763756413e-01,-1.861279238e-02,3.116030810e+00,1.343603041e+00,6.006629388e-01,8.828596916e-01,9.975221289e-01,9.740103626e-02,2.289348045e+00,1.682235889e+00,2.266402196e+00,1.077437330e+01,7.624801261e-02,1.000000000e-02,7,actuator_runaway
5.819433691e-01,1.031687850e+00,1.257935735e+00,5.198809025e-02,3.435681820e+00,1.604976494e+00,8.288316983e-01,9.727761995e-01,1.808253667e+00,3.143846681e-01,3.144510542e+00,2.333515275e+00,3.036293423e+00,1.613653862e+01,9.825310439e-02,5.000000000e-02,7,actuator_runaway
9.040347220e-01,1.058323705e+00,1.240909289e+00,1.761066509e-02,3.435681820e+00,1.940180655e+00,1.255601917e+00,8.977345264e-01,1.785536031e+00,3.801525615e-01,4.231496525e+00,2.662533424e+00,4.319791296e+00,1.790626129e+01,6.643054606e-02,9.000000000e-02,7,actuator_runaway
6.975346303e-02,1.000412065e+00,-2.906483643e-01,7.018454769e-02,2.693002335e+00,1.264696880e+00,1.691681626e-02,9.522267911e-01,1.196623701e-01,-8.967488201e-03,2.547944163e+00,1.133689837e+00,1.912711886e+00,8.010985184e+00,-1.609408450e-01,0.000000000e+00,0,none
9.535926004e-02,9.657530426e-01,2.624375664e-01,1.316188386e-01,2.518513774e+00,1.470259717e+00,-1.025320535e-01,9.527828651e-01,-6.394318648e-01,-6.378895848e-02,3.363299820e+00,1.076649486e+00,1.860080338e+00,1.173736338e+01,1.499918262e-01,1.000000000e-02,0,none
8.282737647e-02,1.061675747e+00,-2.582122019e-01,-1.728938391e-01,2.451257287e+00,8.359506513e-01,1.131908867e-01,9.209192927e-01,-8.062484152e-02,-3.442095588e-02,2.405186371e+00,1.078879890e+00,1.994920286e+00,6.827115148e+00,4.405088617e-02,0.000000000e+00,0,none
3.048742808e-02,1.057506675e+00,-2.263459923e-01,-1.563384486e-01,2.451257287e+00,5.953703092e-01,5.135953555e-02,9.048476033e-01,-4.245812424e-01,-3.403539320e-03,2.087238540e+00,7.156203838e-01,1.940636838e+00,6.827115148e+00,9.556411080e-02,0.000000000e+00,0,none
-4.096175826e-03,1.050250991e+00,-8.202342968e-03,-1.318926738e-01,2.451257287e+00,6.903574020e-01,-8.478342882e-02,8.953665168e-01,-5.312173841e-01,5.093476357e-02,2.630496026e+00,1.373012470e+00,1.911913352e+00,7.419468956e+00,9.578922647e-02,0.000000000e+00,0,none
-1.587674636e-02,1.015040102e+00,-3.018089584e-01,-8.164433725e-02,2.451257287e+00,6.941086101e-01,-9.670170736e-02,9.498772979e-01,-3.644210925e-01,2.246474463e-01,2.630496026e+00,1.347475634e+00,1.942176581e+00,7.419468956e+00,8.048961633e-02,0.000000000e+00,0,none
2.197534511e-02,1.186323153e+00,-1.061308032e+00,2.728576178e-02,2.593587975e+00,2.210581737e+00,5.970045098e-02,9.547301478e-01,6.924770537e-02,-8.959244026e-02,2.379723393e+00,9.542210486e-01,2.322919338e+00,9.325850533e+00,-3.556445108e-02,1.000000000e-02,0,none
4.252954586e-02,9.421861644e-01,1.405348846e-01,1.058195163e-01,2.495134057e+00,1.245783618e+00,-1.982795530e-02,9.250923610e-01,1.189106283e-01,-2.659522209e-03,2.795106306e+00,7.688722589e-01,1.745712555e+00,9.790301448e+00,-5.622780649e-02,1.000000000e-02,0,none
1.302710187e+00,1.066271239e+00,1.916411384e+00,2.121923576e-01,3.971202568e+00,2.401120651e+00,-2.371979997e+00,1.047317927e+00,1.060179177e+00,-4.003047566e-03,5.495490068e+00,1.704396019e+00,9.557152135e+00,3.072360533e+01,1.228478561e-01,4.600000000e-01,1,sensor_bias
1.518413535e+00,9.647200977e-01,1.481705085e+00,2.268533557e-01,3.971202568e+00,2.195536233e+00,-2.294628610e+00,9.964592682e-01,3.609460166e-01,-1.414652425e-01,4.288334133e+00,1.289700408e+00,9.494516062e+00,2.366955865e+01,2.519715950e-02,4.600000000e-01,1,sensor_bias
1.700929322e+00,9.516517975e-01,1.190538870e+00,1.349632076e-01,3.971202568e+00,1.904054579e+00,-2.242896167e+00,1.008262298e+00,-1.937079262e-02,-1.626903556e-01,4.113500597e+00,9.741325058e-01,9.845977783e+00,2.366955865e+01,-2.515254756e-02,4.800000000e-01,1,sensor_bias
1.951172412e+00,9.414497776e-01,1.192893772e+00,1.977716948e-01,4.169937212e+00,1.956845385e+00,-2.250759862e+00,1.006175657e+00,-3.698971162e-01,-1.247083890e-01,4.262363345e+00,1.203058921e+00,1.077171088e+01,3.555611763e+01,-3.734687016e-02,5.300000000e-01,1,sensor_bias
-9.929022951e-02,9.043806474e-01,-1.760451090e-01,4.794703390e-02,2.346975364e+00,1.277732665e+00,1.003494083e-01,1.076632042e+00,-4.714326445e-01,5.146935223e-02,2.817237384e+00,1.163274216e+00,1.996969463e+00,9.224259883e+00,-7.037438307e-02,1.000000000e-02,0,none
6.442599684e-02,9.613248608e-01,7.354013032e-01,1.511154289e-01,2.368428488e+00,1.391942664e+00,9.762275788e-02,9.633169432e-01,-6.287771982e-02,-1.171038307e-01,3.116414174e+00,1.476226500e+00,1.865805933e+00,1.238287605e+01,1.200783777e-01,1.000000000e-02,0,none
1.422194893e-01,8.617564124e-01,7.313778813e-01,-5.388680492e-02,2.236716733e+00,1.260160198e+00,-7.554862288e-01,1.120110651e+00,-1.542837813e+00,2.628677203e-01,3.168418275e+00,2.411222660e+00,2.588257811e+00,1.199963679e+01,-3.251042210e-02,1.000000000e-02,2,sensor_drift
2.422806024e-01,8.585258683e-01,5.517295266e-01,-1.157138214e-01,2.120805064e+00,1.024735096e+00,-9.268176666e-01,9.892073691e-01,-7.481266035e-01,1.034262021e-01,3.168418275e+00,1.618208421e+00,2.633288763e+00,1.199963679e+01,1.534423666e-02,1.000000000e-02,2,sensor_drift
3.967996335e-01,8.774905547e-01,9.267111937e-01,5.847473628e-02,2.472950130e+00,1.363398882e+00,-9.985524670e-01,9.053273773e-01,-3.594995403e-01,1.598344211e-01,3.168418275e+00,1.333582094e+00,2.744164312e+00,1.199963679e+01,-3.017443224e-02,1.000000000e-02,2,sensor_drift
6.310155098e-01,9.142473225e-01,1.260110158e+00,1.359752462e-01,2.644626666e+00,1.912772905e+00,-1.296577487e+00,9.860833713e-01,-7.641105849e-01,2.213829954e-01,3.721111777e+00,1.736595771e+00,3.887502335e+00,1.725879377e+01,-8.153843367e-02,6.000000000e-02,2,sensor_drift
4.637806629e-02,1.106762530e+00,-3.286127702e-01,-1.020507984e-01,3.128818065e+00,1.482530122e+00,-4.821348142e-02,9.379423535e-01,6.310447372e-01,3.396547154e-02,2.856410681e+00,1.221172093e+00,2.109134622e+00,9.831394761e+00,-9.258933086e-02,1.000000000e-02,0,none
-6.122889979e-02,1.034375362e+00,-7.612861207e-01,1.350792377e-02,3.174219015e+00,1.596690717e+00,-1.173609506e-01,9.584873097e-01,3.392277060e-01,-1.264854264e-01,2.730599725e+00,8.641687595e-01,2.006152883e+00,1.468001718e+01,-5.838130627e-02,3.000000000e-02,0,none
5.066530250e+00,3.224437010e+00,1.116895186e+01,9.694551117e-01,1.072220981e+01,1.395547294e+01,-1.422888739e+00,1.580596908e+00,-4.398898720e+00,6.809894041e-01,5.221215281e+00,5.527146216e+00,4.058962175e+01,1.365699728e+02,-8.020975955e-01,6.900000000e-01,3,sensor_stuck
6.194437871e+00,3.262212033e+00,1.129930085e+01,9.699052711e-01,1.191052980e+01,1.410380194e+01,-1.879650209e+00,1.632116405e+00,-4.548641639e+00,6.517033171e-01,6.034380461e+00,5.630605653e+00,5.520997676e+01,1.740317047e+02,-8.036143319e-01,7.900000000e-01,3,sensor_stuck
7.911500127e+00,3.336217995e+00,1.155520245e+01,9.699677844e-01,1.380285221e+01,1.444059289e+01,-2.667273524e+00,1.817156604e+00,-5.282289042e+00,7.411125132e-01,7.578839990e+00,6.505307250e+00,8.413859095e+01,2.440086000e+02,-8.399623773e-01,9.400000000e-01,3,sensor_stuck
1.087915174e+01,3.492387331e+00,1.209408034e+01,9.702538430e-01,1.698982610e+01,1.511129277e+01,-4.448594564e+00,2.505692183e+00,-7.814100670e+00,8.431010228e-01,1.002524185e+01,1.023893723e+01,1.566211988e+02,3.839680719e+02,-9.048159808e-01,1.000000000e+00,3,sensor_stuck
-1.019515437e-01,9.711776316e-01,-7.360578601e-02,-5.576840549e-02,2.922844078e+00,1.022906172e+00,-6.406357836e-02,9.346157963e-01,-5.150531605e-01,1.329127050e-01,2.524716673e+00,1.557575942e+00,1.831190938e+00,8.600908410e+00,-3.120701721e-02,0.000000000e+00,0,none
2.248651539e-02,9.942530967e-01,-6.219538642e-01,-4.337144235e-02,2.463939648e+00,1.209304579e+00,1.329803031e-01,1.045817138e+00,7.449116838e-02,3.445882715e-04,3.108270066e+00,1.158526280e+00,2.100462111e+00,1.038465708e+01,-1.314292053e-01,1.000000000e-02,0,none
-2.696820022e+00,1.758942280e+00,-5.195744773e+00,6.938878979e-01,6.397220277e+00,6.597620494e+00,5.542902726e+00,8.657070319e-01,2.805431010e+00,9.766597103e-01,6.421023384e+00,3.811089152e+00,4.183993547e+01,8.149953016e+01,-8.232100412e-01,1.000000000e+00,4,sensor_dropout
-3.198536139e+00,1.732191256e+00,-4.796257849e+00,6.393150231e-01,8.162305798e+00,6.154100627e+00,5.747884045e+00,6.807766676e-01,1.963289342e+00,9.706476999e-01,6.421023384e+00,2.866317007e+00,4.673274784e+01,1.031515665e+02,-7.038955831e-01,1.000000000e+00,4,sensor_dropout
-3.786586084e+00,1.610812234e+00,-4.037792459e+00,5.322866544e-01,8.162305798e+00,5.632856993e+00,5.908858264e+00,4.395061050e-01,4.266958179e-01,9.539696025e-01,6.421023384e+00,1.864974698e+00,5.204072183e+01,1.031515665e+02,-3.903404880e-01,1.000000000e+00,4,sensor_dropout
-4.678336511e+00,1.440611475e+00,-2.805490959e+00,3.956124787e-01,8.507207815e+00,3.844693957e+00,5.700712475e+00,7.435451679e-01,-2.212414135e+00,9.656098522e-01,6.421023384e+00,3.130296807e+00,5.701317607e+01,1.031515665e+02,3.626825650e-01,1.000000000e+00,4,sensor_dropout
1.057956379e-01,1.002587346e+00,-4.268565624e-01,1.159123812e-01,3.233297483e+00,8.323678050e-01,-1.274483820e-01,9.452166511e-01,1.029854864e-01,-5.921940892e-02,2.322194717e+00,1.169736749e+00,1.926051711e+00,1.180224344e+01,3.857482454e-02,2.000000000e-02,0,none
5.708086754e-02,8.934131158e-01,4.342826690e-01,1.125734201e-01,2.369778421e+00,1.163532744e+00,-7.775562325e-02,9.877084031e-01,3.635221080e-01,-3.727329698e-02,2.293067724e+00,1.413627493e+00,1.783059048e+00,8.463874370e+00,-9.455168973e-03,0.000000000e+00,0,none
5.019044347e-02,9.498032129e-01,-3.146224832e-01,-2.687889533e-01,2.571084092e+00,1.002091425e+00,-1.516777201e-02,9.417032442e-01,1.034574897e-02,-4.723953459e-02,2.877685450e+00,9.003866995e-01,1.791680285e+00,8.923032521e+00,3.235118572e-02,0.000000000e+00,5,actuator_loss_of_effectiveness
3.673447484e-02,9.419774229e-01,-1.244362813e-01,-2.527629007e-01,2.571084092e+00,9.496131475e-01,-3.826406521e-03,9.498487517e-01,-5.394002166e-01,-4.147147160e-02,2.877685450e+00,8.119240488e-01,1.790898179e+00,8.923032521e+00,3.302051427e-02,0.000000000e+00,5,actuator_loss_of_effectiveness
6.584892318e-03,9.593000554e-01,-8.274839041e-02,-2.272441927e-01,2.571084092e+00,8.474007858e-01,-7.663210641e-02,9.041486504e-01,-9.689682682e-02,-8.596574134e-02,2.517762086e+00,8.331535334e-01,1.743657219e+00,6.619411280e+00,3.250898194e-03,0.000000000e+00,5,actuator_loss_of_effectiveness
1.114798526e-01,9.891975470e-01,6.531538410e-01,-4.208483179e-03,2.649878783e+00,1.418721320e+00,3.787579012e-02,1.015423784e+00,4.288674553e-01,-7.187751723e-02,2.704926839e+00,1.382030337e+00,2.023459582e+00,1.056759332e+01,7.545958328e-02,1.000000000e-02,5,actuator_loss_of_effectiveness
6.752353603e-02,1.024944879e+00,-4.170059591e-01,7.595702541e-02,2.635898955e+00,1.067883385e+00,-6.390217691e-02,8.787204376e-01,3.412641979e-02,-1.779516957e-02,2.128719609e+00,6.892683261e-01,1.831304528e+00,1.147941047e+01,-1.362736413e-01,1.000000000e-02,0,none
-1.370193230e-01,9.904213936e-01,4.842395809e-01,-1.086068049e-02,2.925892815e+00,1.053443989e+00,4.134306892e-02,9.376876903e-01,-1.460665722e-01,-6.961740459e-03,2.459126508e+00,8.737694461e-01,1.880676286e+00,9.106367072e+00,-8.455386079e-02,0.000000000e+00,0,none
-2.714060339e-01,1.128606912e+00,-1.685713325e+00,8.458193623e-02,2.972857671e+00,2.853536381e+00,-1.067061221e+00,1.295036615e+00,-3.062142895e+00,4.666181833e-01,4.336894488e+00,4.168435579e+00,4.163154282e+00,2.389611504e+01,3.971994566e-01,1.100000000e-01,6,actuator_stuck
-5.102329111e-01,1.192991570e+00,-2.240020169e+00,1.926268589e-01,2.972857671e+00,3.302888746e+00,-1.449250536e+00,1.498428744e+00,-4.046771249e+00,6.178964456e-01,4.650590888e+00,5.083011575e+00,6.029182328e+00,2.936930237e+01,5.157527199e-01,2.100000000e-01,6,actuator_stuck
-9.237332872e-01,1.429620499e+00,-3.565372148e+00,4.380988480e-01,4.189989385e+00,4.637089233e+00,-2.182720192e+00,1.710246179e+00,-4.981530641e+00,7.617832961e-01,6.100656986e+00,6.419870550e+00,1.058630738e+01,5.103688900e+01,6.786735261e-01,3.600000000e-01,6,actuator_stuck
-1.937710361e+00,1.731905561e+00,-4.983004739e+00,6.325525019e-01,6.323832180e+00,6.272734876e+00,-3.708080767e+00,2.308241574e+00,-7.201442498e+00,8.071352692e-01,9.487493162e+00,9.299588463e+00,2.583206045e+01,1.258197019e+02,7.793622438e-01,6.100000000e-01,6,actuator_stuck
2.029024706e-02,9.638324563e-01,3.210235944e-01,-1.393716284e-01,2.428108420e+00,8.189684789e-01,-8.314030763e-02,8.777223539e-01,-2.829605123e-01,-1.566895968e-01,2.418660953e+00,6.408020986e-01,1.706693539e+00,6.745347561e+00,4.357136691e-02,0.000000000e+00,0,none
-2.468442992e-02,1.075556208e+00,8.896623426e-01,2.157333413e-01,2.762362238e+00,2.147013340e+00,-1.149339008e-01,9.596978262e-01,6.081318420e-02,-9.892706307e-02,2.821073832e+00,9.061669894e-01,2.091660198e+00,8.074251145e+00,-5.924080232e-02,0.000000000e+00,0,none
-2.210948075e-01,9.736160308e-01,-6.734131268e-01,1.333362441e-01,3.358203515e+00,1.034611934e+00,-3.688997221e-01,1.059341652e+00,-1.490109727e+00,1.977844761e-01,2.927221189e+00,2.352653612e+00,2.255102830e+00,1.181283459e+01,1.090307620e-01,1.000000000e-02,7,actuator_runaway
-2.998831130e-01,1.011073799e+00,-9.545316834e-01,1.734195314e-01,3.358203515e+00,1.430850183e+00,-4.889820479e-01,1.085655295e+00,-1.643138273e+00,2.230327684e-01,2.948096994e+00,2.464327172e+00,2.529950971e+00,1.181283459e+01,9.699458462e-02,2.000000000e-02,7,actuator_runaway
-4.562451832e-01,1.074596689e+00,-1.239753318e+00,1.497347311e-01,3.728715730e+00,1.802569593e+00,-7.070018602e-01,1.046903827e+00,-1.230874690e+00,1.629023585e-01,3.519361479e+00,1.880302076e+00,2.958776966e+00,1.826528247e+01,9.718868848e-02,4.000000000e-02,7,actuator_runaway
-6.716635486e-01,1.107804853e+00,-1.361087266e+00,1.274568070e-01,3.728715730e+00,2.123643798e+00,-9.791392172e-01,9.437628126e-01,-6.497599977e-01,7.383611072e-02,3.519361479e+00,1.069688933e+00,3.527765368e+00,1.826528247e+01,1.303284154e-02,6.000000000e-02,7,actuator_runaway
5.691774037e-02,1.052290658e+00,-2.445171025e-01,-6.449175126e-02,3.364284263e+00,1.195161908e+00,2.205651218e-02,1.045231904e+00,1.773301049e-01,-3.821574653e-02,2.856583389e+00,1.165235451e+00,2.203551480e+00,1.235075780e+01,4.998103351e-02,2.000000000e-02,0,none
-4.596935952e-02,1.063811165e+00,-3.091203900e-02,-7.291449696e-02,2.731657501e+00,1.345964930e+00,-4.956141346e-02,9.801419398e-01,-2.576557450e-01,-1.087576764e-01,2.446597306e+00,7.160971583e-01,2.096941932e+00,1.007722840e+01,-6.651561491e-02,1.000000000e-02,0,none
1.082591980e-02,9.284809257e-01,-2.997270241e-01,2.543086661e-02,2.091464660e+00,1.282336006e+00,7.398439284e-02,9.671876219e-01,6.399186492e-01,-1.338532378e-01,2.568322734e+00,1.776676498e+00,1.803119616e+00,9.601506117e+00,2.688323766e-02,1.000000000e-02,0,none
3.865676125e-02,9.758722308e-01,-7.920821180e-02,4.828541995e-02,2.960995606e+00,1.331483014e+00,6.880102976e-02,9.894816119e-01,9.410904678e-01,-1.939362110e-01,2.568322734e+00,1.731367353e+00,1.937628398e+00,1.181354975e+01,-7.595078022e-02,2.000000000e-02,0,none
7.266836249e-02,9.738362176e-01,9.163443211e-02,9.711772978e-02,2.960995606e+00,1.409709697e+00,6.654560647e-02,1.058685896e+00,1.835045515e-01,-1.699279961e-01,2.769376169e+00,1.741065673e+00,2.078881814e+00,1.181354975e+01,-2.644437897e-02,2.000000000e-02,0,none
8.943895964e-03,9.438802933e-01,2.711235060e-01,1.959533340e-01,2.960995606e+00,1.263143424e+00,8.043830439e-02,1.088499013e+00,-2.235637936e-01,-1.983626313e-01,2.769376169e+00,1.681327072e+00,2.082290422e+00,1.181354975e+01,-2.386701157e-02,2.000000000e-02,0,none
-3.817577073e-02,9.245678288e-01,4.973284945e-01,-1.066163398e-01,2.193093921e+00,1.249260087e+00,4.090049906e-02,1.022576323e+00,-1.883118810e-01,3.914290712e-02,2.373652899e+00,1.012428997e+00,1.903618247e+00,8.710396211e+00,6.368490357e-02,0.000000000e+00,0,none
1.308912708e-02,9.476969844e-01,4.184307792e-02,-2.718132486e-01,2.658503945e+00,6.232101909e-01,-2.052124104e-01,1.072627577e+00,7.306433992e-02,-1.097233882e-01,4.327277941e+00,6.344013575e-01,2.090942952e+00,1.984023343e+01,1.122985741e-01,1.000000000e-02,0,none
-2.982097409e+00,1.775279799e+00,-4.687010502e+00,6.459030867e-01,6.644714004e+00,6.577678591e+00,4.997217992e+00,1.203406482e+00,-2.335051399e+00,3.557902463e-01,7.928197410e+00,3.165189468e+00,3.846489814e+01,7.036361605e+01,3.780473051e-01,1.000000000e+00,1,sensor_bias
-3.384398215e+00,1.583711920e+00,-3.756113771e+00,5.690610819e-01,6.644714004e+00,5.081512873e+00,4.783750287e+00,1.068771158e+00,-1.461129811e+00,1.985959699e-01,7.001567300e+00,2.403489392e+00,3.798883332e+01,7.036361605e+01,2.251078406e-01,1.000000000e+00,1,sensor_bias
-3.929198506e+00,1.284961212e+00,-2.404238802e+00,4.115891592e-01,6.689988626e+00,3.199534710e+00,4.589417694e+00,9.786223854e-01,-5.629085898e-01,4.413187199e-02,6.678678343e+00,1.435502759e+00,3.911018276e+01,7.036361605e+01,-6.402055846e-02,1.000000000e+00,1,sensor_bias
-4.382793207e+00,9.601546044e-01,-1.004533104e+00,1.217359605e-01,6.689988626e+00,1.714303627e+00,4.577712204e+00,9.248088638e-01,8.026984190e-01,-8.141233523e-02,6.964864759e+00,1.208468511e+00,4.194149362e+01,7.036361605e+01,-1.504277440e-01,1.000000000e+00,1,sensor_bias
1.721774115e-01,1.152153695e+00,-6.884369527e-01,8.130521551e-02,2.862661068e+00,1.358795243e+00,8.230224389e-02,1.043407406e+00,4.379665640e-01,1.636281777e-01,2.791786031e+00,1.180410205e+00,2.452575872e+00,1.124801904e+01,3.121791080e-02,1.000000000e-02,0,none
1.321066906e-01,1.034780046e+00,2.707941929e-01,-3.316667639e-02,2.318885813e+00,8.608541388e-01,1.479187539e-01,1.003734639e+00,3.174964298e-01,7.227817944e-02,2.556810412e+00,9.473147778e-01,2.117585105e+00,8.439920930e+00,-6.683137509e-02,0.000000000e+00,0,none
-2.305343318e-01,9.612863278e-01,-3.815337368e-01,-6.251098529e-02,2.581879525e+00,9.622383421e-01,5.425073065e-01,1.058095537e+00,1.340961828e+00,1.480297583e-01,3.886665627e+00,2.086505175e+00,2.391097825e+00,1.511400070e+01,4.809070480e-02,2.000000000e-02,2,sensor_drift
-2.469754247e-01,9.318450047e-01,-1.153905151e-01,-6.707004542e-02,2.581879525e+00,8.687898842e-01,7.577067775e-01,1.039918067e+00,1.322692376e+00,1.404280346e-01,3.886665627e+00,2.008486096e+00,2.584881120e+00,1.511400070e+01,7.460973041e-02,2.000000000e-02,2,sensor_drift
-2.934086618e-01,8.953059830e-01,2.799587426e-02,-5.145829241e-02,2.346510169e+00,8.177133233e-01,9.414415881e-01,1.059560151e+00,1.469778303e+00,1.717499295e-01,3.886665627e+00,2.145142894e+00,2.896641423e+00,1.511400070e+01,7.693175755e-02,2.000000000e-02,2,sensor_drift
-3.941172169e-01,8.906926514e-01,-5.283938569e-01,-1.349635056e-01,2.911513404e+00,1.097217369e+00,1.253824367e+00,1.044982039e+00,1.096936556e+00,7.118314035e-02,3.886665627e+00,1.897877531e+00,3.612724784e+00,1.511400070e+01,-3.683019872e-02,6.000000000e-02,2,sensor_drift
2.165983075e-02,9.810594673e-01,-9.114322739e-02,-3.352486280e-02,3.549104009e+00,9.815714284e-01,-3.258059224e-02,8.525947202e-01,-2.722591254e-01,-7.952524285e-02,2.418864575e+00,9.992376834e-01,1.690926079e+00,1.411908159e+01,1.192715542e-01,1.000000000e-02,0,none
8.341217529e-02,9.980551718e-01,8.793401198e-02,-1.463037985e-02,2.741932039e+00,1.221267953e+00,-9.421676512e-02,1.014612769e+00,-1.382444709e-01,-9.984970465e-02,2.366512823e+00,8.134679516e-01,2.041387588e+00,1.010578082e+01,-9.971983963e-02,1.000000000e-02,0,none
2.044055401e+00,2.132862075e+00,7.327359128e+00,9.700662328e-01,6.233824898e+00,9.236719549e+00,-2.810357814e-01,9.836860462e-01,-1.515831594e+00,1.867600026e-01,2.621734244e+00,2.430320659e+00,9.773882460e+00,4.020956052e+01,-4.610541477e-01,3.600000000e-01,3,sensor_stuck
2.804470055e+00,2.328552197e+00,8.016768551e+00,9.703079383e-01,7.280254969e+00,1.009462850e+01,-4.090842700e-01,1.023037630e+00,-1.924880264e+00,2.995027607e-01,2.893736860e+00,2.698311387e+00,1.450116356e+01,6.137582543e+01,-5.474423038e-01,4.600000000e-01,3,sensor_stuck
4.072631786e+00,2.610104838e+00,9.004025292e+00,9.699464400e-01,9.055543093e+00,1.133146236e+01,-7.868746021e-01,1.203421425e+00,-2.720337308e+00,5.030085352e-01,4.293816733e+00,3.396419942e+00,2.546637170e+01,9.382362194e+01,-6.628513266e-01,6.100000000e-01,3,sensor_stuck
6.532062965e+00,3.082453283e+00,1.064681189e+01,9.697507140e-01,1.231446228e+01,1.330057617e+01,-1.864631117e+00,1.711836408e+00,-4.757713570e+00,7.367297681e-01,6.272150680e+00,6.486614380e+00,5.857659790e+01,1.824112739e+02,-8.223527299e-01,8.600000000e-01,3,sensor_stuck
-5.022854278e-02,9.593436450e-01,5.009291665e-01,-7.037641804e-02,2.776642043e+00,9.934046468e-01,2.611601296e-01,1.050946580e+00,-2.872939869e-01,-1.662085711e-01,3.028778932e+00,1.253080371e+00,2.095556464e+00,1.027984517e+01,-2.496263745e-01,3.000000000e-02,0,none
5.513881631e-02,9.254388707e-01,2.404242959e-01,-1.251411630e-01,3.178162581e+00,6.561017020e-01,-1.922760902e-01,9.897715613e-01,2.996913137e-01,-8.336443730e-02,3.211402658e+00,7.374802880e-01,1.876095231e+00,1.388432680e+01,-8.033164278e-02,2.000000000e-02,0,none
-5.010812968e-01,1.077836879e+00,7.089635313e-01,5.182670816e-02,3.806858066e+00,1.808805923e+00,-6.768537121e-02,1.879090046e+00,-6.502405149e+00,9.688702298e-01,3.413164036e+00,8.136225212e+00,4.948375516e+00,1.495781080e+01,-2.074410256e-01,1.400000000e-01,4,sensor_dropout
-3.270375663e-01,1.179794301e+00,1.612564672e+00,2.062956470e-01,3.806858066e+00,2.848875051e+00,-7.268117653e-01,1.913309248e+00,-6.620604321e+00,9.707880991e-01,4.088962865e+00,8.337568356e+00,5.687875785e+00,2.294698004e+01,-4.133412590e-01,2.000000000e-01,4,sensor_dropout
-3.783825697e-02,1.402425362e+00,2.990736907e+00,3.744580047e-01,3.848875017e+00,4.279005292e+00,-1.698595735e+00,1.952359003e+00,-6.760472630e+00,9.723174780e-01,4.942089966e+00,8.543035849e+00,8.665161773e+00,3.596613231e+01,-6.189843004e-01,3.400000000e-01,4,sensor_dropout
8.702834216e-01,1.637045508e+00,4.376857250e+00,6.626206837e-01,4.913207209e+00,5.782003386e+00,-3.272423184e+00,1.808600738e+00,-6.236376233e+00,9.727498450e-01,5.830553124e+00,7.921215227e+00,1.741710135e+01,5.668258477e+01,-7.639009063e-01,5.800000000e-01,4,sensor_dropout
4.133797636e-02,1.053495608e+00,-5.952790204e-01,-4.846789057e-02,2.783156976e+00,1.235459049e+00,-7.792035942e-02,9.671613694e-01,-3.356378540e-01,1.170315137e-01,3.002585366e+00,8.320150216e-01,2.053034521e+00,9.559999514e+00,-7.864455276e-02,1.000000000e-02,0,none
-1.409711793e-02,1.049916375e+00,-1.214583190e+00,2.773173341e-01,2.823027731e+00,1.859708391e+00,1.483504259e-01,9.708167519e-01,1.766968119e-01,5.544683475e-02,2.125264174e+00,7.341010618e-01,2.067016137e+00,1.171663521e+01,-1.464337393e-01,1.000000000e-02,0,none
-1.404486791e-01,1.007603735e+00,1.079007094e+00,-8.705674435e-02,2.881607926e+00,2.122018812e+00,-3.643634052e-02,1.021205652e+00,-4.105030903e-01,-1.193235647e-01,3.469672183e+00,1.017053340e+00,2.079179710e+00,1.326397253e+01,1.399012880e-02,1.000000000e-02,5,actuator_loss_of_effectiveness
-7.874965699e-02,9.541916572e-01,5.198136762e-01,-8.420719102e-02,2.881607926e+00,1.733314973e+00,-9.602669424e-02,1.059630074e+00,-3.189755893e-01,-1.967455902e-01,3.469672183e+00,9.926377562e-01,2.048720247e+00,1.326397253e+01,4.280338685e-02,1.000000000e-02,5,actuator_loss_of_effectiveness
-2.637743061e-02,9.730935715e-01,-1.197063818e-01,-1.186425007e-01,2.881607926e+00,1.403369947e+00,-2.363439330e-01,1.005846531e+00,-4.825608314e-01,-1.852613318e-01,2.779121932e+00,1.069409673e+00,2.015192567e+00,9.768557394e+00,1.060449198e-01,1.000000000e-02,5,actuator_loss_of_effectiveness
-1.261333399e-01,9.321606251e-01,-8.771697263e-01,5.263599182e-02,2.752767728e+00,1.505388019e+00,-3.654887709e-01,1.005625316e+00,-4.906113591e-01,-1.635964002e-01,2.779121932e+00,1.084779816e+00,2.029697368e+00,9.768557394e+00,4.055369291e-02,1.000000000e-02,5,actuator_loss_of_effectiveness
-1.134280963e-01,8.976560900e-01,8.912262307e-02,9.344981886e-02,2.403674149e+00,2.039295727e+00,-2.141158384e-01,1.031282745e+00,4.874344846e-02,-1.734295091e-03,3.851388338e+00,1.259547429e+00,1.928042082e+00,1.594372295e+01,-4.405273886e-02,1.000000000e-02,0,none
7.622958997e-02,9.356651565e-01,-3.635132005e-01,4.412460861e-02,3.556762884e+00,8.816018773e-01,-1.657192302e-01,9.965690216e-01,2.011783696e-01,8.705571434e-03,3.009737254e+00,8.940154049e-01,1.901892913e+00,1.385257098e+01,-5.336306308e-02,1.000000000e-02,0,none
5.793679221e-01,1.287124731e+00,3.053004957e+00,5.224011252e-01,3.537817753e+00,4.060979638e+00,1.763176512e+00,1.621466137e+00,4.249675266e+00,6.440469428e-01,5.974001541e+00,5.759981231e+00,7.730301107e+00,3.950203986e+01,5.393162542e-01,3.000000000e-01,6,actuator_stuck
9.492228841e-01,1.526064517e+00,4.052022469e+00,5.930921866e-01,6.980458192e+00,5.280839471e+00,2.296284430e+00,1.989651487e+00,5.661760910e+00,7.118877658e-01,7.465851361e+00,7.522776274e+00,1.246153222e+01,7.214210662e+01,6.327684368e-01,4.000000000e-01,6,actuator_stuck
1.646192814e+00,1.750515537e+00,4.992076897e+00,6.809159245e-01,6.980458192e+00,6.364881915e+00,3.280573012e+00,2.416597758e+00,7.409266143e+00,8.041707400e-01,8.991200705e+00,9.642337319e+00,2.237635944e+01,9.514312278e+01,7.256410239e-01,5.500000000e-01,6,actuator_stuck
3.121197230e+00,2.195030971e+00,6.666468552e+00,7.623438177e-01,8.081798230e+00,8.813115095e+00,5.335656728e+00,3.011106393e+00,9.764173083e+00,8.477748580e-01,1.307152076e+01,1.255965810e+01,5.209602754e+01,2.361801176e+02,8.202438777e-01,8.000000000e-01,6,actuator_stuck
7.472334275e-02,9.902667921e-01,-6.706017608e-01,8.346582421e-02,2.978319962e+00,1.066394900e+00,-6.466377562e-03,1.002638627e+00,-1.209797101e-01,1.011277018e-01,2.813411162e+00,1.487011370e+00,1.991537929e+00,1.048031341e+01,3.918881322e-02,1.000000000e-02,0,none
-2.773855942e-02,9.455827565e-01,-6.527068109e-02,-2.056506178e-01,2.694115305e+00,8.585531750e-01,7.326347653e-02,9.402261915e-01,-3.227654934e-01,4.391454384e-02,3.046827375e+00,8.483001573e-01,1.784289005e+00,1.011433355e+01,-3.529377287e-02,1.000000000e-02,0,none
2.601896185e-01,1.135918785e+00,9.711507599e-01,7.891168413e-02,2.781321413e+00,1.823915846e+00,4.043273860e-01,1.095722819e+00,1.522884459e+00,1.010896949e-01,3.506558834e+00,2.120691241e+00,2.722099255e+00,1.467204297e+01,4.812521247e-02,3.000000000e-02,7,actuator_runaway
3.108717119e-01,1.077852225e+00,7.927333542e-01,4.950029890e-02,2.781321413e+00,1.585060638e+00,5.992491100e-01,1.147860730e+00,1.719451111e+00,1.568761344e-01,3.506558834e+00,2.605097385e+00,2.935090390e+00,1.467204297e+01,4.157265284e-02,4.000000000e-02,7,actuator_runaway
4.803025769e-01,1.049778354e+00,7.074786103e-01,1.596669834e-01,2.781321413e+00,1.466654544e+00,8.886778893e-01,1.237044172e+00,2.272467004e+00,2.682965736e-01,3.967110599e+00,3.414607628e+00,3.652751834e+00,1.583221195e+01,3.188120529e-02,7.000000000e-02,7,actuator_runaway
8.572330126e-01,1.081103914e+00,1.065751524e+00,1.682130411e-01,3.791376523e+00,1.902999983e+00,1.364107454e+00,1.253978644e+00,2.352506091e+00,2.767959729e-01,3.967110599e+00,3.585026227e+00,5.336885695e+00,1.771394490e+01,4.849634492e-02,1.900000000e-01,7,actuator_runaway
3.846093245e-02,9.625974490e-01,6.060357124e-01,2.617291538e-02,2.869238299e+00,1.200330580e+00,1.067458362e-01,9.129200468e-01,-2.495288168e-01,-8.052002184e-02,2.907499090e+00,1.094478305e+00,1.772890778e+00,8.603743302e+00,-2.290469189e-01,0.000000000e+00,0,none
8.155147896e-02,8.770485884e-01,-4.222973180e-01,-1.329124794e-01,2.663304388e+00,9.209348487e-01,3.265084645e-01,9.603063615e-01,9.311266678e-01,2.580814214e-02,3.266866840e+00,1.681365532e+00,1.804660956e+00,1.644286022e+01,-1.775266589e-01,1.000000000e-02,0,none
-1.284053194e-01,1.007337318e+00,1.596045713e-01,1.234145150e-01,2.225244010e+00,1.034025345e+00,2.150902174e-01,1.059101379e+00,-6.084505804e-01,1.048935244e-01,2.458142044e+00,1.147415766e+00,2.199175931e+00,6.128221462e+00,-2.756463879e-02,0.000000000e+00,0,none
-8.689664258e-02,1.033768028e+00,2.236387559e-01,1.473670255e-01,2.225244010e+00,1.212512655e+00,1.260387306e-01,1.041697934e+00,-4.269068211e-01,7.096155384e-02,2.185920530e+00,1.419040070e+00,2.177247709e+00,6.128221462e+00,-5.638466157e-02,0.000000000e+00,0,none
-9.725152501e-02,1.004854190e+00,3.761644731e-01,1.894121152e-01,2.225244010e+00,1.167986661e+00,1.015289100e-01,9.943880823e-01,-7.456647844e-01,2.079439963e-01,2.297570515e+00,1.465411836e+00,2.018305580e+00,6.128221462e+00,-1.050223062e-01,0.000000000e+00,0,none
-3.605112448e-02,1.008716269e+00,3.574720648e-01,1.510516818e-01,2.224578692e+00,1.035909147e+00,2.861410125e-03,9.688841794e-01,2.014059095e-01,7.035547888e-02,2.672310000e+00,1.081589677e+00,1.957552936e+00,1.033977394e+01,-1.711560650e-01,1.000000000e-02,0,none
2.202023415e-02,1.024996412e+00,2.455731417e-01,-7.481264987e-02,2.728996306e+00,1.371005230e+00,-7.542588579e-02,1.035225099e+00,1.288744739e-01,2.321927253e-02,2.844178486e+00,1.181436141e+00,2.128482604e+00,8.704071274e+00,1.387134828e-01,0.000000000e+00,0,none
-1.476209735e-02,9.766371966e-01,-4.213823697e-02,7.294521049e-02,2.245075807e+00,9.031860726e-01,-2.454794501e-01,1.024256585e+00,-6.356644848e-02,-2.807188670e-02,2.415523038e+00,8.640217875e-01,2.063399845e+00,8.687226829e+00,1.959130397e-01,0.000000000e+00,0,none
2.285672387e+00,1.524353538e+00,3.916413078e+00,4.998616024e-01,5.856137675e+00,5.300715796e+00,-4.018230454e+00,1.207638583e+00,1.175580279e+00,3.852486565e-02,6.217045654e+00,1.760073437e+00,2.515251890e+01,6.234872912e+01,2.307919094e-01,9.400000000e-01,1,sensor_bias
2.659472803e+00,1.393488239e+00,3.393661426e+00,4.627234162e-01,5.856137675e+00,4.553303587e+00,-3.879377523e+00,1.171316396e+00,7.652424798e-01,3.513694653e-02,6.217045654e+00,1.388139054e+00,2.543615712e+01,6.234872912e+01,1.340592836e-01,9.400000000e-01,1,sensor_bias
3.007881920e+00,1.248694695e+00,2.543770940e+00,3.581770446e-01,5.856137675e+00,3.482231144e+00,-3.756552409e+00,1.136386449e+00,4.710677255e-01,4.154244212e-02,6.164674758e+00,1.063560298e+00,2.600965224e+01,6.234872912e+01,4.800612320e-02,9.500000000e-01,1,sensor_bias
3.543123637e+00,1.046374956e+00,1.233494296e+00,9.169483650e-02,5.856137675e+00,2.139242136e+00,-3.782356532e+00,1.104922366e+00,-1.156785726e-01,3.557079939e-02,6.554244447e+00,1.128843281e+00,2.917570003e+01,6.234872912e+01,4.791328639e-02,9.900000000e-01,1,sensor_bias
8.790291536e-02,9.895948328e-01,-1.629122992e-01,-3.267795575e-03,3.178822030e+00,1.187315359e+00,-4.203334916e-02,1.090619238e+00,2.900984273e-01,5.788007954e-02,2.481456723e+00,8.936592498e-01,2.178241981e+00,1.267291600e+01,1.365632109e-01,1.000000000e-02,0,none
-2.021571090e-01,1.136778124e+00,2.578781324e-01,9.639234300e-02,2.888394492e+00,1.508253208e+00,-6.119077463e-02,1.018110495e+00,-1.303796439e-01,-4.691365171e-02,2.552105181e+00,1.008463106e+00,2.373425292e+00,9.619020730e+00,-1.844033081e-02,1.000000000e-02,0,none
-1.874280442e-01,9.900618764e-01,-9.251026399e-01,1.394882517e-01,2.594520425e+00,1.585813918e+00,8.021668569e-01,1.033661684e+00,1.152856750e+00,1.801432598e-02,3.032667632e+00,1.858640270e+00,2.727279935e+00,9.247818471e+00,-8.007397765e-03,1.000000000e-02,2,sensor_drift
-2.757698746e-01,1.020961826e+00,-1.317020347e+00,2.139095940e-01,2.715789916e+00,1.809308846e+00,8.712528634e-01,9.951932690e-01,9.665002285e-01,3.965218986e-02,3.032667632e+00,1.787978901e+00,2.867903269e+00,9.267795251e+00,-9.591585301e-03,2.000000000e-02,2,sensor_drift
-3.766041636e-01,1.053808506e+00,-1.124901564e+00,1.622539926e-01,2.715789916e+00,1.690502652e+00,1.089715432e+00,9.899800527e-01,1.014719256e+00,5.805151540e-02,3.477386879e+00,1.426739790e+00,3.419883292e+00,1.463976895e+01,3.804656201e-02,3.000000000e-02,2,sensor_drift
-7.845483040e-01,1.068927178e+00,-1.602901033e+00,1.989812253e-01,3.309462381e+00,2.285414269e+00,1.398000102e+00,1.046001863e+00,1.508620678e+00,2.131176802e-01,5.255132204e+00,2.093511044e+00,4.806645534e+00,2.956364742e+01,-5.709180114e-02,1.100000000e-01,2,sensor_drift
2.644799418e-02,9.474530885e-01,2.034848087e-01,-4.619663514e-03,2.717161563e+00,7.971287557e-01,-5.044617774e-03,9.535322637e-01,3.738534231e-01,-1.758270536e-03,2.774718927e+00,1.267366826e+00,1.807616077e+00,9.038812622e+00,6.301509581e-03,0.000000000e+00,0,none
-1.193835853e-01,1.012122915e+00,3.468560346e-01,2.826681205e-02,2.999215311e+00,8.861189171e-01,-1.416276585e-01,9.475160550e-01,-4.521696300e-01,-1.095175223e-01,2.417852633e+00,1.136984000e+00,1.956490304e+00,9.008049923e+00,-9.945779250e-02,0.000000000e+00,0,none
-6.908620345e-01,1.235310988e+00,-2.808983929e+00,3.956703237e-01,4.149898208e+00,3.803823766e+00,2.367526986e+00,1.313353925e+00,4.511535851e+00,9.718895002e-01,4.882798607e+00,5.734938518e+00,9.333366148e+00,3.956528674e+01,-6.745185118e-01,3.700000000e-01,3,sensor_stuck
-9.394065779e-01,1.262059001e+00,-2.935710690e+00,4.377343076e-01,4.149898208e+00,4.073891046e+00,2.820228612e+00,1.419181127e+00,4.895771448e+00,9.718835952e-01,5.422197030e+00,6.206702893e+00,1.244304213e+01,4.346192906e+01,-6.824195706e-01,4.700000000e-01,3,sensor_stuck
-1.437070875e+00,1.487999775e+00,-3.807957800e+00,4.654847151e-01,5.534334785e+00,4.949402737e+00,3.567656481e+00,1.538997083e+00,5.323567364e+00,9.712807051e-01,6.321492441e+00,6.691879439e+00,1.937600082e+01,7.011652829e+01,-7.444056214e-01,6.200000000e-01,3,sensor_stuck
-2.519843865e+00,1.693348571e+00,-4.723183423e+00,5.777097978e-01,6.421808494e+00,6.037330276e+00,4.921886146e+00,1.634499412e+00,5.661651924e+00,9.704076711e-01,7.735361815e+00,7.083760221e+00,3.611359405e+01,9.538466046e+01,-8.088505461e-01,8.700000000e-01,3,sensor_stuck
1.307870840e-01,9.621968427e-01,-1.471143243e-01,-2.810695066e-02,2.966397278e+00,1.339736942e+00,6.127923208e-02,9.833192953e-01,-5.982639308e-01,-3.346214173e-02,2.596986060e+00,9.350820481e-01,1.913600006e+00,9.546083299e+00,-3.136146028e-03,1.000000000e-02,0,none
6.021602447e-02,1.084459244e+00,2.545195621e-01,1.088664957e-02,2.628350069e+00,1.000376886e+00,7.587276145e-03,1.070078507e+00,-1.292069963e-01,-1.760614911e-02,2.627817324e+00,9.781861744e-01,2.324803398e+00,8.522309395e+00,-6.656593339e-02,0.000000000e+00,0,none
3.240139857e+00,1.875013409e+00,5.479973338e+00,6.450380805e-01,7.153216940e+00,7.150570961e+00,-5.917102227e+00,4.741834665e-01,9.883023521e-01,9.558934867e-01,6.411474669e+00,1.772057772e+00,4.925113030e+01,7.590898447e+01,4.182225625e-01,1.000000000e+00,4,sensor_dropout
3.770196784e+00,1.622286978e+00,4.539286155e+00,6.060938283e-01,7.153216940e+00,6.049943396e+00,-5.737192502e+00,7.148370492e-01,1.933054635e+00,9.612445300e-01,6.411474669e+00,2.909877435e+00,5.027256864e+01,7.590898447e+01,5.556074669e-01,1.000000000e+00,4,sensor_dropout
4.319185215e+00,1.438719428e+00,3.584924686e+00,4.717415560e-01,7.153216940e+00,4.744950286e+00,-5.308919897e+00,1.161782690e+00,3.688139903e+00,9.677561931e-01,6.411474669e+00,4.949044685e+00,5.025964401e+01,7.590898447e+01,5.596021448e-01,1.000000000e+00,4,sensor_dropout
4.713336163e+00,1.104733295e+00,1.165787602e-01,2.651669698e-01,7.153216940e+00,3.267945699e+00,-4.070492695e+00,1.906273945e+00,6.483320710e+00,9.722513949e-01,6.411474669e+00,8.298982816e+00,4.363876458e+01,7.590898447e+01,-6.386275330e-02,9.700000000e-01,4,sensor_dropout
-5.118337981e-02,9.711519942e-01,8.755630743e-01,-2.749290283e-03,2.560528143e+00,1.370941869e+00,1.617274273e-01,1.158842179e+00,-7.292643124e-01,-7.056798389e-02,3.083985983e+00,1.534859777e+00,2.314826891e+00,9.511456582e+00,1.614714145e-01,1.000000000e-02,0,none
-4.192986004e-02,9.066306429e-01,9.681332631e-02,-1.643599905e-02,2.817580039e+00,1.217341505e+00,6.431257003e-02,1.019973022e+00,1.984377734e-01,-8.249888003e-02,2.529620089e+00,8.231340575e-01,1.868218307e+00,9.096673305e+00,-5.054047874e-02,0.000000000e+00,0,none
2.443769576e-02,1.036216857e+00,7.870825952e-01,1.860950396e-01,2.833967745e+00,1.943420861e+00,4.352014254e-01,9.522054497e-01,1.580234397e+00,3.129551727e-01,3.389965423e+00,2.719011071e+00,2.170438075e+00,1.299738256e+01,1.588919140e-01,2.000000000e-02,5,actuator_loss_of_effectiveness
1.047413172e-01,1.070081129e+00,1.480929097e+00,2.514215305e-01,2.833967745e+00,2.166332188e+00,6.102782593e-01,9.917307112e-01,2.052889078e+00,4.654493455e-01,3.389965423e+00,3.172067208e+00,2.512013724e+00,1.299738256e+01,2.179006734e-01,3.000000000e-02,5,actuator_loss_of_effectiveness
3.218672238e-01,1.148233543e+00,2.145321556e+00,3.126748817e-01,2.889324197e+00,2.978867672e+00,1.019522863e+00,1.267723960e+00,3.142041513e+00,5.623612420e-01,4.965164279e+00,4.055165800e+00,4.068589687e+00,2.465411927e+01,3.269769447e-01,1.200000000e-01,5,actuator_loss_of_effectiveness
1.009089920e+00,1.278088018e+00,2.920071223e+00,3.998627660e-01,3.673065281e+00,3.741795875e+00,1.850665252e+00,1.486821893e+00,4.114536609e+00,6.085933313e-01,5.563945668e+00,5.401593887e+00,8.287372664e+00,4.060122588e+01,5.032470924e-01,3.400000000e-01,5,actuator_loss_of_effectiveness
-1.224241603e-01,1.005335751e+00,2.776323670e-01,1.224458957e-01,2.532633901e+00,1.274466619e+00,-2.415507747e-02,8.606920233e-01,-3.059680312e-01,-4.197478036e-02,2.275127545e+00,1.332246436e+00,1.767061873e+00,9.270937016e+00,-9.178862822e-02,1.000000000e-02,0,none
-7.657012815e-02,9.985605330e-01,4.049246681e-01,-1.159470128e-01,2.372040835e+00,1.461389519e+00,-1.160754267e-01,1.177848364e+00,-5.388139564e-01,-1.871700417e-01,2.910871771e+00,1.219925640e+00,2.403786395e+00,8.799974480e+00,-1.255765359e-01,0.000000000e+00,0,none
-6.245736053e-01,9.888087708e-01,-3.639546933e-01,2.292029388e-01,3.200228257e+00,1.802621291e+00,-5.787905190e-01,1.034317503e+00,-1.657104137e+00,1.244918414e-01,3.520431712e+00,2.315207779e+00,2.772646135e+00,1.788720947e+01,1.291062535e-01,4.000000000e-02,6,actuator_stuck
-7.028266236e-01,1.039653361e+00,-1.083126361e+00,2.290657323e-01,3.200228257e+00,2.303440608e+00,-7.754504399e-01,1.066990119e+00,-2.012838661e+00,1.978215659e-01,3.520431712e+00,2.811763218e+00,3.314635673e+00,1.788720947e+01,2.107358635e-01,8.000000000e-02,6,actuator_stuck
-8.699341843e-01,1.109399375e+00,-1.684784967e+00,2.621653275e-01,3.200228257e+00,2.727670905e+00,-1.273234887e+00,1.329495091e+00,-3.128126660e+00,4.934587619e-01,4.942953741e+00,4.136856389e+00,5.376236733e+00,2.692798390e+01,3.448704978e-01,2.000000000e-01,6,actuator_stuck
-1.461194282e+00,1.368527676e+00,-3.242929271e+00,5.045176586e-01,4.953298561e+00,4.123480575e+00,-2.421285592e+00,1.974271462e+00,-5.867908489e+00,7.493124470e-01,7.422703353e+00,7.841298299e+00,1.376832846e+01,6.778319867e+01,6.202096333e-01,4.500000000e-01,6,actuator_stuck
3.495621806e-02,8.965084498e-01,-3.792251527e-01,-9.689868696e-02,2.417662360e+00,9.692066693e-01,-8.664830138e-02,9.843090776e-01,1.312821094e-01,2.849342919e-02,3.229149100e+00,1.295525675e+00,1.781321626e+00,1.510826255e+01,6.415806313e-02,1.000000000e-02,0,none
-4.965837344e-02,1.054677937e+00,3.106155107e-01,-1.016577412e-02,2.769496445e+00,1.441846059e+00,1.147196537e-02,1.064102096e+00,7.508392348e-02,-9.818254436e-02,2.482835980e+00,9.414440192e-01,2.247256380e+00,1.352747517e+01,-2.679688939e-02,2.000000000e-02,0,none
-5.773105818e-01,1.091701965e+00,-9.933568236e-01,3.557041672e-02,3.427815636e+00,1.764765138e+00,-7.051507817e-01,1.177600664e+00,-1.552568858e+00,9.482173290e-02,3.044220189e+00,2.362564310e+00,3.409081637e+00,1.648922066e+01,1.814574274e-01,7.000000000e-02,7,actuator_runaway
-5.968855989e-01,1.094676529e+00,-7.224304766e-01,1.550943065e-02,3.427815636e+00,1.670805056e+00,-7.774842445e-01,1.181550058e+00,-1.578604035e+00,9.012045428e-02,3.044220189e+00,2.317024019e+00,3.555131412e+00,1.648922066e+01,1.854368508e-01,7.000000000e-02,7,actuator_runaway
-7.483765452e-01,1.117347187e+00,-5.770123552e-01,-3.570830208e-02,3.427815636e+00,1.197832166e+00,-9.905908905e-01,1.078053689e+00,-1.456577173e+00,1.044714351e-01,3.214699617e+00,2.202592182e+00,3.952002258e+00,1.648922066e+01,1.366211032e-01,1.000000000e-01,7,actuator_runaway
-1.010826531e+00,1.004163938e+00,-5.574987335e-01,-2.242744724e-02,3.427815636e+00,1.579095209e+00,-1.458417433e+00,1.107477354e+00,-1.624385229e+00,1.112578063e-01,4.014086281e+00,2.250784760e+00,5.383602989e+00,2.237517627e+01,1.325314337e-01,1.700000000e-01,7,actuator_runaway
4.428278045e-02,9.109452754e-01,-8.012257735e-01,2.376500192e-01,2.223859784e+00,1.389600396e+00,4.418287777e-02,8.773628576e-01,3.933678971e-01,-4.638443407e-02,2.087464008e+00,1.035515656e+00,1.603499970e+00,5.815027713e+00,-7.528613472e-03,0.000000000e+00,0,none
3.553753468e-02,1.006159827e+00,3.410076358e-01,1.668282030e-01,2.789305694e+00,1.107603557e+00,-3.501333175e-02,9.888787553e-01,-2.797281541e-01,4.950585720e-02,2.664758132e+00,1.053353098e+00,1.992727640e+00,8.388357440e+00,-1.306558196e-02,0.000000000e+00,0,none
-1.973166790e-01,1.059905799e+00,3.173816312e-01,5.183280534e-02,2.673771187e+00,9.180398808e-01,-3.053324899e-02,1.117004536e+00,-8.742310152e-03,-3.690397726e-02,3.296796653e+00,9.816305681e-01,2.410965589e+00,1.197045838e+01,1.554663218e-01,3.000000000e-02,0,none
-1.641109312e-01,1.090641632e+00,6.092117950e-01,8.456258092e-02,2.673771187e+00,1.010288927e+00,-3.380905242e-02,1.089968321e+00,4.103755852e-01,-2.407674328e-02,3.296796653e+00,9.727858989e-01,2.405605561e+00,1.197045838e+01,1.528306481e-01,3.000000000e-02,0,none
-1.024895797e-01,1.070949599e+00,4.615768695e-01,7.503772576e-02,2.673771187e+00,1.082646487e+00,1.080116452e-01,1.074088600e+00,3.566393673e-01,3.801114170e-03,3.296796653e+00,1.452091736e+00,2.322769995e+00,1.197045838e+01,1.319125573e-01,3.000000000e-02,0,none
-3.250240177e-02,1.041029987e+00,1.243600448e-01,-1.190207754e-03,2.673771187e+00,7.995820730e-01,5.229989901e-02,9.675221351e-01,1.257023297e-01,-1.403569982e-02,2.704818637e+00,1.291492173e+00,2.023634201e+00,1.197045838e+01,1.209931622e-01,1.000000000e-02,0,none
-9.630158430e-03,1.104459983e+00,-7.689916459e-01,-1.230585145e-01,3.227602205e+00,1.052856117e+00,-2.035215761e-02,9.410836493e-01,-2.718156933e-01,-1.166002901e-01,2.488415815e+00,6.728942709e-01,2.105977240e+00,1.262055779e+01,4.607749895e-03,1.000000000e-02,0,none
1.505317923e-01,1.119027588e+00,-2.604766479e-02,-5.567763720e-02,2.946708498e+00,1.382569137e+00,7.222444126e-02,9.568000727e-01,2.292096489e-02,-3.003134931e-02,2.333476067e+00,9.599262693e-01,2.195565312e+00,9.621577112e+00,2.354031006e-01,1.000000000e-02,0,none
-2.963575266e+00,1.683424740e+00,-4.642734720e+00,7.017081360e-01,6.522359636e+00,6.205318954e+00,5.355569062e+00,1.045565200e+00,-1.947616524e+00,2.851377642e-01,8.993068305e+00,2.750936850e+00,4.139202378e+01,8.127280136e+01,4.735371690e-01,1.000000000e+00,1,sensor_bias
-3.374216251e+00,1.563746163e+00,-3.899056417e+00,5.707280862e-01,7.429392095e+00,5.246897233e+00,5.191090320e+00,9.055371460e-01,-1.021148043e+00,9.240906159e-02,7.308547392e+00,1.903841884e+00,4.159805360e+01,7.458347300e+01,2.623649226e-01,1.000000000e+00,1,sensor_bias
-3.885419704e+00,1.394032941e+00,-3.104491455e+00,4.789030472e-01,7.429392095e+00,4.125746910e+00,4.986190215e+00,9.475585440e-01,-8.858355130e-01,5.519923725e-02,7.308547392e+00,1.398666107e+00,4.279977417e+01,7.458347300e+01,1.721656319e-01,1.000000000e+00,1,sensor_bias
-4.536261617e+00,1.085830574e+00,-1.570417019e+00,1.917804417e-01,7.429392095e+00,2.375782213e+00,4.951128571e+00,9.359223425e-01,1.507724892e-01,9.054250217e-03,7.308547392e+00,1.162909005e+00,4.714632225e+01,8.609823936e+01,-2.628761260e-02,1.000000000e+00,1,sensor_bias
-5.516936937e-02,9.795954665e-01,1.382696797e-01,-6.504917961e-02,2.906268254e+00,9.625220513e-01,-8.154856419e-02,1.043408800e+00,-5.330182665e-01,1.350352392e-01,2.514218854e+00,1.541686876e+00,2.058003029e+00,8.701739700e+00,-2.316954903e-01,0.000000000e+00,0,none
3.563107840e-02,1.013542314e+00,-6.239252405e-01,1.667410606e-01,3.196029226e+00,1.275465548e+00,4.698207944e-02,1.091529859e+00,-3.876050197e-01,-4.247221555e-02,2.791518990e+00,1.040376818e+00,2.222182345e+00,1.184098285e+01,1.392916468e-01,2.000000000e-02,0,none
8.172811347e-03,1.027538701e+00,-4.589686926e-01,7.261318336e-02,2.399957333e+00,1.473127482e+00,3.418145349e-01,1.025455491e+00,-2.538422154e-01,7.462960980e-02,2.738558049e+00,1.186060803e+00,2.224298718e+00,9.943896311e+00,2.610157847e-01,1.000000000e-02,2,sensor_drift
-3.631093436e-02,1.028915884e+00,-7.723841622e-01,1.272782456e-01,2.399957333e+00,1.708891334e+00,3.891464994e-01,1.066767924e+00,1.889466936e-01,1.016209546e-01,3.354832490e+00,1.285457929e+00,2.349415182e+00,1.201364500e+01,1.416908338e-01,2.000000000e-02,2,sensor_drift
-1.674428081e-01,1.054089749e+00,-1.155375644e+00,2.630548693e-01,3.162816167e+00,1.929586708e+00,4.600424234e-01,1.065394004e+00,5.089974781e-01,1.357618152e-01,3.354832490e+00,1.504567358e+00,2.485845708e+00,1.201364500e+01,4.755522247e-02,4.000000000e-02,2,sensor_drift
-3.292742573e-01,1.041727670e+00,-7.195700191e-01,2.045107517e-01,3.162816167e+00,1.420779125e+00,6.420991151e-01,1.100868934e+00,1.390337358e+00,2.192576707e-01,3.354832490e+00,2.244287502e+00,2.817821758e+00,1.201364500e+01,-3.014442343e-02,3.000000000e-02,2,sensor_drift
-5.780461086e-02,1.123127431e+00,1.407561839e-01,-9.045364736e-02,3.132384725e+00,6.676325588e-01,-9.711667440e-03,8.973679284e-01,-2.958782519e-02,-2.204885205e-02,2.236641368e+00,1.012030754e+00,2.070120116e+00,1.007805464e+01,8.023496462e-03,1.000000000e-02,0,none
-7.299512753e-03,9.804182823e-01,-1.501406862e-02,2.171748956e-01,2.596312717e+00,1.403994503e+00,-1.653059563e-01,9.563393364e-01,1.943399902e-01,-1.315611166e-02,2.483713148e+00,1.570464134e+00,1.903184277e+00,1.079449873e+01,-4.439556280e-02,1.000000000e-02,0,none
6.902827835e+00,3.385650193e+00,1.172352373e+01,9.678200800e-01,1.283683312e+01,1.450890750e+01,-2.235475832e+00,1.875175320e+00,-5.500295315e+00,7.615141094e-01,7.218672892e+00,7.437042779e+00,6.762529402e+01,2.168935228e+02,-8.461939871e-01,8.800000000e-01,3,sensor_stuck
8.103860731e+00,3.388500589e+00,1.173355056e+01,9.694373385e-01,1.405740688e+01,1.461772449e+01,-2.753597828e+00,2.116021178e+00,-6.567887155e+00,7.929849164e-01,7.345348150e+00,8.679742233e+00,8.921434161e+01,2.515648275e+02,-8.987776541e-01,9.700000000e-01,3,sensor_stuck
9.875396970e+00,3.443743198e+00,1.192534795e+01,9.707083448e-01,1.583494395e+01,1.500577636e+01,-3.766850881e+00,2.388331958e+00,-7.636710127e+00,8.555804821e-01,9.299521650e+00,9.904568647e+00,1.292761276e+02,3.297830018e+02,-9.244319200e-01,1.000000000e+00,3,sensor_stuck
1.281752728e+01,3.461203020e+00,1.198661132e+01,9.713385252e-01,1.850356746e+01,1.506652032e+01,-5.767114918e+00,2.689855531e+00,-8.794979627e+00,8.658231071e-01,1.104567476e+01,1.094775638e+01,2.167638692e+02,4.526566339e+02,-9.420856116e-01,1.000000000e+00,3,sensor_stuck
-2.655502921e-02,9.910394253e-01,4.969145141e-01,7.420743748e-02,2.969937021e+00,8.454734177e-01,-1.142709082e-02,8.928137286e-01,8.981260858e-02,-2.246730649e-01,2.198738937e+00,6.819183812e-01,1.780111245e+00,9.745140122e+00,8.573334087e-02,2.000000000e-02,0,none
-8.159685564e-02,9.720830087e-01,-1.630871437e-01,1.716536640e-02,2.560522804e+00,1.220794973e+00,6.797568688e-02,9.512298004e-01,2.707467378e-01,-5.004373054e-02,2.303400801e+00,9.941872362e-01,1.861062250e+00,9.164908524e+00,-9.448419714e-02,0.000000000e+00,0,none
-5.295422103e+00,5.512069709e+00,1.760349141e+01,9.538555226e-01,2.057083963e+01,2.208923079e+01,3.087124554e+00,1.325684409e+00,1.287927798e+00,3.633150571e-01,5.677722843e+00,3.516457459e+00,6.971218489e+01,4.272843733e+02,4.891692494e-01,8.600000000e-01,4,sensor_dropout
-3.379893369e+00,3.993071262e+00,1.313158171e+01,9.523588742e-01,1.424323064e+01,1.591085514e+01,3.149663295e+00,1.206460170e+00,-9.846614226e-01,2.319283461e-01,5.677722843e+00,3.072432400e+00,3.874422230e+01,2.036728276e+02,-7.381831407e-02,7.700000000e-01,4,sensor_dropout
-1.306249200e+00,2.908069897e+00,9.988848264e+00,9.600011408e-01,7.801133703e+00,1.202281361e+01,3.129966847e+00,1.220110767e+00,-2.259223277e+00,2.075059124e-01,5.677722843e+00,3.203441400e+00,2.144852025e+01,8.263005568e+01,-5.208072844e-01,7.500000000e-01,4,sensor_dropout
1.249946160e+00,2.798734167e+00,9.675143581e+00,9.699498048e-01,6.340150009e+00,1.220455391e+01,2.242048484e+00,1.618016972e+00,-4.223899161e+00,5.841666898e-01,5.494082637e+00,5.473377179e+00,1.704003867e+01,4.022157916e+01,-7.620419377e-01,7.500000000e-01,4,sensor_dropout
-7.694018175e-02,1.050952704e+00,-2.013368729e-01,-3.157512343e-02,3.041321406e+00,1.282535058e+00,-3.427929892e-02,9.398638723e-01,-5.820054374e-01,-9.092215910e-02,2.776225973e+00,1.522853528e+00,1.994940547e+00,1.055708646e+01,8.355394188e-02,1.000000000e-02,0,none
-1.252493863e-01,1.067350757e+00,8.095253919e-01,1.271173873e-02,2.462786927e+00,1.302481650e+00,-1.820469567e-02,9.826481695e-01,3.135615582e-01,2.820469263e-02,2.665892718e+00,1.053791290e+00,2.120853883e+00,7.481107048e+00,2.549945527e-02,0.000000000e+00,0,none
2.589693791e-01,1.030399366e+00,5.963837919e-01,-7.558760074e-02,2.999106892e+00,9.441010429e-01,3.216803657e-01,9.742223478e-01,-3.040956501e-01,-6.833010328e-02,2.798033217e+00,1.112037614e+00,2.181375432e+00,1.041674082e+01,-2.132442427e-01,1.000000000e-02,5,actuator_loss_of_effectiveness
3.065100782e-01,9.928789121e-01,3.964466617e-01,7.170790634e-02,2.999106892e+00,1.142224617e+00,2.560854934e-01,9.571145669e-01,-3.737455543e-01,-1.147713097e-01,2.798033217e+00,1.002321382e+00,2.061405036e+00,1.041674082e+01,-1.559219169e-01,1.000000000e-02,5,actuator_loss_of_effectiveness
2.810411900e-01,9.982649124e-01,-7.077907060e-04,4.092185619e-02,2.999106892e+00,1.282303502e+00,2.144229498e-01,9.538103710e-01,-2.944070755e-01,-9.340026469e-02,2.798033217e+00,1.123528799e+00,2.031248411e+00,1.041674082e+01,-1.848570478e-01,1.000000000e-02,5,actuator_loss_of_effectiveness
2.814698153e-01,9.540873134e-01,-5.935418171e-01,1.013254723e-01,2.277756202e+00,1.219363798e+00,-3.872953332e-02,9.774581313e-01,-1.018761542e+00,1.818192382e-02,2.166287209e+00,1.508934610e+00,1.946432234e+00,8.379649512e+00,4.646498496e-02,0.000000000e+00,5,actuator_loss_of_effectiveness
2.144953573e-03,9.707639860e-01,1.145263739e-01,1.452344556e-01,2.568221301e+00,1.117485007e+00,-2.788728657e-01,1.041807773e+00,5.813397183e-01,-2.070721056e-02,3.113197149e+00,1.210419124e+00,2.105520829e+00,9.726250631e+00,-4.329175220e-02,2.000000000e-02,0,none
3.521774606e-02,9.259185881e-01,-3.633272525e-01,-4.180977991e-02,2.744508806e+00,8.574457146e-01,1.047404186e-01,9.593265977e-01,-1.588125413e-01,-3.515820405e-02,2.695764189e+00,9.169664695e-01,1.789843598e+00,1.144747906e+01,-7.159338136e-02,1.000000000e-02,0,none
-4.426853243e-01,1.027985504e+00,-1.550665291e+00,2.216097139e-01,3.070265533e+00,2.285336975e+00,-1.003381181e+00,1.567539734e+00,-4.190360479e+00,6.647886695e-01,4.671407788e+00,5.918392796e+00,4.716679105e+00,2.429498439e+01,4.246517298e-01,1.700000000e-01,6,actuator_stuck
-6.429737723e-01,1.109932831e+00,-1.892856983e+00,2.628901700e-01,3.331217924e+00,2.910180684e+00,-1.471714295e+00,1.740871044e+00,-4.971590549e+00,7.068163223e-01,4.821225816e+00,6.633299340e+00,6.841941120e+00,3.173007355e+01,4.864670446e-01,2.700000000e-01,6,actuator_stuck
-1.056839797e+00,1.309274275e+00,-2.842824297e+00,4.584547195e-01,4.608052813e+00,4.010679645e+00,-2.247668940e+00,2.014039774e+00,-6.158706018e+00,7.636887810e-01,7.171801989e+00,7.985943754e+00,1.193948136e+01,5.987867997e+01,6.352751445e-01,4.100000000e-01,6,actuator_stuck
-2.220851635e+00,2.077028181e+00,-6.216308090e+00,7.775712292e-01,7.875449660e+00,7.912778635e+00,-4.220805737e+00,2.556168256e+00,-8.182098736e+00,8.359603396e-01,1.043565665e+01,1.031657189e+01,3.359542527e+01,1.417500417e+02,8.394099113e-01,6.600000000e-01,6,actuator_stuck
-2.040264498e-01,9.744278341e-01,-4.719629618e-01,1.578212855e-01,2.881079999e+00,1.122042210e+00,-4.207166503e-02,1.020534139e+00,6.135496548e-02,6.959045555e-02,3.020743874e+00,1.408865019e+00,2.034396350e+00,1.020625968e+01,4.989597820e-02,1.000000000e-02,0,none
-8.942110219e-02,9.085044017e-01,-3.345023789e-01,2.071486644e-01,2.818432550e+00,8.996163338e-01,2.592269746e-01,1.080056958e+00,2.652633451e-01,-9.707423217e-02,2.438526424e+00,1.406001308e+00,2.067098039e+00,8.608500525e+00,4.570696241e-02,0.000000000e+00,0,none
1.436038172e-01,9.154750726e-01,3.855282445e-01,-2.399417850e-02,2.408531699e+00,1.296411188e+00,2.698016639e-01,9.764242309e-01,1.022246637e+00,3.019179650e-02,3.046884519e+00,1.675032813e+00,1.884913881e+00,1.155555820e+01,-3.614445106e-02,1.000000000e-02,7,actuator_runaway
1.825639404e-01,9.305800285e-01,4.988124145e-01,-3.178936472e-02,2.408531699e+00,1.511538305e+00,3.999690979e-01,1.029041170e+00,1.322205984e+00,8.225353839e-02,3.046884519e+00,2.109165547e+00,2.118209790e+00,1.155555820e+01,-3.303124540e-02,1.000000000e-02,7,actuator_runaway
2.919615093e-01,9.841621340e-01,1.302477679e+00,8.852630796e-02,3.056695755e+00,1.959854286e+00,5.674972438e-01,1.058734397e+00,1.657427999e+00,1.335926088e-01,3.046884519e+00,2.432122692e+00,2.496788274e+00,1.310985462e+01,4.115234252e-02,4.000000000e-02,7,actuator_runaway
4.403685596e-01,9.839924476e-01,5.901749598e-01,-3.471500767e-02,3.056695755e+00,1.456602121e+00,8.614080353e-01,9.193484848e-01,1.222219352e+00,-1.986563563e-04,3.027877534e+00,1.834231238e+00,2.749391045e+00,1.310985462e+01,-7.852436829e-03,3.000000000e-02,7,actuator_runaway
2.251937721e-02,8.904686133e-01,5.188441751e-02,6.098394355e-02,2.228736667e+00,1.014307926e+00,1.155841291e-01,8.993478362e-01,-5.761745949e-02,-3.726830972e-02,2.120038807e+00,1.063396066e+00,1.615627695e+00,5.356393525e+00,1.694861930e-01,0.000000000e+00,0,none
-1.717640960e-01,1.046847361e+00,4.267952286e-02,-5.402649558e-02,2.777995266e+00,8.716308807e-01,6.456952768e-02,9.778549326e-01,-2.492625070e-01,5.696889331e-03,3.077531698e+00,1.077624565e+00,2.085761795e+00,1.500235883e+01,3.131445843e-02,1.000000000e-02,0,none
-1.717151298e-01,1.071254008e+00,-1.197405948e-01,1.454394187e-01,2.691394129e+00,1.100653395e+00,3.559575707e-02,1.039572098e+00,-1.549833359e-02,-1.843612783e-03,2.946289669e+00,7.904351328e-01,2.259048440e+00,9.448081417e+00,1.296910366e-01,1.000000000e-02,0,none
-1.619406544e-01,1.065032632e+00,-5.548372112e-01,1.927121772e-01,2.691394129e+00,1.152344970e+00,4.853914208e-02,1.015609044e+00,-3.244727410e-01,-1.938395748e-02,2.946289669e+00,7.757883406e-01,2.194337063e+00,9.448081417e+00,1.831767114e-01,1.000000000e-02,0,none
-2.025953900e-01,1.039079644e+00,2.603837608e-01,1.689955830e-01,2.691394129e+00,9.915903181e-01,4.921197840e-03,1.003297584e+00,4.965803124e-02,-3.522723617e-02,2.946289669e+00,7.409951107e-01,2.127361657e+00,9.448081417e+00,1.948436154e-01,1.000000000e-02,0,none
-1.192966608e-01,1.055509669e+00,4.952330165e-01,1.294719332e-01,3.149885310e+00,1.378503510e+00,5.912610664e-02,9.626259951e-01,2.114435904e-01,-5.404689536e-02,2.946289669e+00,9.686557277e-01,2.058477057e+00,9.993570696e+00,1.175518797e-01,2.000000000e-02,0,none
-5.601439901e-02,8.531435430e-01,-5.357937065e-01,-1.531012151e-01,2.067230924e+00,9.642995164e-01,2.093224786e-01,1.059480589e+00,-1.749027270e-01,-1.017726749e-01,2.588711709e+00,1.097278334e+00,1.897306537e+00,7.036696012e+00,5.693031408e-03,0.000000000e+00,0,none
3.837652842e-02,9.301291002e-01,2.977105028e-01,-1.864609038e-01,2.829048111e+00,7.546771669e-01,-2.682855954e-01,1.012508894e+00,-4.465809862e-01,-5.909550887e-02,3.041380629e+00,1.024278431e+00,1.963764322e+00,9.478080918e+00,-1.102190997e-01,1.000000000e-02,0,none
1.555669225e+00,1.295471178e+00,2.625261546e+00,4.164508287e-01,4.559336077e+00,3.749461469e+00,-2.629018608e+00,1.056949827e+00,1.177837247e+00,1.716285804e-01,5.851710352e+00,2.200335223e+00,1.212723409e+01,3.850788774e+01,2.696629369e-01,6.300000000e-01,1,sensor_bias
1.898457478e+00,1.205607568e+00,2.306169924e+00,3.359353172e-01,4.559336077e+00,3.118508034e+00,-2.507759129e+00,9.814171677e-01,8.701544875e-01,1.918759609e-01,4.795342791e+00,1.693259660e+00,1.230966591e+01,3.495398970e+01,1.940929606e-01,6.500000000e-01,1,sensor_bias
2.160585289e+00,1.135464464e+00,2.024224161e+00,3.016108935e-01,4.559336077e+00,2.944703047e+00,-2.424796259e+00,9.716938696e-01,7.261271663e-01,1.763584702e-01,4.795342791e+00,1.381245705e+00,1.278123422e+01,3.495398970e+01,1.476565416e-01,7.000000000e-01,1,sensor_bias
2.575587278e+00,9.570021562e-01,1.054310125e+00,4.657607347e-02,5.176400913e+00,1.802185338e+00,-2.396629393e+00,9.314932091e-01,-2.623366912e-01,7.719919555e-02,4.654634718e+00,1.031084687e+00,1.416101500e+01,3.685336688e+01,1.685655266e-02,7.600000000e-01,1,sensor_bias
-4.606027817e-02,1.105013537e+00,1.663183563e-01,7.911552879e-02,2.764413041e+00,1.465073675e+00,-7.429346939e-03,9.855259772e-01,7.262376118e-01,1.204899226e-01,2.398504991e+00,1.723932037e+00,2.194493114e+00,1.092124942e+01,1.075877720e-01,1.000000000e-02,0,none
-5.017672930e-02,1.079901852e+00,4.925079110e-01,4.201218044e-02,3.759943226e+00,1.277828750e+00,-2.586852117e-02,1.002642749e+00,6.011053657e-01,-1.224543821e-01,2.236862866e+00,1.273289875e+00,2.174667376e+00,1.503276687e+01,3.146779842e-02,1.000000000e-02,0,none
-1.319871827e-02,9.799857079e-01,5.827489740e-01,-6.789744428e-02,2.910828436e+00,1.472211791e+00,-5.051422348e-01,9.609077696e-01,-1.229551541e+00,1.323529043e-01,2.980478425e+00,2.020582110e+00,2.139058613e+00,1.149881070e+01,-3.232551180e-02,1.000000000e-02,2,sensor_drift
8.673307856e-02,1.040538351e+00,9.568303798e-01,-1.287083408e-02,2.910828436e+00,1.429870131e+00,-6.019374095e-01,9.632885063e-01,-1.074395849e+00,1.162260759e-01,3.043847835e+00,1.793008134e+00,2.380496078e+00,1.149881070e+01,-5.121018962e-02,2.000000000e-02,2,sensor_drift
2.506173930e-01,1.050693655e+00,9.172262923e-01,-8.036333799e-02,2.910828436e+00,1.550537174e+00,-7.604959600e-01,9.529521054e-01,-1.228570756e+00,1.000499152e-01,3.043847835e+00,1.706553378e+00,2.653238055e+00,1.094275148e+01,-1.121359715e-01,2.000000000e-02,2,sensor_drift
4.304645668e-01,1.028626036e+00,5.384825159e-01,-9.605468035e-02,2.910828436e+00,1.527817585e+00,-1.015244219e+00,9.003482262e-01,-5.510494900e-01,-2.222624630e-02,3.043847835e+00,1.184352165e+00,3.084719018e+00,1.094275148e+01,1.075049718e-01,2.000000000e-02,2,sensor_drift
-1.253748284e-01,9.723665316e-01,2.417777350e-01,-1.429138659e-01,2.997400656e+00,1.608480787e+00,1.111237771e-01,9.699448157e-01,-7.019807707e-01,1.493347911e-02,2.621736971e+00,1.533217757e+00,1.914356959e+00,1.050201318e+01,-1.370521005e-01,1.000000000e-02,0,none
-6.763871372e-02,9.691333471e-01,-1.174204939e-01,1.536634781e-02,2.805144812e+00,1.153302939e+00,1.546601727e-01,9.390007274e-01,7.894489734e-02,-1.026916943e-01,2.530518678e+00,8.204896365e-01,1.849436575e+00,9.011601648e+00,1.676991023e-01,0.000000000e+00,0,none
-1.947597508e+00,1.645228084e+00,-4.804226473e+00,7.300017046e-01,5.535560903e+00,6.160128995e+00,4.835823691e+00,1.940263211e+00,6.716517101e+00,9.730666563e-01,7.939940756e+00,8.501678557e+00,3.364972360e+01,9.281265953e+01,-8.423697151e-01,8.000000000e-01,3,sensor_stuck
-2.485620910e+00,1.756946606e+00,-5.051154835e+00,7.370846613e-01,7.549466770e+00,6.694493929e+00,5.469351102e+00,1.895504756e+00,6.553472680e+00,9.724028137e-01,8.345351251e+00,8.281355356e+00,4.277191244e+01,1.236778421e+02,-8.258653708e-01,9.000000000e-01,3,sensor_stuck
-3.303251864e+00,1.986221046e+00,-5.938565512e+00,7.818283594e-01,8.367488054e+00,7.625172654e+00,6.372250661e+00,1.736811454e+00,5.976356943e+00,9.718347214e-01,8.808430205e+00,7.598460573e+00,5.847863944e+01,1.454456364e+02,-8.509216684e-01,1.000000000e+00,3,sensor_stuck
-4.780350252e+00,2.169247543e+00,-6.759563549e+00,8.251454965e-01,8.738829427e+00,8.668352428e+00,7.624433750e+00,1.283573941e+00,4.319295078e+00,9.713849702e-01,9.068094922e+00,5.563092993e+00,8.733693551e+01,1.583258155e+02,-8.786152284e-01,1.000000000e+00,3,sensor_stuck
3.518715610e-02,9.082468760e-01,-3.544253249e-01,-1.059505561e-01,2.258525776e+00,9.810620759e-01,-2.616967813e-01,9.833291493e-01,3.092543241e-01,8.933376766e-02,2.906205152e+00,1.486383260e+00,1.861571945e+00,1.327162835e+01,4.855022831e-02,1.000000000e-02,0,none
8.408750318e-02,1.048357399e+00,1.184250346e+00,-2.862707572e-02,3.041356042e+00,1.713687078e+00,5.545047142e-02,1.104433649e+00,1.662600834e-01,1.130186000e-03,3.020559649e+00,1.292860332e+00,2.328972385e+00,1.054046326e+01,1.069373507e-01,2.000000000e-02,0,none
-7.176425116e+00,2.714899908e+00,-9.274567796e+00,9.650494744e-01,1.099630267e+01,1.152254841e+01,2.556686179e+00,1.888143977e+00,5.585117923e+00,6.444200200e-01,6.359242261e+00,7.025795124e+00,6.897349085e+01,1.613586345e+02,-8.402560872e-01,9.100000000e-01,4,sensor_dropout
-8.092490489e+00,2.366026354e+00,-8.117980946e+00,9.671879604e-01,1.146127921e+01,1.013366202e+01,3.123125719e+00,1.914717812e+00,5.737526435e+00,6.949922229e-01,7.387022686e+00,7.331032690e+00,8.450654158e+01,1.859290252e+02,-8.535519614e-01,1.000000000e+00,4,sensor_dropout
-9.224538360e+00,1.985462845e+00,-6.805927513e+00,9.696644479e-01,1.192929993e+01,8.592687281e+00,3.945956894e+00,1.897540615e+00,5.563674794e+00,6.565869084e-01,8.039393560e+00,7.110438422e+00,1.082054068e+02,2.032971906e+02,-8.368676805e-01,1.000000000e+00,4,sensor_dropout
-1.065744586e+01,1.413663320e+00,-4.771095397e+00,9.695881903e-01,1.233207488e+01,6.130030246e+00,5.480933914e+00,2.057494843e+00,6.296396177e+00,7.599877154e-01,9.878616153e+00,7.720513734e+00,1.498535177e+02,2.490925587e+02,-8.346748082e-01,1.000000000e+00,4,sensor_dropout
1.525412262e-02,1.007940471e+00,2.294753730e-01,-1.417043877e-02,3.363754319e+00,1.238450703e+00,-7.745190960e-02,9.698961915e-01,2.672131733e-01,-3.748625645e-02,2.628102061e+00,8.533972521e-01,1.962874102e+00,1.208029937e+01,-2.069284243e-02,2.000000000e-02,0,none
1.311660177e-02,9.797925701e-01,2.014514219e-02,1.549263119e-01,2.204325154e+00,1.367069635e+00,-9.569823647e-03,1.055009072e+00,2.133559360e-01,-1.168298033e-01,3.036475640e+00,1.125254985e+00,2.073301250e+00,1.042671728e+01,-8.204965941e-02,3.000000000e-02,0,none
-2.686418927e-02,9.672134093e-01,6.842729405e-01,2.220094575e-02,2.999927911e+00,1.410338714e+00,2.558371156e-01,1.156398319e+00,1.882925995e+00,1.473843076e-01,3.976039580e+00,2.536600013e+00,2.338933166e+00,1.625580748e+01,2.444940980e-02,2.000000000e-02,5,actuator_loss_of_effectiveness
3.604325214e-02,9.621442373e-01,8.029808265e-01,-1.102670307e-02,2.999927911e+00,1.523470103e+00,4.002783052e-01,1.028254031e+00,1.289995362e+00,2.085299406e-01,2.284712040e+00,1.902308604e+00,2.144549724e+00,1.024443665e+01,5.351923501e-03,1.000000000e-02,5,actuator_loss_of_effectiveness
2.049443233e-01,9.792070081e-01,7.518673480e-01,-1.170689853e-02,2.553464712e+00,1.617103157e+00,6.750187520e-01,1.072912829e+00,1.457838322e+00,2.458819885e-01,2.951740985e+00,2.100245120e+00,2.607640795e+00,1.354318439e+01,4.706195888e-02,2.000000000e-02,5,actuator_loss_of_effectiveness
4.936423381e-01,1.054319895e+00,1.634017142e+00,6.396314984e-02,3.168587418e+00,2.166739122e+00,1.037064332e+00,1.165229027e+00,1.374453675e+00,1.299591592e-01,4.379203987e+00,2.260844790e+00,3.788534313e+00,2.173706439e+01,1.541847956e-01,9.000000000e-02,5,actuator_loss_of_effectiveness
-1.094274713e-01,1.018035646e+00,2.842935294e-01,-3.086601740e-02,3.278823918e+00,9.293889916e-01,-2.496672689e-01,1.016692881e+00,6.845364953e-01,-2.523627727e-01,3.174832197e+00,1.054807995e+00,2.144369109e+00,1.184002064e+01,-5.694477044e-02,3.000000000e-02,0,none
9.758740498e-02,9.111820130e-01,2.230893398e-01,3.863966223e-02,2.299969797e+00,1.313266337e+00,1.894882049e-01,1.029062557e+00,-7.025230435e-02,-1.532892256e-01,2.836712276e+00,9.376587108e-01,1.934651488e+00,8.807024643e+00,-4.640434372e-02,0.000000000e+00,0,none
3.891153051e-01,1.092708602e+00,1.436398511e+00,1.347942521e-01,3.132262229e+00,2.147086667e+00,8.311909291e-01,1.103130361e+00,1.913639624e+00,1.449445047e-01,4.478061913e+00,2.555417247e+00,3.253197763e+00,2.528687585e+01,3.171854335e-01,8.000000000e-02,6,actuator_stuck
5.170625688e-01,1.062191696e+00,1.515934079e+00,1.743635780e-01,2.919713689e+00,2.517286858e+00,1.084998011e+00,1.210049491e+00,2.332418672e+00,2.330283043e-01,4.733097357e+00,3.057306866e+00,4.037045353e+00,2.947995870e+01,3.771760627e-01,1.300000000e-01,6,actuator_stuck
7.663984280e-01,1.216720197e+00,2.337917242e+00,3.212164381e-01,3.997466648e+00,3.503350694e+00,1.460369434e+00,1.343811108e+00,3.015540649e+00,3.525496241e-01,4.733097357e+00,3.864576450e+00,6.006281765e+00,2.952974746e+01,4.859913085e-01,2.200000000e-01,6,actuator_stuck
1.480025445e+00,1.400316204e+00,3.192929666e+00,4.489366408e-01,4.512162018e+00,4.318174198e+00,2.288583391e+00,1.510805095e+00,4.058844190e+00,5.379815233e-01,5.666167856e+00,5.379701183e+00,1.167150677e+01,4.610779613e+01,6.403527881e-01,4.500000000e-01,6,actuator_stuck
3.825728304e-02,9.887893355e-01,-3.122248851e-01,-9.973177338e-02,2.562127696e+00,1.424927994e+00,-1.529306167e-01,9.867040133e-01,-8.838505324e-01,7.422904635e-02,2.600404936e+00,1.923422141e+00,1.976140553e+00,7.285051707e+00,2.637562923e-01,0.000000000e+00,0,none
-2.110751678e-02,1.129637854e+00,3.790256228e-01,8.478630391e-03,3.109241749e+00,1.088663321e+00,-1.694645086e-01,8.669098341e-01,8.561180344e-02,1.340764239e-02,2.107490165e+00,1.237461182e+00,2.056778090e+00,9.693006647e+00,-5.661912641e-02,2.000000000e-02,0,none
-1.490031432e-01,1.011218872e+00,-6.116381137e-01,1.770472116e-01,2.870472992e+00,1.118882279e+00,-3.732768065e-01,9.753191784e-01,-1.999954923e-01,-1.166418913e-01,2.859480152e+00,9.128625607e-01,2.135348619e+00,1.313469205e+01,1.572783042e-01,2.000000000e-02,7,actuator_runaway
-1.812530219e-01,9.745609400e-01,-4.398869358e-01,2.339855070e-01,2.870472992e+00,1.207173131e+00,-4.092382356e-01,1.002480331e+00,-2.103445720e-01,-1.093642550e-01,2.859480152e+00,1.063900563e+00,2.155064430e+00,1.313469205e+01,1.838158110e-01,2.000000000e-02,7,actuator_runaway
-2.998729338e-01,9.969081605e-01,-8.504791472e-01,2.100758777e-01,2.870472992e+00,1.584076209e+00,-4.540220612e-01,9.697164359e-01,-4.647837484e-01,-6.061598294e-02,2.859480152e+00,1.251992631e+00,2.230235655e+00,1.313469205e+01,1.213369158e-01,2.000000000e-02,7,actuator_runaway
-4.798285634e-01,9.630863922e-01,-9.320784098e-01,1.115015114e-01,2.866464618e+00,1.492410935e+00,-6.520591394e-01,9.866324466e-01,-1.010167548e+00,1.939462448e-02,3.075342834e+00,1.788361114e+00,2.556395555e+00,1.313469205e+01,2.326648889e-01,2.000000000e-02,7,actuator_runaway
-2.928118374e-01,1.107380507e+00,4.701247826e-01,3.633667678e-02,2.992326376e+00,1.614077268e+00,1.009406016e-01,1.063718906e+00,-1.022349063e+00,4.307827973e-02,2.667975580e+00,1.517677548e+00,2.453717277e+00,1.053390037e+01,-1.037820526e-01,4.000000000e-02,0,none
2.088022654e-02,9.193092000e-01,-2.835214814e-01,-1.037930935e-01,2.744392253e+00,1.179811969e+00,1.489971680e-01,9.824317288e-01,7.025603080e-01,6.283346832e-02,2.859606355e+00,1.231358047e+00,1.832937647e+00,9.245113186e+00,1.103311615e-02,1.000000000e-02,0,none
-9.849895586e-02,1.064691905e+00,-1.616456276e-01,-1.503881795e-01,2.998674138e+00,1.347338292e+00,-5.315393192e-02,9.872640730e-01,2.583716019e-01,8.403231163e-02,2.582896289e+00,7.547167799e-01,2.120786587e+00,9.109523080e+00,-7.715095769e-02,0.000000000e+00,0,none
-1.371150982e-01,1.028846044e+00,4.810704228e-01,-2.225474611e-01,2.958354706e+00,1.109215445e+00,-4.013292545e-02,9.599232765e-01,5.037569246e-01,8.570226788e-02,2.582896289e+00,8.250302148e-01,2.000388081e+00,8.982988704e+00,-2.147385759e-02,0.000000000e+00,0,none
-6.403597642e-02,1.047747405e+00,7.738212090e-01,-2.699457515e-01,2.958354706e+00,1.290861153e+00,1.469567070e-02,9.440186667e-01,2.386009321e-01,-1.733459717e-02,2.582896289e+00,9.207259877e-01,1.993262437e+00,8.982988704e+00,4.009257533e-02,0.000000000e+00,0,none
5.309844571e-02,9.995699444e-01,3.675221274e-01,-2.803683255e-01,2.652890831e+00,1.105077289e+00,5.040300697e-02,8.937531292e-01,5.466153018e-01,1.292305630e-01,2.582896289e+00,1.236076779e+00,1.803294638e+00,7.121076848e+00,5.166818985e-02,0.000000000e+00,0,none
-7.678156182e-03,1.057448690e+00,2.572713942e-01,1.954261214e-01,2.765608475e+00,1.154845405e+00,6.828920511e-02,9.203835000e-01,9.803110842e-02,6.521453720e-02,2.257185578e+00,9.646808570e-01,1.970025889e+00,8.730145881e+00,1.545065423e-01,0.000000000e+00,0,none
-1.565953031e-01,1.175160651e+00,-5.058902381e-01,-3.647106518e-02,3.209640084e+00,9.736913991e-01,-2.187449280e-01,9.444817832e-01,1.821972592e-01,-1.691772126e-02,2.378945646e+00,1.135737138e+00,2.345419826e+00,1.030484008e+01,8.105313057e-02,1.000000000e-02,0,none
2.085123668e+00,1.293755395e+00,3.284188723e+00,5.213138284e-01,5.151220724e+00,4.357347663e+00,-3.658073699e+00,1.029688718e+00,8.186988687e-01,4.339795096e-02,6.761632463e+00,2.071518210e+00,2.046330578e+01,5.651912457e+01,7.668972104e-02,9.000000000e-01,1,sensor_bias
2.396044797e+00,1.269380483e+00,3.134093306e+00,5.218656014e-01,5.294375704e+00,4.108425829e+00,-3.483893396e+00,8.705686689e-01,-5.192666666e-02,-1.478862247e-01,5.584086071e+00,1.023912320e+00,2.024776048e+01,5.651912457e+01,-6.721307996e-02,9.000000000e-01,1,sensor_bias
2.749795465e+00,1.129563005e+00,2.114193606e+00,3.659331565e-01,5.294375704e+00,2.735629957e+00,-3.411449565e+00,8.860263530e-01,8.974016441e-03,-2.088177425e-01,5.584086071e+00,8.382463592e-01,2.126031852e+01,5.651912457e+01,-1.268858554e-01,9.000000000e-01,1,sensor_bias
3.115517558e+00,1.016687642e+00,6.488355795e-01,7.551209173e-02,5.294375704e+00,1.451708291e+00,-3.332208542e+00,8.589228058e-01,5.329902521e-01,-1.558450696e-01,5.584086071e+00,1.255310673e+00,2.258146557e+01,5.651912457e+01,-4.255778842e-02,9.700000000e-01,1,sensor_bias
2.182712219e-02,1.051012827e+00,2.239446859e-01,1.318322084e-01,2.758143723e+00,1.654963544e+00,-1.670085015e-04,8.857640838e-01,1.429371859e-01,-1.478323378e-01,3.187335460e+00,8.792081691e-01,1.889682427e+00,1.308705292e+01,-9.375740241e-02,2.000000000e-02,0,none
-3.847684084e-02,1.030536903e+00,-6.540535218e-02,-4.686226832e-02,3.539898791e+00,7.487791827e-01,5.677873022e-02,9.880381617e-01,-9.268654356e-02,-8.784149395e-02,2.883654141e+00,9.092704457e-01,2.042930009e+00,1.267142479e+01,-2.040091387e-02,2.000000000e-02,0,none
-3.058084908e+00,1.433331151e+00,-2.836732441e+00,5.558854268e-01,5.992513979e+00,4.423339744e+00,1.002617057e+00,1.245012355e+00,2.569824055e+00,4.102672420e-01,3.575279154e+00,3.994525963e+00,1.396161822e+01,3.677736735e+01,-3.419571427e-01,6.800000000e-01,2,sensor_drift
-3.327514079e+00,1.107416330e+00,-1.030849335e+00,3.262286431e-01,5.992513979e+00,2.833707636e+00,1.212491454e+00,1.208945400e+00,2.463492405e+00,3.934534014e-01,3.575279154e+00,3.567923866e+00,1.523040538e+01,3.677736735e+01,-1.915345538e-01,7.600000000e-01,2,sensor_drift
-3.565792032e+00,9.539606261e-01,9.359608521e-03,1.115833140e-01,5.992513979e+00,1.447769598e+00,1.579336738e+00,1.068267369e+00,1.703042302e+00,3.066095239e-01,3.575279154e+00,2.439573282e+00,1.726041339e+01,3.677736735e+01,9.361550311e-02,8.800000000e-01,2,sensor_drift
-3.501458046e+00,9.764976688e-01,8.004570474e-01,1.823839661e-02,5.992513979e+00,1.314823627e+00,1.952366555e+00,9.165866404e-01,1.209722669e+00,1.463054183e-01,4.341570042e+00,1.831477301e+00,1.786562238e+01,3.677736735e+01,2.225805606e-01,8.900000000e-01,2,sensor_drift
4.545642321e-02,1.042129384e+00,-5.336388597e-01,-2.081221287e-01,3.492999836e+00,1.165376001e+00,5.645254460e-02,9.511060868e-01,3.041345586e-02,-6.545602514e-02,2.522783937e+00,1.011699476e+00,1.995889617e+00,1.287596136e+01,-1.801551981e-02,2.000000000e-02,0,none
5.444545980e-02,9.763915973e-01,2.888229827e-01,-1.088996774e-01,2.960121587e+00,7.396659794e-01,-4.429781727e-02,1.024782265e+00,4.109893715e-01,1.299401689e-01,3.120994087e+00,1.503931876e+00,2.008445846e+00,1.064506801e+01,-2.024593175e-02,2.000000000e-02,0,none
-7.203262710e+00,3.467658034e+00,-1.199942453e+01,9.669099137e-01,1.308351949e+01,1.483042954e+01,2.300531699e+00,2.050071209e+00,5.896331447e+00,6.772327792e-01,8.099008867e+00,7.603139426e+00,7.340688397e+01,2.367724268e+02,-8.208660439e-01,8.700000000e-01,3,sensor_stuck
-8.432975585e+00,3.383287141e+00,-1.171839034e+01,9.682834208e-01,1.428323352e+01,1.454834643e+01,2.950121290e+00,2.351428095e+00,7.028002633e+00,7.330739710e-01,1.038292541e+01,9.086271266e+00,9.679413881e+01,3.074210382e+02,-8.610560154e-01,9.700000000e-01,3,sensor_stuck
-1.019476591e+01,3.353790631e+00,-1.161731493e+01,9.705339685e-01,1.583354670e+01,1.454836592e+01,3.907427249e+00,2.449208300e+00,7.474582495e+00,7.612206481e-01,1.038292541e+01,9.889371316e+00,1.364477725e+02,3.166755526e+02,-8.815080001e-01,1.000000000e+00,3,sensor_stuck
-1.299174885e+01,3.229799711e+00,-1.117739404e+01,9.716836319e-01,1.812824167e+01,1.412724414e+01,5.840215266e+00,2.781643262e+00,8.796194502e+00,8.157768227e-01,1.117712507e+01,1.106650970e+01,2.210627979e+02,4.363289452e+02,-9.110109765e-01,1.000000000e+00,3,sensor_stuck
8.459402238e-02,1.081341830e+00,5.575301880e-01,-1.201885330e-01,3.235165727e+00,1.204297988e+00,-3.584900428e-02,9.191261406e-01,1.375853083e-01,-1.213681160e-01,2.220421581e+00,9.092904057e-01,2.022534317e+00,1.065887866e+01,6.177331145e-02,1.000000000e-02,0,none
-8.617727404e-02,1.064226886e+00,6.830396839e-01,8.641427282e-02,2.656688292e+00,1.474033140e+00,-9.030594722e-02,1.040567320e+00,-2.882112747e-01,-8.770077774e-04,2.509110421e+00,1.656224902e+00,2.230940898e+00,8.141729747e+00,-2.328998457e-01,0.000000000e+00,0,none
-2.248247866e+00,1.876023844e+00,-5.575979244e+00,7.283815806e-01,6.275666649e+00,7.079782052e+00,5.092114410e+00,1.188146780e+00,3.995259006e+00,9.761347657e-01,6.404600755e+00,5.254802598e+00,3.591540586e+01,8.034482554e+01,-8.347951868e-01,9.800000000e-01,4,sensor_dropout
-2.764754046e+00,1.838925431e+00,-5.608299595e+00,7.446210738e-01,6.894077370e+00,7.140446447e+00,5.416299069e+00,1.002624024e+00,3.239304686e+00,9.726596637e-01,6.404600755e+00,4.342523991e+00,4.136706222e+01,8.723561496e+01,-8.364083039e-01,1.000000000e+00,4,sensor_dropout
-3.592868798e+00,1.790413246e+00,-5.363216541e+00,6.971060093e-01,7.680484587e+00,6.701278946e+00,5.767775183e+00,6.481657848e-01,1.727579303e+00,9.643541496e-01,6.404600755e+00,2.623285746e+00,4.980163524e+01,9.578927307e+01,-6.818251426e-01,1.000000000e+00,4,sensor_dropout
-4.648184662e+00,1.543780103e+00,-4.086479210e+00,6.139305786e-01,8.464979618e+00,5.462154863e+00,5.849108608e+00,5.179574725e-01,-1.059693018e+00,9.608587890e-01,6.404600755e+00,2.116414232e+00,5.846922910e+01,9.578927307e+01,3.039108463e-01,1.000000000e+00,4,sensor_dropout
-2.176488538e-03,1.137375715e+00,-1.295769469e-01,5.873013077e-03,2.727640054e+00,1.331171763e+00,-9.909841354e-02,9.430851677e-01,4.021207040e-01,1.100627688e-02,2.693241400e+00,1.158984978e+00,2.192858383e+00,9.627935194e+00,-2.513917451e-01,1.000000000e-02,0,none
-6.948199707e-02,9.652621981e-01,2.159861695e-01,-2.373943513e-02,2.564494968e+00,9.084260894e-01,9.903911666e-02,1.083422846e+00,2.523525419e-01,2.011509724e-01,2.767439889e+00,1.159328484e+00,2.120172670e+00,7.943812479e+00,-1.756697790e-01,0.000000000e+00,0,none
-4.647902421e-02,1.029333126e+00,7.120455947e-01,-3.731849890e-02,2.730059526e+00,1.524218797e+00,3.275140218e-01,1.001889484e+00,7.095627223e-01,-7.434688350e-03,2.955791006e+00,1.403183764e+00,2.172734958e+00,1.183186123e+01,5.451738284e-02,1.000000000e-02,5,actuator_loss_of_effectiveness
-4.809786894e-02,1.058596486e+00,5.017239152e-01,-5.453733609e-02,2.730059526e+00,1.557580773e+00,4.315215050e-01,1.078830490e+00,9.335117425e-01,4.128407409e-02,4.018229687e+00,1.889779856e+00,2.473025961e+00,1.677029207e+01,3.266142391e-02,2.000000000e-02,5,actuator_loss_of_effectiveness
1.107777791e-01,1.130550840e+00,1.300741298e+00,1.108562761e-01,3.177752926e+00,1.782633324e+00,5.238546083e-01,1.116904039e+00,1.215582352e+00,8.603997785e-02,4.018229687e+00,2.109168353e+00,2.812315201e+00,1.677029207e+01,1.429293324e-01,5.000000000e-02,5,actuator_loss_of_effectiveness
4.206814767e-01,1.188690702e+00,1.348409381e+00,8.592842980e-02,3.177752926e+00,2.357261709e+00,8.974437611e-01,1.178976835e+00,1.579157487e+00,8.608419724e-02,4.018229687e+00,2.127696253e+00,3.785350173e+00,1.805069785e+01,2.251490609e-01,1.100000000e-01,5,actuator_loss_of_effectiveness
-8.402541077e-02,9.999216630e-01,-1.783454586e-01,4.627071909e-02,2.510692407e+00,1.190224743e+00,5.875354540e-02,1.016123263e+00,-6.426551086e-01,8.019671462e-02,2.661039073e+00,1.408924945e+00,2.042862066e+00,9.025349424e+00,5.050197868e-02,0.000000000e+00,0,none
1.890603093e-01,9.913693497e-01,3.737529092e-01,-1.225150852e-02,2.977172125e+00,1.420509395e+00,-1.734348759e-01,9.842720026e-01,-5.616695072e-01,4.458072432e-02,3.125408868e+00,1.731009310e+00,2.017428019e+00,1.085987574e+01,4.430746863e-02,2.000000000e-02,0,none
5.365571178e-01,1.171488342e+00,2.163652861e+00,1.763645722e-01,3.013238458e+00,2.821207246e+00,1.007407117e+00,1.601141614e+00,4.213397141e+00,5.959713561e-01,4.644144879e+00,5.627705810e+00,5.238802043e+00,2.931134114e+01,4.742091649e-01,2.000000000e-01,6,actuator_stuck
7.891242453e-01,1.151039843e+00,2.126902874e+00,1.898599188e-01,3.013238458e+00,3.054550372e+00,1.486287584e+00,1.827729077e+00,5.173904919e+00,6.736243645e-01,6.030004476e+00,6.879205955e+00,7.497254156e+00,3.995072057e+01,5.213713975e-01,2.900000000e-01,6,actuator_stuck
1.192836280e+00,1.424063861e+00,3.036267504e+00,2.873071388e-01,6.409267974e+00,3.829126901e+00,2.332463960e+00,2.160987248e+00,6.583070829e+00,7.521175217e-01,7.051496745e+00,8.468497747e+00,1.356107028e+01,9.080232230e+01,6.174730607e-01,4.400000000e-01,6,actuator_stuck
2.241873518e+00,1.919703287e+00,5.238170632e+00,6.188386999e-01,6.409267974e+00,6.671835604e+00,4.103022364e+00,2.609312528e+00,8.450608523e+00,8.417348139e-01,1.004632441e+01,1.065545466e+01,3.235456197e+01,1.231547189e+02,7.667985122e-01,6.900000000e-01,6,actuator_stuck
1.065644668e-01,9.938372578e-01,-4.611478731e-01,-1.699237257e-02,2.858570827e+00,8.211986432e-01,1.219689923e-01,1.041841714e+00,-5.843666102e-01,8.786508776e-02,3.033101395e+00,1.744270032e+00,2.099379073e+00,9.201926050e+00,8.795944387e-02,0.000000000e+00,0,none
-2.627942899e-02,8.654157228e-01,2.525134125e-01,-2.043563075e-02,2.140995976e+00,8.295404674e-01,6.643861722e-02,9.142462067e-01,-3.015820652e-01,-1.828239276e-01,2.453305097e+00,8.152647637e-01,1.589895198e+00,8.634048366e+00,-3.629947878e-02,0.000000000e+00,0,none
1.888730393e-01,9.238125583e-01,2.552038214e-01,-1.706554516e-01,2.245814366e+00,9.780931723e-01,9.453962588e-02,8.630107777e-01,-6.355154172e-01,-2.716591900e-02,2.526071518e+00,1.294420352e+00,1.642828011e+00,6.644459749e+00,2.530488049e-01,0.000000000e+00,7,actuator_runaway
1.711634051e-01,9.126593111e-01,8.629157854e-02,-2.531181403e-01,2.391061806e+00,9.231933062e-01,1.008633190e-01,8.462344534e-01,-6.522615077e-01,9.413491599e-03,2.526071518e+00,1.366927306e+00,1.588530089e+00,6.644459749e+00,2.669164862e-01,0.000000000e+00,7,actuator_runaway
2.681271038e-01,9.045030093e-01,4.102458531e-01,-1.557687533e-01,2.391061806e+00,1.223780772e+00,-2.576384517e-02,8.557936591e-01,-6.439524191e-01,2.536845245e-02,2.526071518e+00,1.120395341e+00,1.623064400e+00,6.644459749e+00,2.005160981e-01,0.000000000e+00,7,actuator_runaway
2.429672991e-01,8.606291756e-01,3.664087044e-01,-6.462454507e-02,2.391061806e+00,1.342593910e+00,-1.188017542e-02,9.022714030e-01,3.453817205e-01,1.278917474e-01,2.526071518e+00,1.186677587e+00,1.613950510e+00,6.644459749e+00,6.564825463e-02,0.000000000e+00,7,actuator_runaway
7.384660666e-02,9.062644309e-01,-2.336611893e-01,5.615477282e-02,2.534575010e+00,1.132216351e+00,3.042799972e-02,9.931451475e-01,-1.996903688e-01,-2.785271782e-02,2.737804790e+00,7.634853840e-01,1.814031687e+00,8.868752403e+00,2.761222981e-02,0.000000000e+00,0,none
-3.541233211e-02,1.056852651e+00,2.625109883e-01,6.198021102e-02,2.994405002e+00,1.374194008e+00,7.379362684e-02,9.201190943e-01,-2.877036286e-02,-3.874989965e-02,2.782162523e+00,1.042985120e+00,1.970256207e+00,1.069068440e+01,1.332791380e-02,2.000000000e-02,0,none
3.016712142e-01,8.877154876e-01,-2.694546950e-01,-1.132544629e-01,2.598773930e+00,1.110376857e+00,7.136293481e-02,9.735487451e-01,2.441495668e-01,-9.969164963e-02,2.429756814e+00,1.261318174e+00,1.831934136e+00,8.851648063e+00,6.748205399e-02,0.000000000e+00,0,none
2.275718367e-01,9.102938744e-01,-6.086977386e-01,-3.302419280e-02,2.598773930e+00,1.032368698e+00,5.078121581e-02,9.956533266e-01,2.880915771e-01,-5.116513605e-02,2.429756814e+00,1.343645050e+00,1.874328157e+00,8.851648063e+00,1.690889793e-02,0.000000000e+00,0,none
1.388416709e-01,9.334692847e-01,-5.715172041e-01,-3.692421457e-02,3.083477425e+00,1.152553990e+00,7.267751692e-02,1.003495066e+00,-1.745068470e-01,-1.160475255e-01,2.429756814e+00,1.256059846e+00,1.902926284e+00,9.613671222e+00,1.504029942e-02,1.000000000e-02,0,none
-1.264956871e-02,1.027585495e+00,-5.321166346e-01,-6.888617515e-03,3.083477425e+00,1.232221497e+00,9.327268300e-02,9.444380107e-01,-5.316409115e-01,-1.690401470e-01,2.429756814e+00,1.244617655e+00,1.956754911e+00,9.613671222e+00,4.837585087e-03,1.000000000e-02,0,none
2.755034247e-02,1.068991602e+00,-4.040379759e-01,-2.055148835e-02,3.541685360e+00,1.463165831e+00,1.353775922e-01,1.007312106e+00,3.542577477e-01,-3.448052022e-02,2.613735165e+00,1.150165676e+00,2.176506837e+00,1.257978675e+01,5.408815671e-02,2.000000000e-02,0,none
-2.217444051e-01,9.314013205e-01,7.544942561e-01,2.178213574e-01,2.230911643e+00,1.205307303e+00,-1.607915749e-01,9.964208659e-01,2.639590833e-01,-2.714117339e-01,2.922082838e+00,9.440060825e-01,1.935387474e+00,8.780180753e+00,-7.307630780e-02,0.000000000e+00,0,none
1.815617910e+00,1.257083503e+00,2.916888333e+00,5.061330807e-01,4.970446787e+00,3.934620939e+00,-3.301780745e+00,9.928963647e-01,8.412862474e-01,6.847131505e-02,5.730247377e+00,1.592712873e+00,1.676432661e+01,3.873091762e+01,1.629327103e-01,8.600000000e-01,1,sensor_bias
2.067386029e+00,1.205361134e+00,2.536241499e+00,4.407089677e-01,4.970446787e+00,3.467776503e+00,-3.176681670e+00,1.024043675e+00,1.001209124e+00,8.052010792e-02,5.730247377e+00,1.392075218e+00,1.686695234e+01,3.873091762e+01,1.834288114e-01,8.600000000e-01,1,sensor_bias
2.366543511e+00,1.050459202e+00,1.244258789e+00,1.541240975e-01,4.970446787e+00,2.368892160e+00,-3.075290269e+00,9.584130306e-01,4.275915259e-01,1.588248107e-02,5.503149661e+00,1.109502541e+00,1.707995850e+01,3.873091762e+01,5.859223893e-02,8.500000000e-01,1,sensor_bias
2.825067355e+00,1.104365327e+00,1.208547887e+00,-3.388218378e-02,5.617099209e+00,1.746271432e+00,-3.178532575e+00,9.370845973e-01,-4.809532502e-01,1.814843890e-01,5.174022853e+00,1.615389843e+00,2.018182521e+01,5.704589552e+01,-8.543056843e-02,9.200000000e-01,1,sensor_bias
7.736914793e-02,9.442894682e-01,-3.220732162e-01,-2.385209867e-02,2.893659012e+00,1.384817122e+00,-2.138294027e-01,1.055211553e+00,1.645226194e-01,-7.043576617e-02,2.677879289e+00,9.306725939e-01,2.056863020e+00,8.545974255e+00,-1.454699242e-01,0.000000000e+00,0,none
-1.298410074e-01,1.029077503e+00,1.441546871e-02,-9.324335492e-02,3.038113002e+00,1.500149387e+00,7.667283913e-02,9.396927483e-01,3.595628185e-02,1.018375777e-01,2.652919439e+00,9.593775151e-01,1.964760381e+00,1.251750583e+01,-1.525167996e-01,2.000000000e-02,0,none
1.620755669e-01,1.045359967e+00,6.338979763e-01,1.563572522e-01,3.079649550e+00,1.175454542e+00,-3.238041432e-01,8.618258222e-01,-7.776867409e-01,7.094303544e-02,2.840960603e+00,1.171416130e+00,1.966638821e+00,9.652650299e+00,-1.761998435e-02,1.000000000e-02,2,sensor_drift
2.562433993e-01,1.035251919e+00,5.499852545e-01,8.040777910e-02,3.079649550e+00,9.332503721e-01,-4.321519933e-01,8.780128799e-01,-6.630912508e-01,4.721807510e-02,2.840960603e+00,9.724984399e-01,2.095069177e+00,1.108478281e+01,2.661687868e-02,2.000000000e-02,2,sensor_drift
2.235356370e-01,1.060321457e+00,1.853758349e-01,4.126536282e-02,3.079649550e+00,1.118909267e+00,-4.365918045e-01,9.342442571e-01,-3.592485963e-01,3.176571749e-02,3.229027914e+00,1.122166292e+00,2.237674509e+00,1.215304228e+01,1.695412084e-01,4.000000000e-02,2,sensor_drift
2.900352063e-01,1.098596325e+00,3.074842602e-02,-2.955825441e-02,3.079649550e+00,7.811186025e-01,-5.566747091e-01,8.634297352e-01,-3.869645894e-01,-1.895570462e-03,3.229027914e+00,8.037812856e-01,2.346431946e+00,1.215304228e+01,1.184062809e-01,4.000000000e-02,2,sensor_drift
2.953568071e-03,9.630367323e-01,1.417449612e-01,-1.681790100e-02,2.439912600e+00,9.794300969e-01,-2.385725261e-02,8.743865489e-01,6.217945433e-02,1.796839486e-02,2.677781681e+00,6.938634262e-01,1.692569477e+00,8.909189675e+00,-4.801445511e-02,0.000000000e+00,0,none
-7.751878758e-03,9.699330673e-01,1.073219330e-01,-9.722527355e-02,3.003556244e+00,9.810344129e-01,-1.004364095e-01,9.928602794e-01,-4.213654665e-02,9.302272735e-02,2.787205629e+00,9.571747409e-01,1.936689253e+00,9.878179345e+00,-5.188645623e-02,2.000000000e-02,0,none
6.208802611e-01,1.061478533e+00,7.431015792e-01,-3.832707378e-02,3.146422185e+00,1.749872820e+00,-1.605154634e+00,1.093665942e+00,-3.708636401e+00,9.703455826e-01,3.849165574e+00,4.755661140e+00,5.284855567e+00,2.030372886e+01,-2.253617081e-01,2.200000000e-01,3,sensor_stuck
7.463432067e-01,1.115122392e+00,1.436047329e+00,3.780887837e-02,3.181630866e+00,2.020091695e+00,-1.999470432e+00,1.250384356e+00,-4.267338409e+00,9.703363321e-01,4.535291121e+00,5.425998577e+00,7.361869174e+00,2.953415853e+01,-3.934473235e-01,3.200000000e-01,3,sensor_stuck
1.097960630e+00,1.270863633e+00,2.699363505e+00,3.156563218e-01,4.674598813e+00,3.333749958e+00,-2.688542012e+00,1.481189170e+00,-5.091691645e+00,9.707525072e-01,5.562725117e+00,6.426103830e+00,1.224279143e+01,5.219478799e+01,-6.351440304e-01,4.700000000e-01,3,sensor_stuck
2.029422788e+00,1.633873863e+00,4.225451407e+00,5.201266765e-01,5.677158387e+00,5.783682217e+00,-4.046193745e+00,1.725378410e+00,-5.965838545e+00,9.716849887e-01,7.076227182e+00,7.547522251e+00,2.613671513e+01,8.230311848e+01,-7.634489021e-01,7.200000000e-01,3,sensor_stuck
-5.921684039e-02,7.657547329e-01,-3.729477866e-01,1.183566638e-01,1.888011110e+00,1.199486134e+00,1.795155177e-02,9.862691458e-01,-4.952955087e-01,1.274845919e-01,2.767526598e+00,1.452791541e+00,1.562936031e+00,9.847432692e+00,-6.196552676e-02,1.000000000e-02,0,none
-4.631429607e-02,9.923008925e-01,-1.011014122e+00,2.073449239e-01,3.060519618e+00,2.022756855e+00,-2.510024465e-01,1.030766439e+00,6.270312763e-01,-1.244544056e-01,2.781965337e+00,1.177659606e+00,2.112287755e+00,1.025478583e+01,-6.356462363e-02,1.000000000e-02,0,none
-1.225760703e+01,2.122458209e+00,5.484483220e+00,9.412997606e-01,1.925213353e+01,7.981971299e+00,5.332468286e+00,2.372415691e+00,7.000503286e+00,7.525823161e-01,1.039932036e+01,8.841789238e+00,1.888173331e+02,3.733872160e+02,8.068367709e-01,1.000000000e+00,4,sensor_dropout
-1.156879286e+01,1.131842544e+00,2.734361520e+00,9.232479405e-01,1.577369473e+01,3.948417547e+00,6.079920100e+00,1.987915463e+00,5.685880162e+00,6.683613183e-01,1.039932036e+01,7.267086934e+00,1.760352720e+02,2.626849563e+02,6.923084158e-01,1.000000000e+00,4,sensor_dropout
-1.098976963e+01,4.770071592e-01,1.262944056e+00,9.172863273e-01,1.239153231e+01,1.551976301e+00,6.910230377e+00,1.675784499e+00,4.612016121e+00,5.951493956e-01,1.085512036e+01,5.857189824e+00,1.715621099e+02,2.308697334e+02,6.050455115e-01,1.000000000e+00,4,sensor_dropout
-1.034454891e+01,1.000079280e+00,3.019163118e+00,9.642565584e-01,1.124654942e+01,4.211745761e+00,7.902188527e+00,1.398460140e+00,3.145746453e+00,4.802406763e-01,1.085512036e+01,4.439642551e+00,1.724101250e+02,2.308697334e+02,4.771689186e-01,1.000000000e+00,4,sensor_dropout
-5.181684131e-02,9.601118283e-01,-2.747326049e-01,3.177607119e-02,2.583627856e+00,1.193770547e+00,2.879365666e-03,9.124248844e-01,-4.475004324e-01,2.873377287e-02,2.335023117e+00,8.792123496e-01,1.757027168e+00,1.164148880e+01,-8.089719438e-03,1.000000000e-02,0,none
8.950108787e-02,1.101030811e+00,1.314590885e-01,-1.365616222e-01,2.506432653e+00,9.082759857e-01,-2.448923766e-02,8.978133132e-01,-4.426694645e-01,6.762479281e-02,2.741463752e+00,8.717918723e-01,2.026947759e+00,8.280235950e+00,-2.702014826e-02,0.000000000e+00,0,none
-1.076387014e+00,1.216500639e+00,-2.646884053e+00,2.668208497e-01,3.739543897e+00,3.646790142e+00,-1.814727906e+00,1.419477896e+00,-3.393536680e+00,5.377303384e-01,5.167690622e+00,4.524208844e+00,7.946637676e+00,3.489465609e+01,4.621175562e-01,3.700000000e-01,5,actuator_loss_of_effectiveness
-1.376857629e+00,1.261686944e+00,-2.934992854e+00,3.553177329e-01,3.800170994e+00,3.935221927e+00,-2.123771263e+00,1.424158346e+00,-3.495317782e+00,5.981331989e-01,5.167690622e+00,4.516254069e+00,1.002622225e+01,3.888311678e+01,4.946896357e-01,4.700000000e-01,5,actuator_loss_of_effectiveness
-1.808317629e+00,1.272957125e+00,-3.074937842e+00,4.035304741e-01,4.463522757e+00,4.140570022e+00,-2.620502089e+00,1.374544504e+00,-3.119828579e+00,5.336546541e-01,5.660751830e+00,4.224245547e+00,1.364683628e+01,4.223750078e+01,4.766628963e-01,6.200000000e-01,5,actuator_loss_of_effectiveness
-2.497774468e+00,1.163171525e+00,-2.492192663e+00,2.983117351e-01,5.242525129e+00,3.654423943e+00,-3.240485591e+00,1.215560465e+00,-2.313700083e+00,3.809484078e-01,6.268849994e+00,3.469577758e+00,1.957017940e+01,5.338607750e+01,3.166791319e-01,8.200000000e-01,5,actuator_loss_of_effectiveness
1.167731325e-01,1.051536311e+00,-4.450695739e-04,-3.966796919e-02,2.571079019e+00,9.864441785e-01,-3.508533151e-02,9.749298707e-01,5.702142277e-01,7.133560571e-02,2.548969087e+00,1.604941828e+00,2.071083811e+00,8.684481916e+00,6.962888505e-02,0.000000000e+00,0,none
-2.291470950e-01,1.020250103e+00,1.617946458e-01,1.225888482e-02,2.529595572e+00,1.070247535e+00,-6.717000354e-04,9.868586205e-01,-6.501559619e-02,8.133777942e-03,2.323300547e+00,1.206063926e+00,2.067309052e+00,9.037315815e+00,8.036827460e-02,0.000000000e+00,0,none
2.690160215e-01,1.101746236e+00,1.557156824e+00,1.327832348e-01,3.242522451e+00,2.346301711e+00,7.896963866e-01,1.198252254e+00,2.340736785e+00,3.577343753e-01,3.778392919e+00,3.079067957e+00,3.345643235e+00,1.749240895e+01,2.404580750e-01,7.000000000e-02,6,actuator_stuck
4.226939685e-01,1.155803322e+00,2.155425595e+00,2.256827765e-01,3.373743425e+00,2.995627111e+00,1.082624385e+00,1.252091696e+00,2.571680281e+00,4.111375559e-01,4.816938251e+00,3.503904039e+00,4.254360684e+00,3.167058607e+01,3.355564342e-01,1.000000000e-01,6,actuator_stuck
7.707222148e-01,1.284294007e+00,3.008731106e+00,3.960455311e-01,4.013466975e+00,3.795044207e+00,1.584831749e+00,1.443038584e+00,3.429659825e+00,5.684619822e-01,5.477385051e+00,4.715830532e+00,6.837475855e+00,4.045839195e+01,4.356326911e-01,2.400000000e-01,6,actuator_stuck
1.675340331e+00,1.474760233e+00,3.727353497e+00,5.131301728e-01,5.310508548e+00,4.985111271e+00,2.810718568e+00,2.037296166e+00,6.005371619e+00,7.752643421e-01,7.495555924e+00,7.865618800e+00,1.703239750e+01,7.132540201e+01,6.426226251e-01,4.800000000e-01,6,actuator_stuck
-1.386306630e-01,1.060642956e+00,4.517721605e-01,-2.286127686e-02,2.702584743e+00,1.089253263e+00,-7.401151755e-02,9.834598325e-01,8.431367963e-01,-1.081759345e-02,2.450208747e+00,1.403987188e+00,2.116852888e+00,9.377977068e+00,6.645171937e-03,1.000000000e-02,0,none
7.159047267e-02,1.098127874e+00,-6.925553711e-02,1.578455020e-01,3.060763814e+00,9.465023387e-01,-1.386167957e-01,9.692316093e-01,-3.435195296e-01,-1.279275446e-02,2.601174941e+00,1.235224300e+00,2.169634552e+00,1.082872143e+01,-1.695047282e-02,2.000000000e-02,0,none
3.238450996e-01,1.103878532e+00,7.262587048e-01,8.391591247e-02,2.923933815e+00,1.555406583e+00,5.106073207e-01,9.971569963e-01,1.484428327e+00,1.832021942e-01,3.340814241e+00,2.189816935e+00,2.578465374e+00,1.129409456e+01,2.116668165e-02,3.000000000e-02,7,actuator_runaway
3.625708821e-01,1.113560615e+00,1.070743146e+00,5.001993367e-02,2.923933815e+00,1.730819508e+00,6.821301397e-01,9.890130025e-01,1.349627076e+00,6.607502212e-02,3.340814241e+00,1.945486588e+00,2.814923134e+00,1.129409456e+01,1.240806273e-01,6.000000000e-02,7,actuator_runaway
5.614971227e-01,1.174004977e+00,1.437907096e+00,9.384143044e-02,3.357174474e+00,2.040263261e+00,9.318983048e-01,1.046991343e+00,1.545025692e+00,1.563235952e-01,3.836020165e+00,2.195802886e+00,3.658192029e+00,2.102773705e+01,2.088958485e-01,1.000000000e-01,7,actuator_runaway
9.134298585e-01,1.205746167e+00,1.455917196e+00,2.452160842e-02,3.675429703e+00,2.095296195e+00,1.318325007e+00,1.045996712e+00,1.548593818e+00,1.845868216e-01,3.836020165e+00,2.243723309e+00,5.120267869e+00,2.102773705e+01,2.187969218e-01,2.000000000e-01,7,actuator_runaway
-8.621530888e-02,1.060523013e+00,5.007000495e-01,-1.219430033e-01,2.448997544e+00,1.008177941e+00,1.837873527e-02,9.630783306e-01,2.148422015e-01,1.618752901e-02,2.864983008e+00,1.139570453e+00,2.059999789e+00,1.412083903e+01,1.562050674e-02,2.000000000e-02,0,none
-7.566705477e-02,9.765509042e-01,-3.641974780e-01,-1.611572504e-01,2.934316785e+00,1.261901452e+00,-5.022435046e-02,9.241585605e-01,3.519148996e-01,-2.505016502e-01,2.462453616e+00,8.221223050e-01,1.815968702e+00,9.547895444e+00,6.567612805e-02,1.000000000e-02,0,none
2.332240195e-02,1.038762706e+00,-2.258863701e-01,5.897701556e-02,3.075603889e+00,1.416867519e+00,-8.574000759e-02,1.077282435e+00,-6.294783405e-01,-1.442751516e-01,2.854120419e+00,1.336868230e+00,2.247460688e+00,1.014688918e+01,6.649871781e-02,2.000000000e-02,0,none
3.220065355e-02,1.043002096e+00,5.245122321e-03,6.231032562e-02,3.075603889e+00,1.416958370e+00,-2.139358966e-02,1.072425227e+00,-1.063392980e-01,-7.607155573e-02,2.854120419e+00,1.806597081e+00,2.239443807e+00,1.014688918e+01,6.654548414e-02,2.000000000e-02,0,none
1.013934399e-01,1.048111069e+00,-2.289796010e-01,6.586597498e-02,3.075603889e+00,1.659133122e+00,-6.536109388e-02,1.003610215e+00,7.385884619e-01,-9.756203368e-02,2.854120419e+00,1.485634300e+00,2.120322979e+00,1.014688918e+01,1.062227668e-01,2.000000000e-02,0,none
4.216031210e-02,1.035503158e+00,1.797700928e-01,4.019722152e-02,2.715277376e+00,1.451817175e+00,9.312202111e-02,1.013647622e+00,9.278896671e-01,1.779484177e-02,2.502813338e+00,1.802257613e+00,2.110197495e+00,1.084484441e+01,1.437458355e-01,1.000000000e-02,0,none
5.178360137e-02,1.045742700e+00,1.443507186e-01,6.686308292e-02,2.595059301e+00,8.869145766e-01,2.847107998e-02,1.036578776e+00,3.469331815e-02,-1.192811416e-01,3.138275225e+00,9.601868701e-01,2.171565498e+00,1.318620449e+01,-6.545545215e-02,1.000000000e-02,0,none
9.900100585e-02,1.013320085e+00,6.146526556e-01,-7.669892856e-02,2.899648815e+00,1.287495934e+00,1.297495856e-01,9.944000431e-01,1.206903806e-02,1.138034047e-01,2.579459355e+00,1.381277378e+00,2.042285195e+00,9.056704206e+00,-9.378005586e-03,0.000000000e+00,0,none
-9.567961472e-01,1.332770495e+00,-1.945292425e+00,1.035489155e-01,4.406611894e+00,2.880998062e+00,1.760217971e+00,1.070573294e+00,-6.383628464e-01,1.432447737e-01,4.430285842e+00,1.353188261e+00,6.936230544e+00,2.072445181e+01,1.079437059e-01,3.200000000e-01,1,sensor_bias
-1.097951287e+00,1.327801191e+00,-1.801800257e+00,1.221474024e-01,4.406611894e+00,2.547420975e+00,1.703014371e+00,1.105168903e+00,-6.379083425e-01,8.230629262e-02,4.430285842e+00,1.124890715e+00,7.090209282e+00,2.072445181e+01,1.094727854e-01,3.500000000e-01,1,sensor_bias
-1.324752263e+00,1.223734023e+00,-9.448680783e-01,2.614584520e-02,4.406611894e+00,1.608706317e+00,1.555478958e+00,1.087832464e+00,-1.985639709e-01,6.052311344e-02,4.010416864e+00,9.654996576e-01,6.855387776e+00,2.072445181e+01,2.885488765e-03,3.000000000e-01,1,sensor_bias
-1.472852292e+00,1.082631197e+00,-3.783200610e-01,-4.649358541e-02,4.406611894e+00,9.335769769e-01,1.583301051e+00,1.114012752e+00,-1.148274499e-01,9.084646762e-02,4.010416864e+00,1.367320540e+00,7.089250810e+00,2.072445181e+01,-3.959340607e-02,3.100000000e-01,1,sensor_bias
1.133056277e-01,1.002008441e+00,-3.006067902e-03,4.943643347e-02,3.346020571e+00,1.100112018e+00,6.254652727e-02,9.703516257e-01,5.011534608e-01,-3.756555910e-02,3.215006415e+00,1.213568082e+00,1.962353427e+00,1.125619671e+01,3.530653870e-02,2.000000000e-02,0,none
-9.696905301e-02,9.000956828e-01,6.754983253e-01,1.198979588e-01,3.077089264e+00,1.305346449e+00,5.119656834e-03,9.047345080e-01,-2.957115365e-01,1.431059679e-02,2.514901021e+00,9.136679187e-01,1.638145976e+00,1.062792230e+01,1.303044456e-01,1.000000000e-02,0,none
2.590011930e-01,1.121447809e+00,9.459394199e-01,-9.713843991e-03,3.577550580e+00,1.252599946e+00,-5.818985067e-01,1.146441841e+00,-1.991124583e+00,2.829793967e-01,2.983790006e+00,3.007198852e+00,2.977661573e+00,1.348366055e+01,-1.263415132e-01,4.000000000e-02,2,sensor_drift
3.707223119e-01,1.124701545e+00,1.177808252e+00,2.485889699e-02,3.577550580e+00,1.660313553e+00,-7.565050122e-01,1.120534997e+00,-1.455425333e+00,1.616269903e-01,2.994805987e+00,2.310979756e+00,3.230287111e+00,1.348366055e+01,-1.071777650e-01,5.000000000e-02,2,sensor_drift
5.389995332e-01,1.167821072e+00,1.410168834e+00,3.838795965e-03,3.577550580e+00,2.216097800e+00,-1.069176619e+00,1.185353231e+00,-1.697733258e+00,1.862971306e-01,3.434182299e+00,2.125510748e+00,4.202527478e+00,1.554242612e+01,-9.261174309e-02,1.000000000e-01,2,sensor_drift
8.357771683e-01,1.144336446e+00,1.924584897e+00,5.942420390e-02,3.510780727e+00,2.542528679e+00,-1.486533914e+00,1.190958758e+00,-1.690531945e+00,1.656578530e-01,3.641120880e+00,2.729972410e+00,5.636195218e+00,1.827681838e+01,-1.022100897e-01,1.900000000e-01,2,sensor_drift
2.328687578e-01,9.398166228e-01,1.146298457e-01,-6.345788051e-02,2.494276121e+00,9.724471307e-01,8.999249214e-02,1.053621746e+00,-3.102797433e-01,9.185800088e-02,2.250256460e+00,1.292664566e+00,2.055700575e+00,8.683538845e+00,2.696339282e-02,0.000000000e+00,0,none
-1.877813042e-01,9.418336657e-01,-1.003128772e-01,-2.304136876e-01,2.242533492e+00,1.098394920e+00,-5.332251861e-03,9.468150683e-01,-1.190440234e-01,-1.834012753e-01,2.239518341e+00,1.125606629e+00,1.818799679e+00,7.557021010e+00,4.415904024e-02,0.000000000e+00,0,none
-4.812309464e+00,1.766119702e+00,-5.799690465e+00,9.590974843e-01,6.734096997e+00,7.310869024e+00,1.457938479e+00,1.698446077e+00,4.542721208e+00,6.555348653e-01,5.166055611e+00,5.907631805e+00,3.128780486e+01,6.822116225e+01,-7.131843912e-01,8.400000000e-01,3,sensor_stuck
-5.372458809e+00,1.319217405e+00,-4.334123044e+00,9.623490359e-01,6.734096997e+00,5.549185512e+00,1.829833594e+00,1.728154870e+00,4.502692639e+00,5.866439219e-01,5.663657577e+00,5.910106334e+00,3.693845845e+01,7.653142437e+01,-7.285952905e-01,9.400000000e-01,3,sensor_stuck
-5.917361159e+00,8.564732721e-01,-2.694913065e+00,9.662900496e-01,6.734096997e+00,3.601450052e+00,2.555265192e+00,1.819320415e+00,5.001151990e+00,6.397095741e-01,6.894358332e+00,6.335445961e+00,4.558801653e+01,9.038179658e+01,-7.295641691e-01,1.000000000e+00,3,sensor_stuck
-6.282719468e+00,3.861845004e-01,-2.532766475e-01,9.501774925e-01,6.734096997e+00,1.671567912e+00,3.534468763e+00,1.574757608e+00,3.724199238e+00,4.749543430e-01,6.894358332e+00,4.965842660e+00,5.459403334e+01,9.038179658e+01,-2.562546887e-01,1.000000000e+00,3,sensor_stuck
1.060399829e-01,1.081507378e+00,1.051025226e+00,1.524854723e-01,2.488488662e+00,1.854848272e+00,1.111681732e-01,9.208191498e-01,7.843103884e-02,-1.028581281e-01,3.195015949e+00,8.574556212e-01,2.041168956e+00,1.210130235e+01,-1.218421556e-01,1.000000000e-02,0,none
-2.706837042e-01,9.586239415e-01,7.695691385e-01,9.687286568e-02,2.408356255e+00,1.649725450e+00,-2.055043298e-03,1.086225961e+00,2.718978278e-01,7.311289605e-02,2.947279732e+00,1.346501880e+00,2.172120590e+00,1.087211450e+01,1.355221315e-01,2.000000000e-02,0,none
-2.610944840e+00,4.367755763e+00,-1.448089786e+01,9.582769200e-01,8.519751504e+00,1.788816117e+01,5.924805763e-02,1.560232178e+00,3.910234006e+00,5.687557588e-01,3.837577685e+00,5.476636707e+00,2.833215815e+01,7.585300243e+01,-6.036240652e-01,7.400000000e-01,4,sensor_dropout
-4.125704414e+00,3.455854107e+00,-1.167915799e+01,9.595891986e-01,9.036067031e+00,1.427480660e+01,4.559285801e-01,1.826329537e+00,5.218852973e+00,6.863607706e-01,4.781334196e+00,6.904966792e+00,3.250771496e+01,1.027871890e+02,-7.672584381e-01,7.400000000e-01,4,sensor_dropout
-5.870233571e+00,2.737848584e+00,-9.427688176e+00,9.651427618e-01,1.008534260e+01,1.163987267e+01,1.221769559e+00,1.996064168e+00,5.903552554e+00,6.984888652e-01,5.664073581e+00,7.634658780e+00,4.743245007e+01,1.337958649e+02,-8.396195547e-01,8.300000000e-01,4,sensor_dropout
-8.071541241e+00,2.306425123e+00,-7.973070662e+00,9.706183821e-01,1.161584183e+01,1.003757660e+01,2.870018207e+00,2.280609765e+00,6.933568793e+00,7.679140509e-01,7.386096306e+00,8.899771323e+00,8.390756027e+01,1.835603129e+02,-8.704945698e-01,1.000000000e+00,4,sensor_dropout
8.811891852e-02,1.007992596e+00,3.804690200e-01,2.985112431e-02,2.999546529e+00,9.850089759e-01,-6.749848812e-02,1.074210214e+00,8.678054137e-02,6.785567984e-02,3.009110067e+00,1.135572891e+00,2.182297648e+00,1.215099299e+01,-2.196554944e-02,2.000000000e-02,0,none
-2.511142844e-02,9.731097703e-01,-5.503772355e-01,-7.275085688e-02,2.599880170e+00,1.095279099e+00,1.201683659e-01,1.051330283e+00,-3.917692300e-01,-8.509545663e-02,2.928455076e+00,1.308951502e+00,2.067309010e+00,1.066839956e+01,-8.097337626e-03,3.000000000e-02,0,none
1.729912629e+00,1.665725113e+00,4.288529357e+00,5.312838518e-01,7.082724215e+00,5.482971154e+00,2.933411229e+00,2.228390286e+00,7.075818173e+00,8.313672138e-01,7.973842351e+00,9.051081967e+00,1.933786256e+01,9.019600897e+01,6.947925729e-01,5.300000000e-01,5,actuator_loss_of_effectiveness
2.240598770e+00,1.891034995e+00,5.176294554e+00,6.155747397e-01,7.082724215e+00,6.702387752e+00,3.632684571e+00,2.281920728e+00,7.314473555e+00,8.477262027e-01,8.011478686e+00,9.534536052e+00,2.699985560e+01,9.980142460e+01,7.335019747e-01,6.300000000e-01,5,actuator_loss_of_effectiveness
3.028516140e+00,2.068330971e+00,5.890517771e+00,6.514560249e-01,8.078538578e+00,7.720242850e+00,4.752460510e+00,2.470504259e+00,7.989685336e+00,8.470060477e-01,1.016902572e+01,1.007872122e+01,4.213917521e+01,1.557267934e+02,7.477764220e-01,7.700000000e-01,5,actuator_loss_of_effectiveness
4.663938773e+00,2.490854069e+00,7.610296527e+00,7.669141130e-01,9.691658553e+00,9.656440672e+00,6.892272210e+00,2.707773322e+00,8.832993028e+00,8.672409050e-01,1.268137655e+01,1.109939277e+01,8.279213145e+01,2.378386100e+02,8.221889092e-01,9.600000000e-01,5,actuator_loss_of_effectiveness
4.499618583e-03,9.974443639e-01,3.041455282e-01,1.113627718e-01,2.989300235e+00,1.240661585e+00,1.179723106e-01,8.884452187e-01,-3.281139557e-01,-4.261745373e-04,2.257845023e+00,1.013838887e+00,1.798167878e+00,9.257786961e+00,3.479729409e-02,1.000000000e-02,0,none
1.038410910e-01,1.055774152e+00,1.097164673e-01,-6.037553425e-02,3.200266127e+00,7.245085019e-01,-1.713064444e-03,1.118510811e+00,1.925940564e-01,-2.293960312e-02,3.832893053e+00,1.065260886e+00,2.376511401e+00,1.527488871e+01,-1.571166123e-01,3.000000000e-02,0,none
-1.809652588e-01,9.795060894e-01,-3.340125546e-01,-9.327512401e-02,2.336663986e+00,9.063823318e-01,-5.044039429e-01,1.056293483e+00,-8.277986452e-01,-9.806510661e-02,3.218608841e+00,1.367143571e+00,2.362359863e+00,1.225784983e+01,-9.100511179e-03,4.000000000e-02,6,actuator_stuck
-2.859875031e-01,1.053768652e+00,-1.014401017e+00,-3.230739954e-02,3.380948989e+00,1.683546940e+00,-7.670714605e-01,1.168898963e+00,-1.431430011e+00,1.199865055e-01,3.531137269e+00,2.463271653e+00,3.146940637e+00,1.749084466e+01,1.826370778e-01,9.000000000e-02,6,actuator_stuck
-5.077215779e-01,1.126572429e+00,-1.701761223e+00,6.745187657e-02,3.380948989e+00,2.657055422e+00,-1.051782677e+00,1.271359917e+00,-2.561982263e+00,3.680597543e-01,3.746494517e+00,3.695337642e+00,4.249549476e+00,1.749084466e+01,3.310328657e-01,1.500000000e-01,6,actuator_stuck
-1.087147096e+00,1.347517676e+00,-3.027592787e+00,3.638334250e-01,4.166469745e+00,4.134293282e+00,-1.990314125e+00,1.764221919e+00,-4.905036852e+00,6.489181786e-01,6.608971870e+00,6.486994117e+00,1.007152199e+01,5.015587514e+01,5.712331958e-01,3.600000000e-01,6,actuator_stuck
6.701652042e-03,1.039131756e+00,-6.933444164e-01,2.546386634e-02,2.259060766e+00,1.540399838e+00,7.080817693e-02,1.020968218e+00,4.695417614e-02,4.435918533e-02,2.693490544e+00,1.098846590e+00,2.127229618e+00,8.056866349e+00,1.138076640e-01,0.000000000e+00,0,none
1.535665695e-01,9.084598958e-01,-3.659218113e-01,1.505231969e-02,2.430931309e+00,1.073235591e+00,9.419525397e-02,9.011157122e-01,-1.654229600e-01,-4.455999559e-02,2.406521121e+00,1.205728385e+00,1.669764346e+00,9.629139146e+00,9.301784249e-02,1.000000000e-02,0,none
-3.746603265e-01,1.040059152e+00,-1.312404856e+00,1.485778280e-02,2.987502067e+00,2.159048825e+00,-5.668674140e-01,1.083229431e+00,-9.932690188e-01,5.174157538e-02,3.650384402e+00,1.698147515e+00,2.716818064e+00,1.440379318e+01,1.331535432e-01,6.000000000e-02,7,actuator_runaway
-4.307361195e-01,9.878749172e-01,-1.447906967e+00,3.130289480e-02,2.987502067e+00,2.141891662e+00,-6.884451801e-01,1.147443714e+00,-1.421422182e+00,1.191404862e-01,3.650384402e+00,2.091783576e+00,2.952014299e+00,1.565998545e+01,1.641372191e-01,7.000000000e-02,7,actuator_runaway
-5.698460736e-01,1.009253166e+00,-1.132814773e+00,3.634250491e-02,2.987502067e+00,1.845175883e+00,-8.885121955e-01,1.120507120e+00,-1.058071078e+00,4.816067396e-02,3.650384402e+00,1.643920793e+00,3.388306628e+00,1.565998545e+01,1.681973497e-01,9.000000000e-02,7,actuator_runaway
-8.820871003e-01,1.020936846e+00,-1.024766597e+00,1.548986165e-01,3.350697013e+00,1.744288274e+00,-1.231012720e+00,1.217599686e+00,-2.133448683e+00,2.570203852e-01,3.792404458e+00,2.749238761e+00,4.818331010e+00,1.940242960e+01,1.910356410e-01,1.700000000e-01,7,actuator_runaway
6.993266417e-02,9.954748023e-01,-2.701992955e-01,5.272729378e-02,2.886388273e+00,1.130646167e+00,3.026642361e-02,1.050116370e+00,-2.277260046e-01,-3.676890397e-03,2.330140621e+00,1.275606188e+00,2.099521107e+00,1.290541207e+01,-6.893284837e-04,1.000000000e-02,0,none
-2.114570329e-01,1.088799818e+00,-4.706826226e-01,1.137149127e-02,2.981103456e+00,9.997040363e-01,1.072021483e-01,1.102217435e+00,-1.151538446e-01,3.219479376e-02,3.057312429e+00,1.486833354e+00,2.456574694e+00,9.961026392e+00,-1.844437134e-02,2.000000000e-02,0,none
-3.416856838e-02,1.165036165e+00,-5.346199646e-01,-5.893226814e-03,2.585212511e+00,1.541501364e+00,1.589811067e-01,1.020721156e+00,1.859171870e-01,-1.204385542e-01,2.822037329e+00,8.694334096e-01,2.425623426e+00,1.025671478e+01,-6.635046661e-02,3.000000000e-02,0,none
-2.962225254e-02,1.154910516e+00,-2.966792956e-01,1.313488858e-02,2.585212511e+00,1.459553475e+00,1.531802361e-01,1.044047963e+00,2.812020571e-01,-7.570443258e-02,2.822037329e+00,8.410091436e-01,2.448196111e+00,1.025671478e+01,-6.786193031e-02,3.000000000e-02,0,none
-6.838384705e-02,1.060666750e+00,5.701019472e-02,-7.119538070e-02,2.585212511e+00,1.327764054e+00,1.412196980e-01,9.963474705e-01,4.835330751e-01,1.537190238e-02,2.822037329e+00,9.306519719e-01,2.142341590e+00,1.025671478e+01,-5.365153002e-02,2.000000000e-02,0,none
-5.953058906e-02,1.075291561e+00,3.261500610e-01,-7.303742116e-02,2.585212511e+00,1.322988932e+00,1.416745948e-01,8.806382990e-01,3.488309335e-01,5.197464156e-02,2.075324634e+00,9.288778742e-01,1.955391336e+00,6.945489240e+00,7.279578305e-03,0.000000000e+00,0,none
-4.571699446e-02,1.049622342e+00,7.690437453e-01,9.898416070e-02,2.685756987e+00,1.516706423e+00,1.730073512e-02,9.943428374e-01,-3.787223064e-01,-7.059544561e-02,2.496758951e+00,9.630930937e-01,2.092814098e+00,9.175704710e+00,-3.211535368e-02,0.000000000e+00,0,none
-1.277817830e-01,1.014666618e+00,-1.128360278e-02,-8.108676407e-02,3.200505523e+00,1.010228016e+00,-4.536568121e-02,9.230214292e-01,-1.684626055e-01,-1.539519680e-01,2.891171689e+00,9.172005793e-01,1.899903133e+00,1.860210934e+01,-2.065829840e-02,1.000000000e-02,0,none
-1.698271349e+00,2.612915345e+00,7.821663802e+00,8.111481565e-01,8.226291203e+00,1.066649541e+01,1.151087001e+00,1.103072296e+00,-1.574174076e-02,1.216373240e-01,4.031341884e+00,1.863232003e+00,1.225322195e+01,6.980790978e+01,2.574645199e-02,3.700000000e-01,1,sensor_bias
-9.901399287e-01,2.151652677e+00,5.834237298e+00,7.149372994e-01,6.428408670e+00,8.114232499e+00,1.181226439e+00,1.072895444e+00,-7.073234739e-01,1.043419373e-01,4.031341884e+00,1.775827633e+00,8.156386857e+00,4.159342550e+01,-1.934564213e-01,2.800000000e-01,1,sensor_bias
-2.831066115e-01,1.605652683e+00,3.377770871e+00,5.160058132e-01,4.376577969e+00,4.830351658e+00,1.122045519e+00,1.104518068e+00,-1.248343467e+00,1.519366565e-01,4.031341884e+00,1.988110172e+00,5.137216200e+00,3.200538481e+01,-3.471550008e-01,1.400000000e-01,1,sensor_bias
3.244560847e-01,1.144990156e+00,2.469371561e-01,1.103380389e-01,3.626393884e+00,1.323045607e+00,8.161512520e-01,1.028526229e+00,-1.000839488e+00,7.259752902e-02,3.079785267e+00,1.436254698e+00,3.140243278e+00,1.437615917e+01,-6.367666040e-02,5.000000000e-02,1,sensor_bias
-1.107217800e-01,9.012089539e-01,3.070517442e-01,-2.081167886e-01,2.536277005e+00,9.104343523e-01,7.828203312e-03,1.064968101e+00,-3.475523515e-01,5.880608893e-02,2.568479528e+00,1.015658170e+00,1.958655228e+00,9.570795314e+00,5.289533002e-02,1.000000000e-02,0,none
-3.222688732e-02,1.015900661e+00,-2.084693300e-01,-9.714836527e-02,2.956999633e+00,9.535542383e-01,-1.054304193e-01,9.494874210e-01,-1.195695820e-01,1.553082186e-02,3.056828079e+00,1.119916426e+00,1.945734661e+00,1.249838224e+01,-7.513838538e-02,2.000000000e-02,0,none
-1.549432317e-02,9.872849204e-01,-5.875952032e-01,-1.050425707e-01,2.447955608e+00,1.347438701e+00,5.404092004e-01,1.086787520e+00,9.505342368e-01,-1.189594063e-01,2.974485032e+00,1.338565135e+00,2.448120805e+00,9.442596310e+00,-1.115997628e-01,2.000000000e-02,2,sensor_drift
-4.293396091e-02,9.723888331e-01,-4.998573669e-01,-1.460826526e-01,2.473384487e+00,1.029104092e+00,6.238888991e-01,1.076703069e+00,8.683694543e-01,-1.475203335e-01,2.974485032e+00,1.523909367e+00,2.495910225e+00,9.806874747e+00,-1.948545959e-01,3.000000000e-02,2,sensor_drift
-1.694898310e-01,9.789927013e-01,-7.430419214e-01,-1.234831559e-02,2.473384487e+00,1.305888077e+00,7.385519120e-01,1.049165408e+00,1.291020811e+00,-5.563331284e-02,2.974485032e+00,1.811188597e+00,2.633360491e+00,9.806874747e+00,-1.915838928e-01,3.000000000e-02,2,sensor_drift
-4.662579539e-01,9.749820978e-01,-1.639793646e+00,2.253583598e-01,2.814987988e+00,2.514452095e+00,9.781850115e-01,1.030782178e+00,1.252370176e+00,2.716456824e-02,3.726764870e+00,1.676759831e+00,3.187344386e+00,1.397293090e+01,-2.358130567e-01,5.000000000e-02,2,sensor_drift
1.696186916e-01,8.664691215e-01,8.951197866e-03,3.773715942e-02,2.149916390e+00,1.122955652e+00,1.510880219e-01,9.358968678e-01,9.828568786e-02,-8.603700095e-02,2.380018965e+00,1.219268427e+00,1.678269777e+00,8.530068513e+00,-1.156368910e-01,0.000000000e+00,0,none
-2.824899700e-02,9.788976252e-01,-6.313525192e-01,-7.200656428e-02,2.695777038e+00,1.090729868e+00,-1.571281661e-01,1.115285169e+00,8.420754690e-02,-7.527214330e-02,2.688145897e+00,7.574560589e-01,2.227588836e+00,1.337056784e+01,4.554489606e-03,1.000000000e-02,0,none
3.863621707e-01,1.058679047e+00,7.507626759e-01,-1.192860699e-01,2.824131619e+00,1.482557578e+00,-1.035665760e+00,2.506331547e-01,-3.014070965e-01,9.501555896e-01,1.361063159e+00,1.061157118e+00,2.405497596e+00,8.657692127e+00,-8.051614749e-02,0.000000000e+00,3,sensor_stuck
4.713513989e-01,1.097861255e+00,9.541996531e-01,-7.207605348e-02,3.153805131e+00,1.586342473e+00,-1.025899790e+00,2.709395650e-01,3.446715333e-01,9.506940163e-01,1.361063159e+00,1.116823150e+00,2.553350104e+00,1.015695151e+01,7.155739853e-02,1.000000000e-02,3,sensor_stuck
6.477229982e-01,1.155376959e+00,9.767487219e-01,-8.210531329e-02,3.498282819e+00,1.585237799e+00,-8.873642707e-01,4.870155573e-01,1.394838077e+00,9.605686520e-01,1.361063159e+00,1.985577970e+00,2.779040502e+00,1.225532617e+01,1.924843855e-01,2.000000000e-02,3,sensor_stuck
7.366037585e-01,1.124164251e+00,9.288900864e-02,-6.462033629e-02,3.498282819e+00,1.427553055e+00,-2.899880394e-01,1.002700517e+00,3.322485961e+00,9.682866295e-01,1.976610801e+00,4.302600402e+00,2.895831748e+00,1.225532617e+01,-2.520186157e-02,2.000000000e-02,3,sensor_stuck
-1.778175586e-01,1.052730095e+00,3.540473752e-01,-5.397696991e-02,2.915520522e+00,7.837269021e-01,2.062750006e-02,9.901783355e-01,1.391684479e-01,5.778304633e-02,2.685576982e+00,7.779719358e-01,2.120738367e+00,9.130055709e+00,1.526305738e-01,0.000000000e+00,0,none
-9.147193280e-02,1.085615514e+00,-5.488232988e-01,-5.576955635e-02,2.610279206e+00,1.401471216e+00,-1.706976536e-01,8.845258587e-01,-5.955484754e-01,-4.363505985e-02,2.683111677e+00,1.252883903e+00,1.998451843e+00,1.020732025e+01,-1.254806735e-01,1.000000000e-02,0,none
1.234121616e+00,4.823929811e+00,1.585035325e+01,9.574809185e-01,1.132151525e+01,1.970210932e+01,3.521049057e-01,1.364949085e+00,-2.957332808e+00,4.719281000e-01,4.166258008e+00,4.568395726e+00,2.678041885e+01,1.295239182e+02,-4.773977435e-01,7.100000000e-01,4,sensor_dropout
2.896264888e+00,3.724226521e+00,1.248779525e+01,9.584678315e-01,7.992061073e+00,1.526828729e+01,1.331220786e-01,1.542606026e+00,-4.224595062e+00,5.682811404e-01,4.166258008e+00,5.543891675e+00,2.465556832e+01,7.177821056e+01,-7.461211363e-01,7.100000000e-01,4,sensor_dropout
4.774718491e+00,2.849175078e+00,9.788575000e+00,9.631548720e-01,9.204567878e+00,1.200001683e+01,-5.643417730e-01,1.646881284e+00,-4.653607961e+00,6.501495578e-01,4.229097493e+00,6.093940913e+00,3.394643490e+01,1.009947480e+02,-7.934813230e-01,7.400000000e-01,4,sensor_dropout
7.079232016e+00,2.386264178e+00,8.256825840e+00,9.705257802e-01,1.085063026e+01,1.038259650e+01,-1.851576700e+00,1.977463467e+00,-5.929573102e+00,7.134635183e-01,6.405747771e+00,7.461460224e+00,6.314848070e+01,1.587697814e+02,-8.593273580e-01,9.900000000e-01,4,sensor_dropout
-7.616756017e-02,9.213135639e-01,9.396243714e-01,5.481156422e-02,3.570676417e+00,1.619285251e+00,-9.519646657e-02,9.535727321e-01,4.233455505e-02,2.036658372e-03,2.763359272e+00,9.659912584e-01,1.772983503e+00,1.295453988e+01,-7.420198962e-02,1.000000000e-02,0,none
-3.923314326e-02,9.746096655e-01,7.385497743e-02,-9.892929900e-02,2.633333993e+00,7.817507773e-01,7.959903919e-02,1.099279614e+00,-2.476173077e-01,-2.237355329e-02,4.014300556e+00,1.373038782e+00,2.166154916e+00,1.924237819e+01,-3.905218122e-02,1.000000000e-02,0,none
1.353169755e-01,1.062501294e+00,6.640149041e-01,-1.797180052e-01,2.764735889e+00,1.276829416e+00,3.043506630e-01,1.066448720e+00,1.208270789e+00,1.609552532e-01,3.221515333e+00,1.816156415e+00,2.377161882e+00,1.037916807e+01,1.329285414e-01,2.000000000e-02,5,actuator_loss_of_effectiveness
1.462754235e-01,1.033183449e+00,4.840766401e-01,-1.568667039e-01,2.764735889e+00,1.209982883e+00,5.256150404e-01,1.012501040e+00,1.118350733e+00,2.153205893e-01,3.565394590e+00,1.763103995e+00,2.390294066e+00,1.280280958e+01,9.213620846e-02,2.000000000e-02,5,actuator_loss_of_effectiveness
2.729597079e-01,1.062738881e+00,4.362269795e-01,-1.760460683e-01,2.770502733e+00,7.549498182e-01,6.568305895e-01,1.017989534e+00,7.461416143e-01,1.799636673e-01,3.565394590e+00,1.709884976e+00,2.671650047e+00,1.613795997e+01,1.509320111e-01,3.000000000e-02,5,actuator_loss_of_effectiveness
5.812434872e-01,1.189931845e+00,1.318705928e+00,5.406185320e-02,3.871090373e+00,2.002892553e+00,7.522979225e-01,1.065009705e+00,7.823468175e-01,1.833938690e-01,3.565394590e+00,1.654048811e+00,3.453979623e+00,1.613795997e+01,1.239242915e-01,7.000000000e-02,5,actuator_loss_of_effectiveness
-1.444647094e-01,1.065980873e+00,6.405089620e-02,-1.125183110e-01,2.863311664e+00,1.046585960e+00,1.114955581e-01,1.125878859e+00,3.169849780e-01,1.633291099e-01,2.963116468e+00,1.705317579e+00,2.437219738e+00,1.103670927e+01,5.883383711e-02,1.000000000e-02,0,none
6.797537175e-02,9.681118639e-01,1.173505045e-01,-7.255358260e-02,3.287703507e+00,9.709217852e-01,4.055085990e-02,9.111522739e-01,3.019844473e-01,1.661754948e-01,2.188859888e+00,1.308794210e+00,1.773704071e+00,1.150429305e+01,-1.581673683e-03,1.000000000e-02,0,none
1.965495146e-01,1.175863034e+00,2.017846502e+00,3.454485301e-01,3.304128198e+00,2.932791346e+00,6.797061627e-01,1.237331078e+00,2.448716803e+00,2.865415532e-01,4.496181596e+00,3.263590757e+00,3.414274250e+00,2.465612884e+01,2.810458691e-01,8.000000000e-02,6,actuator_stuck
4.783546762e-01,1.202811400e+00,2.211360763e+00,3.635955094e-01,3.304128198e+00,3.177480560e+00,9.999056235e-01,1.349130278e+00,3.213327043e+00,4.697401998e-01,4.496181596e+00,4.155545104e+00,4.495542222e+00,2.465612884e+01,3.867083064e-01,1.500000000e-01,6,actuator_stuck
8.056467537e-01,1.352820261e+00,2.944908556e+00,4.269208601e-01,3.771733147e+00,4.105875203e+00,1.562675768e+00,1.536735910e+00,4.130868987e+00,6.200305480e-01,5.583714389e+00,5.533912988e+00,7.282702165e+00,3.903997845e+01,5.084056231e-01,2.700000000e-01,6,actuator_stuck
1.667525791e+00,1.605170962e+00,4.197980065e+00,5.643624256e-01,6.479571238e+00,5.165954672e+00,2.879374236e+00,2.062158221e+00,6.254355688e+00,7.424823145e-01,7.754781193e+00,8.097885412e+00,1.790050859e+01,7.946590965e+01,7.009793434e-01,5.100000000e-01,6,actuator_stuck
1.755932177e-01,1.090023270e+00,-5.569229604e-02,-1.550892617e-02,4.412884529e+00,8.093872235e-01,3.341657409e-02,1.000990085e+00,1.562334859e-01,-6.091233067e-02,2.390854763e+00,9.289523330e-01,2.222081525e+00,2.086833713e+01,-7.967875824e-02,3.000000000e-02,0,none
-2.487262319e-02,7.848830410e-01,-1.439693782e-01,-8.538340577e-02,2.330528781e+00,1.113108045e+00,2.052070846e-02,1.012920413e+00,2.076063469e-01,-2.187095957e-01,2.747542213e+00,9.898089633e-01,1.643088898e+00,7.932501415e+00,-1.081710772e-02,0.000000000e+00,0,none
2.567319855e-01,8.913808485e-01,6.088862562e-01,2.581502601e-01,2.658226576e+00,1.289267171e+00,4.417305200e-01,1.098270971e+00,1.427794984e+00,2.239342449e-01,4.530947318e+00,2.341640528e+00,2.261796109e+00,2.195230503e+01,3.491712134e-02,2.000000000e-02,7,actuator_runaway
3.970498779e-01,9.178775651e-01,9.542908721e-01,3.604019458e-01,2.658226576e+00,1.750373550e+00,6.209027917e-01,1.143882293e+00,2.078447527e+00,3.739917466e-01,4.530947318e+00,2.890291854e+00,2.694134807e+00,2.195230503e+01,1.730654572e-01,6.000000000e-02,7,actuator_runaway
5.277635670e-01,9.577846669e-01,1.143928625e+00,3.642462374e-01,2.787353629e+00,2.264533076e+00,8.704371658e-01,1.197038341e+00,2.577161445e+00,3.976195256e-01,4.530947318e+00,3.492750343e+00,3.386447500e+00,2.195230503e+01,2.113567653e-01,9.000000000e-02,7,actuator_runaway
8.163875522e-01,1.010423019e+00,1.840107229e+00,4.830374432e-01,3.496403351e+00,2.717030195e+00,1.327208826e+00,1.094968394e+00,1.869777440e+00,2.920714697e-01,4.530947318e+00,3.052829820e+00,4.647882364e+00,2.195230503e+01,2.631978740e-01,1.500000000e-01,7,actuator_runaway
1.461387476e-01,9.554871552e-01,-3.280681267e-01,-1.541678381e-01,2.706139124e+00,9.137851794e-01,1.268909128e-01,1.088817264e+00,2.553167614e-01,3.466337578e-02,3.347794058e+00,8.595284638e-01,2.135936575e+00,1.184665394e+01,-3.399840940e-02,1.000000000e-02,0,none
1.373415882e-01,9.558858756e-01,-1.648321224e-01,9.780770878e-02,2.538480257e+00,9.798148167e-01,-8.700405287e-02,8.901590471e-01,1.825605728e-01,9.592682518e-02,2.073141122e+00,9.009330735e-01,1.732533354e+00,9.415765641e+00,8.603933498e-02,1.000000000e-02,0,none
-7.830648424e-02,9.622700746e-01,2.604609285e-01,1.245877927e-01,2.334770200e+00,9.747818110e-01,4.574877119e-02,9.334260761e-01,1.503602243e-01,1.998476388e-02,2.424895971e+00,1.211812727e+00,1.805472792e+00,5.883570189e+00,2.442937710e-02,0.000000000e+00,0,none
-9.033877781e-02,9.813629308e-01,2.393594839e-01,1.324695368e-01,2.582833262e+00,1.012230780e+00,2.118376189e-02,9.332163451e-01,8.914034272e-02,2.783902469e-02,2.424895971e+00,1.324811770e+00,1.842575795e+00,6.876458982e+00,2.138007273e-03,0.000000000e+00,0,none
-1.404118582e-02,9.723528075e-01,-2.661706698e-02,1.159410425e-01,2.582833262e+00,9.233695722e-01,6.861745338e-02,8.813274843e-01,-4.391600097e-01,8.877088382e-03,2.091239663e+00,1.106616789e+00,1.727113627e+00,6.876458982e+00,6.930244099e-03,0.000000000e+00,0,none
-9.158722901e-02,9.620643893e-01,-4.166790797e-01,1.651934659e-01,2.582833262e+00,1.021440433e+00,1.853038632e-02,9.683472479e-01,-7.406749541e-02,-2.347435766e-02,2.402945809e+00,9.335374933e-01,1.871995877e+00,7.061755727e+00,-2.517684004e-02,0.000000000e+00,0,none
2.672481092e-02,9.685340186e-01,6.592650135e-01,-4.598988108e-03,2.616071513e+00,1.040501088e+00,-2.206649675e-01,9.376917971e-01,3.830514425e-01,4.354229190e-02,2.540008998e+00,1.309013018e+00,1.866731295e+00,9.042983915e+00,-1.237102326e-01,0.000000000e+00,0,none
-6.395515844e-03,9.455439179e-01,-1.050507250e-01,-9.481795515e-02,2.907150116e+00,8.529215536e-01,3.222907550e-01,9.674238412e-01,3.015288807e-01,-7.032015734e-03,3.128633768e+00,1.306616659e+00,1.933874423e+00,1.008759582e+01,6.176330351e-02,1.000000000e-02,0,none
3.115903756e+00,1.921570413e+00,5.721725619e+00,7.302578506e-01,7.127831000e+00,7.407209533e+00,-5.640708202e+00,1.211025458e+00,2.448717874e+00,4.528197889e-01,9.110268022e+00,3.451153876e+00,4.668546075e+01,8.314092674e+01,5.742802261e-01,1.000000000e+00,1,sensor_bias
3.595112067e+00,1.689862164e+00,4.609503570e+00,6.740651783e-01,7.127831000e+00,6.413567136e+00,-5.390942830e+00,1.075603089e+00,1.666924207e+00,2.203487238e-01,8.407487997e+00,2.507971837e+00,4.599965151e+01,7.911169269e+01,4.312307826e-01,1.000000000e+00,1,sensor_bias
4.240163280e+00,1.439006576e+00,3.666204797e+00,6.210662458e-01,7.127831000e+00,5.212341541e+00,-5.219167239e+00,9.708151884e-01,7.091306357e-01,9.343503010e-02,7.545712976e+00,1.479563023e+00,4.823191336e+01,8.083102040e+01,2.788672679e-01,1.000000000e+00,1,sensor_bias
4.853225018e+00,1.065222822e+00,1.335490098e+00,3.453346046e-01,7.127831000e+00,2.092484170e+00,-5.146157993e+00,9.243767710e-01,-5.277336970e-02,-2.485702854e-01,7.545712976e+00,1.037355305e+00,5.202590724e+01,8.264372422e+01,3.457972852e-02,1.000000000e+00,1,sensor_bias
3.963748842e-02,9.758896446e-01,-7.873510374e-01,3.672486553e-02,3.176963173e+00,1.333871491e+00,3.604185820e-02,9.793556080e-01,-7.124444666e-02,-1.099280800e-01,2.853555071e+00,7.318444548e-01,1.914368151e+00,1.037344483e+01,1.162242429e-01,1.000000000e-02,0,none
4.902629152e-02,9.463063602e-01,2.766067277e-01,4.641046127e-02,2.595621544e+00,1.400289490e+00,1.926672413e-02,9.284540332e-01,-4.522801148e-01,-1.039852508e-01,2.460994252e+00,1.226448183e+00,1.760297403e+00,8.781898564e+00,-9.339137782e-02,0.000000000e+00,0,none
1.266655248e-02,9.996132998e-01,1.271858729e+00,1.618891793e-01,2.580209144e+00,1.742973938e+00,-1.857073926e-01,9.943086823e-01,-8.276578566e-01,3.130544423e-01,2.941665703e+00,1.736555542e+00,2.022524182e+00,1.004697898e+01,1.803835202e-02,1.000000000e-02,2,sensor_drift
1.609716890e-01,1.031745127e+00,1.357873803e+00,2.330954597e-01,2.580209144e+00,2.006186954e+00,-2.350033608e-01,1.015077828e+00,-1.210475058e+00,3.418607065e-01,2.941665703e+00,1.985770793e+00,2.176019468e+00,1.013068488e+01,-3.318491824e-02,2.000000000e-02,2,sensor_drift
3.286353785e-01,1.055715715e+00,1.253340101e+00,1.811441788e-01,2.580209144e+00,2.084951203e+00,-3.847389612e-01,1.074829546e+00,-1.301062769e+00,2.454669053e-01,2.941665703e+00,1.877521593e+00,2.525819504e+00,1.071811701e+01,1.297454952e-02,3.000000000e-02,2,sensor_drift
5.346710527e-01,1.096053785e+00,1.048672601e+00,1.614478542e-01,2.580209144e+00,1.753962262e+00,-7.307527620e-01,9.745385760e-01,-1.080848672e+00,6.561486935e-02,2.691204063e+00,1.588044907e+00,2.970932070e+00,1.233467624e+01,-3.101589502e-02,3.000000000e-02,2,sensor_drift
3.968964067e-03,9.616339865e-01,1.571004772e-01,3.262727798e-02,2.562122089e+00,1.348714169e+00,1.842958913e-02,9.403039288e-01,4.062670715e-01,-5.838803218e-02,2.381279376e+00,1.157976487e+00,1.809266805e+00,8.299959854e+00,1.557213958e-01,0.000000000e+00,0,none
1.132188595e-01,1.019038609e+00,-5.172259270e-01,-2.669612793e-02,2.811467635e+00,1.470295452e+00,-2.404358792e-01,1.009539500e+00,-7.777668899e-02,-7.034037973e-02,2.201453098e+00,1.003984296e+00,2.128237612e+00,8.332554963e+00,1.820376204e-01,0.000000000e+00,0,none
-1.875078888e-02,1.076306261e+00,1.033900463e+00,1.107629911e-01,2.794350463e+00,1.594451288e+00,-2.191280552e-01,6.193685031e-01,-1.920492028e+00,9.672285058e-01,1.741847618e+00,2.615195150e+00,1.590421206e+00,9.054282395e+00,-3.318978309e-01,0.000000000e+00,3,sensor_stuck
5.154831482e-02,1.033273228e+00,8.173246132e-01,1.862724888e-01,2.794350463e+00,1.676251085e+00,-4.354600004e-01,7.911020639e-01,-2.595169275e+00,9.708046238e-01,2.174998591e+00,3.414839637e+00,1.885778680e+00,9.054282395e+00,-2.748280762e-01,0.000000000e+00,3,sensor_stuck
2.096425211e-01,1.058160985e+00,1.340200402e+00,2.344211332e-01,3.585564127e+00,2.451402069e+00,-8.791324197e-01,1.035989330e+00,-3.503686495e+00,9.711451541e-01,3.015342559e+00,4.526330122e+00,3.009802360e+00,1.949931234e+01,-3.983545638e-01,7.000000000e-02,3,sensor_stuck
6.439633011e-01,1.213018597e+00,2.213341218e+00,2.619439944e-01,4.146437077e+00,2.861695022e+00,-1.893728033e+00,1.389923042e+00,-4.783948972e+00,9.706648085e-01,4.574989854e+00,5.994648850e+00,7.404194777e+00,3.715320819e+01,-5.385695848e-01,3.200000000e-01,3,sensor_stuck
5.257725233e-02,9.854266332e-01,-1.937508462e-01,8.688984017e-02,2.726347244e+00,1.257253110e+00,-1.154602136e-01,1.142039530e+00,-5.253465281e-01,2.326169183e-02,3.328603283e+00,1.172115942e+00,2.291415365e+00,1.108762906e+01,4.616040441e-03,1.000000000e-02,0,none
1.182324473e-02,9.196665863e-01,1.151036781e-01,4.047308650e-02,2.691003197e+00,7.307596013e-01,-1.558542310e-01,1.032536697e+00,-9.840331078e-02,-4.733847484e-02,3.179167545e+00,8.144063031e-01,1.936348991e+00,1.025135777e+01,-2.023359385e-02,1.000000000e-02,0,none
-5.086381525e+00,3.538286938e+00,-1.187330464e+01,9.603503001e-01,9.753827562e+00,1.465270623e+01,1.262151666e+00,1.686386485e+00,4.297389481e+00,6.165505829e-01,5.366013545e+00,6.014381044e+00,4.282767768e+01,1.195258058e+02,-6.620986978e-01,7.800000000e-01,4,sensor_dropout
-6.305714332e+00,2.899711520e+00,-9.865827956e+00,9.624964140e-01,1.044670085e+01,1.218088884e+01,1.709766401e+00,1.892877202e+00,5.426734062e+00,7.142323028e-01,5.778250894e+00,7.040703481e+00,5.467664539e+01,1.392942197e+02,-7.970197409e-01,8.500000000e-01,4,sensor_dropout
-7.748516957e+00,2.355186125e+00,-8.106267938e+00,9.671656660e-01,1.127197433e+01,1.009801640e+01,2.516799758e+00,2.125487504e+00,6.339139183e+00,7.162119768e-01,7.738528016e+00,7.672927451e+00,7.643839487e+01,1.798399924e+02,-8.517753931e-01,9.900000000e-01,4,sensor_dropout
-9.557290105e+00,1.847615621e+00,-6.342311281e+00,9.706676088e-01,1.208643159e+01,8.045914626e+00,4.042427659e+00,2.101580804e+00,6.238097034e+00,7.012462621e-01,8.180305968e+00,8.262115948e+00,1.155133409e+02,2.109036524e+02,-8.420933958e-01,1.000000000e+00,4,sensor_dropout
3.629316015e-02,9.275068858e-01,1.696233195e-01,-3.823677679e-02,2.024720760e+00,1.150386004e+00,-1.145829261e-01,1.038363264e+00,4.621411807e-01,3.791363126e-02,2.626829297e+00,1.178935703e+00,1.952913732e+00,7.704626957e+00,-7.326885930e-02,0.000000000e+00,0,none
-3.839606762e-02,1.057669914e+00,-2.216887203e-01,6.837771406e-02,2.526260002e+00,1.209810412e+00,1.736050945e-02,1.000287862e+00,-2.143417763e-01,-1.249323537e-01,3.074976731e+00,8.695339480e-01,2.121017098e+00,9.743518744e+00,-7.719694648e-02,2.000000000e-02,0,none
2.061550544e-01,1.049978018e+00,2.321218624e-01,-4.789564668e-02,2.408377648e+00,1.014026329e+00,3.364994516e-01,1.150834469e+00,1.585734253e+00,2.924319531e-01,3.279882197e+00,2.296710444e+00,2.582605601e+00,1.153542446e+01,1.400349385e-01,4.000000000e-02,5,actuator_loss_of_effectiveness
2.741245312e-01,1.049660772e+00,7.989544719e-01,4.013983780e-03,2.594950767e+00,1.181953733e+00,5.586263673e-01,1.219450596e+00,2.013241123e+00,3.709736219e-01,3.707988478e+00,2.818225191e+00,2.976055169e+00,1.592789375e+01,2.352219926e-01,6.000000000e-02,5,actuator_loss_of_effectiveness
4.377332125e-01,1.064926077e+00,1.055505689e+00,-5.886048276e-03,2.797045421e+00,1.533234646e+00,7.855771596e-01,1.307181466e+00,2.779961731e+00,3.731619895e-01,4.176971945e+00,3.884967470e+00,3.651532772e+00,1.811060419e+01,2.232862833e-01,1.000000000e-01,5,actuator_loss_of_effectiveness
8.695067754e-01,1.221829491e+00,1.852135911e+00,1.757879656e-01,3.243514838e+00,2.876982421e+00,1.379265627e+00,1.208314576e+00,2.438741687e+00,3.283119373e-01,4.253531039e+00,3.496273143e+00,5.611307122e+00,2.828026149e+01,3.077154282e-01,2.700000000e-01,5,actuator_loss_of_effectiveness
5.622206430e-02,1.020136654e+00,2.459685299e-01,-1.425198651e-01,2.620497511e+00,7.691621230e-01,6.498596242e-02,9.636674296e-01,-1.907903986e-01,1.261461567e-01,2.711099449e+00,1.211956183e+00,1.976717803e+00,1.265601258e+01,-2.203665926e-01,1.000000000e-02,0,none
3.511899959e-02,9.670288713e-01,2.786425460e-01,-2.123325886e-02,2.766164796e+00,7.928595754e-01,-9.915344733e-02,1.120618974e+00,3.611037445e-01,-5.082487286e-02,2.938850664e+00,1.511718053e+00,2.201996473e+00,9.996773172e+00,4.635305716e-02,1.000000000e-02,0,none
4.110978710e-01,1.003789880e+00,1.195288786e+00,1.875891234e-01,2.494388244e+00,1.722156755e+00,7.381651774e-01,1.188236871e+00,2.243050865e+00,4.421519794e-01,3.192584180e+00,3.083222262e+00,3.133390275e+00,1.321545119e+01,2.566212920e-01,5.000000000e-02,6,actuator_stuck
6.131178807e-01,1.071599071e+00,1.808534037e+00,3.731488484e-01,3.286251597e+00,2.595935405e+00,1.085782484e+00,1.230182015e+00,2.396950826e+00,4.777159234e-01,3.822340849e+00,3.428693276e+00,4.216509498e+00,2.540973912e+01,4.023054085e-01,1.300000000e-01,6,actuator_stuck
8.478950557e-01,1.198715992e+00,2.329943688e+00,3.800691378e-01,4.184172857e+00,3.452024399e+00,1.674060121e+00,1.635147579e+00,4.264293624e+00,7.281457003e-01,6.307341084e+00,5.870827651e+00,7.632030946e+00,4.564700890e+01,4.436537431e-01,2.800000000e-01,6,actuator_stuck
1.691924165e+00,1.508583616e+00,3.822650647e+00,6.288475425e-01,5.437167902e+00,4.933542096e+00,2.942677646e+00,2.250339959e+00,6.933627723e+00,7.925505248e-01,8.470900379e+00,8.985174645e+00,1.886181357e+01,8.874496770e+01,6.555975060e-01,5.200000000e-01,6,actuator_stuck
-3.027880028e-01,1.031542579e+00,5.526242855e-01,-7.095210959e-02,2.402025238e+00,1.419104529e+00,-8.842607042e-03,9.977562125e-01,5.591099135e-01,1.425675588e-01,2.852810699e+00,1.556350425e+00,2.151356317e+00,8.819793162e+00,-3.250406453e-02,0.000000000e+00,0,none
1.936547799e-01,8.317001866e-01,-3.981915708e-02,2.608487138e-02,1.986972229e+00,6.541026787e-01,2.339544384e-01,9.913479151e-01,1.727059300e-01,-8.055956694e-02,2.712006256e+00,9.132481794e-01,1.766732742e+00,7.786526481e+00,2.096790135e-02,0.000000000e+00,0,none
-1.039874317e-01,1.093070430e+00,2.347143909e-01,7.419086535e-02,2.667096216e+00,1.734892296e+00,-6.117321026e-02,1.132204492e+00,3.602042397e-01,8.432520895e-02,2.513048499e+00,1.067421603e+00,2.491245523e+00,9.912440595e+00,-1.380593329e-01,1.000000000e-02,7,actuator_runaway
-9.319457954e-02,1.156419801e+00,5.930899865e-01,6.363224413e-02,3.446368741e+00,1.768804333e+00,3.922063966e-02,1.086491574e+00,-1.042893341e-01,3.644506141e-02,2.513048499e+00,1.387853035e+00,2.527994186e+00,1.247328235e+01,-1.324963040e-01,2.000000000e-02,7,actuator_runaway
-1.825527598e-01,1.138563256e+00,5.284228926e-01,4.762491451e-02,3.446368741e+00,1.949221952e+00,7.315198350e-02,1.110956315e+00,1.661838845e-01,6.029203237e-02,2.822053112e+00,1.581261695e+00,2.569226944e+00,1.247328235e+01,-7.825966994e-02,2.000000000e-02,7,actuator_runaway
-8.086272870e-02,1.085383673e+00,-3.286901365e-01,5.785857098e-02,3.446368741e+00,1.410518716e+00,1.268909741e-01,1.015376377e+00,8.838675550e-02,-2.768210592e-02,2.822053112e+00,1.180664235e+00,2.231687005e+00,1.247328235e+01,-5.577188436e-02,2.000000000e-02,7,actuator_runaway
3.959938068e-02,1.005883677e+00,-2.768407728e-01,5.617686139e-03,2.779087318e+00,9.689510663e-01,8.546654740e-02,9.501424799e-01,1.191932087e-01,-1.981441162e-02,2.652856503e+00,1.049504003e+00,1.923445346e+00,1.164983855e+01,-1.480635016e-01,2.000000000e-02,0,none
6.236687287e-02,9.752982074e-01,2.182193267e-01,-3.395909818e-02,3.052635310e+00,1.369829766e+00,1.510220123e-01,1.099018913e+00,-4.359050795e-01,1.606782575e-01,3.305647299e+00,1.565667307e+00,2.185746440e+00,1.475799277e+01,-7.266136468e-04,3.000000000e-02,0,none
-3.062362052e-02,9.294418682e-01,-3.125429787e-01,-5.184017685e-02,2.229306866e+00,1.016025393e+00,-3.567783419e-01,1.059957554e+00,-4.414526054e-02,1.164508320e-01,3.256822134e+00,1.526237081e+00,2.115600794e+00,1.198995565e+01,-8.138968577e-02,2.000000000e-02,0,none
-4.900693627e-02,9.351625903e-01,-1.974030574e-02,-5.556302112e-02,2.229306866e+00,1.039923703e+00,-2.866801596e-01,9.796321493e-01,-3.627641661e-01,7.114431599e-02,2.926798648e+00,1.210795261e+00,1.918795412e+00,8.927868406e+00,4.467509199e-02,0.000000000e+00,0,none
-3.004311814e-02,9.843391387e-01,-1.422826462e-01,-1.637110918e-01,2.229306866e+00,9.890691451e-01,-1.732603125e-01,1.005485172e+00,-9.914525007e-02,1.162628334e-01,2.926798648e+00,1.682653850e+00,2.010845697e+00,8.927868406e+00,4.836182631e-02,0.000000000e+00,0,none
7.945625894e-03,9.519721852e-01,3.396211348e-01,-1.683892886e-01,2.229306866e+00,9.323956795e-01,-1.784730564e-01,9.486383876e-01,6.209293912e-01,9.450377808e-02,2.465420352e+00,1.574380327e+00,1.838081597e+00,6.610585499e+00,6.782760702e-02,0.000000000e+00,0,none
1.718097178e-02,1.100101383e+00,7.306084176e-02,6.545941984e-02,3.998456421e+00,1.543483043e+00,-1.148364306e-02,1.098901397e+00,5.302074034e-01,4.398934673e-02,2.763257902e+00,1.496611023e+00,2.418234392e+00,1.599018454e+01,9.482208769e-02,1.000000000e-02,0,none
-3.905012186e-02,1.004731047e+00,-3.654162483e-01,4.653811636e-02,2.577465668e+00,1.417694168e+00,-2.941545596e-03,9.313820361e-01,7.993747065e-03,-1.024264512e-01,2.192739174e+00,1.130456316e+00,1.878490539e+00,6.750837717e+00,5.091612801e-02,0.000000000e+00,0,none
-1.502519514e+00,2.168736246e+00,6.383852695e+00,7.526248017e-01,6.857937805e+00,8.428183886e+00,1.090201224e+00,1.068246499e+00,-3.149093394e-01,-8.449716582e-02,3.662562545e+00,1.265072235e+00,9.290671088e+00,4.729615159e+01,-7.790771506e-02,3.200000000e-01,1,sensor_bias
-9.476464561e-01,1.741193434e+00,4.579438874e+00,6.377262218e-01,5.704741434e+00,6.368017471e+00,1.053086214e+00,1.105337838e+00,-6.438103044e-01,-2.366126434e-02,3.662562545e+00,1.517454307e+00,6.260550688e+00,3.287607399e+01,-1.461082366e-01,2.200000000e-01,1,sensor_bias
-2.710121146e-01,1.398290326e+00,3.148371788e+00,4.360864270e-01,5.022178476e+00,4.148219056e+00,9.638696216e-01,1.075429082e+00,-8.266512889e-01,5.129561491e-02,3.662562545e+00,1.744143447e+00,4.114255761e+00,2.702226697e+01,-2.232383468e-01,1.000000000e-01,1,sensor_bias
2.605850942e-01,9.951491274e-01,7.417216851e-01,1.796729885e-01,2.921922231e+00,2.156123739e+00,6.915881304e-01,1.194272116e+00,-1.809411225e+00,1.750421129e-01,3.538273822e+00,2.508464336e+00,2.962806406e+00,1.798151910e+01,-3.357189950e-01,3.000000000e-02,1,sensor_bias
1.665489740e-01,9.903822059e-01,3.802641465e-01,-6.048818270e-02,2.548050973e+00,1.435959838e+00,1.828191714e-01,1.011510766e+00,-5.547763348e-01,6.098155986e-03,4.577586824e+00,1.500105780e+00,2.065172354e+00,2.103987493e+01,4.326045711e-02,3.000000000e-02,0,none
-1.129696639e-02,9.063151017e-01,-3.115088014e-01,-2.793302063e-02,2.489222001e+00,7.735732683e-01,-7.352203176e-02,1.057087725e+00,8.288776657e-01,8.750483252e-02,2.646502171e+00,1.278003385e+00,1.944374633e+00,9.527808322e+00,-3.087985218e-01,2.000000000e-02,0,none
-2.124422994e+00,1.247643943e+00,-1.712898762e+00,1.907894649e-01,5.265683650e+00,2.781159491e+00,6.475514856e-01,1.211381581e+00,1.928379796e+00,2.430814846e-01,3.896391462e+00,2.985432501e+00,7.956556728e+00,3.041410336e+01,-1.636260820e-01,3.400000000e-01,2,sensor_drift
-2.264971846e+00,1.109259432e+00,-1.040132957e+00,1.354234019e-01,5.265683650e+00,2.232240761e+00,7.563609626e-01,1.219842996e+00,2.013162656e+00,2.537311574e-01,3.896391462e+00,3.133091602e+00,8.420652793e+00,3.041410336e+01,-1.453637177e-01,3.600000000e-01,2,sensor_drift
-2.401775440e+00,1.076218562e+00,1.914267627e-01,-9.977607934e-02,5.265683650e+00,1.495900049e+00,9.836526588e-01,1.148522366e+00,1.904486062e+00,2.781444997e-01,3.896391462e+00,2.852995413e+00,9.213447834e+00,3.041410336e+01,-6.117257164e-02,4.300000000e-01,2,sensor_drift
-2.397508568e+00,1.085791255e+00,7.871627168e-01,-1.562828582e-01,5.265683650e+00,1.478248495e+00,1.365265937e+00,1.090773770e+00,1.291082295e+00,1.527358854e-01,3.896391462e+00,1.967868785e+00,9.980728476e+00,3.041410336e+01,4.112378449e-02,4.900000000e-01,2,sensor_drift
3.783532976e-02,9.238402539e-01,-2.887588174e-01,-1.189587684e-01,2.229478444e+00,1.255299578e+00,9.932905145e-02,8.911172602e-01,-3.067328913e-01,-8.157302820e-02,2.800348267e+00,1.059348487e+00,1.658868559e+00,8.350248395e+00,-5.075076121e-03,0.000000000e+00,0,none
-1.000152462e-01,9.782228355e-01,1.772520803e-01,4.963335951e-02,2.313439110e+00,1.472184788e+00,5.374603148e-02,1.050561482e+00,-8.390160432e-02,1.146352960e-01,3.260439598e+00,1.251656730e+00,2.073491029e+00,1.083037372e+01,-4.925507466e-02,1.000000000e-02,0,none
-7.720799466e-01,1.197733440e+00,-2.540673647e+00,4.282811777e-01,4.313588758e+00,3.135790193e+00,2.711275896e+00,1.635093685e+00,5.632619886e+00,9.708485449e-01,5.839479005e+00,7.112507148e+00,1.205522118e+01,5.181835249e+01,-6.289089951e-01,4.600000000e-01,3,sensor_stuck
-1.091061776e+00,1.378189033e+00,-3.382020948e+00,5.515838873e-01,4.766997781e+00,4.470820695e+00,3.283241506e+00,1.755810123e+00,6.062600964e+00,9.713944900e-01,6.508734936e+00,7.614356956e+00,1.695236478e+01,6.422719271e+01,-7.237707276e-01,5.600000000e-01,3,sensor_stuck
-1.677221123e+00,1.611467354e+00,-4.270221104e+00,6.027256459e-01,6.255968381e+00,5.832088496e+00,4.195529357e+00,1.861322781e+00,6.440652266e+00,9.724090896e-01,7.375230404e+00,8.134542928e+00,2.647688680e+01,8.829715782e+01,-7.763950488e-01,7.100000000e-01,3,sensor_stuck
-2.706638685e+00,1.740175648e+00,-4.927071170e+00,6.833710509e-01,7.213392499e+00,6.847738737e+00,5.737948637e+00,1.832176295e+00,6.334979352e+00,9.723027083e-01,8.579267501e+00,8.061328911e+00,4.663502879e+01,1.193173960e+02,-8.240747374e-01,9.500000000e-01,3,sensor_stuck
5.639382274e-02,1.015709222e+00,1.456317436e-01,-5.989483164e-03,2.776438300e+00,9.082620204e-01,-5.090464270e-02,1.025934182e+00,4.113568968e-01,8.556181287e-04,2.833475009e+00,1.091120331e+00,2.089977715e+00,8.452398040e+00,-1.447222312e-02,0.000000000e+00,0,none
6.444500061e-03,9.334647946e-01,5.947853485e-01,-9.252397614e-02,2.980691765e+00,1.414562180e+00,2.744425517e-02,1.054638432e+00,-8.864283632e-03,4.159818371e-02,2.600439044e+00,1.297348321e+00,1.984413464e+00,1.160976016e+01,-1.386907439e-02,1.000000000e-02,0,none
2.877330090e+00,1.701583153e+00,4.853613162e+00,6.968969311e-01,6.672849550e+00,6.374713412e+00,-4.916525659e+00,1.066283356e+00,3.453728282e+00,9.604863962e-01,6.320438147e+00,4.470073347e+00,3.648359843e+01,6.039623222e+01,6.975364212e-01,1.000000000e+00,4,sensor_dropout
3.229385326e+00,1.548459219e+00,3.992746573e+00,6.231002107e-01,6.672849550e+00,5.260561494e+00,-4.486731648e+00,1.339189818e+00,4.366993504e+00,9.664699943e-01,5.910991381e+00,5.726785946e+00,3.475084578e+01,6.039623222e+01,5.898363266e-01,1.000000000e+00,4,sensor_dropout
3.635368343e+00,1.149410444e+00,1.515765637e+00,3.504749063e-01,6.672849550e+00,3.354101191e+00,-3.711299281e+00,1.801091130e+00,6.049189907e+00,9.712753435e-01,5.683181942e+00,7.832894370e+00,3.155471896e+01,6.039623222e+01,2.579571249e-01,9.500000000e-01,4,sensor_dropout
3.559196695e+00,1.233260634e+00,-1.811713396e+00,4.330196751e-01,6.672849550e+00,3.765428087e+00,-1.996207152e+00,2.379853133e+00,8.200843919e+00,9.730190001e-01,5.377890051e+00,1.046619297e+01,2.383735683e+01,5.511367539e+01,-4.738281685e-01,7.900000000e-01,4,sensor_dropout
1.245473814e-01,1.011142166e+00,2.382793688e-01,-9.924853623e-02,2.674620043e+00,1.315079844e+00,-1.054885775e-01,9.690536620e-01,1.582555437e-01,-2.413035483e-01,2.278131215e+00,1.115732916e+00,1.988113370e+00,8.105157533e+00,-2.080571087e-01,0.000000000e+00,0,none
2.519652858e-03,9.865028931e-01,3.980868775e-01,-4.453863929e-02,2.708543980e+00,1.419378501e+00,-1.584090443e-01,1.013988105e+00,-1.672485474e-02,-7.513932539e-02,2.401459915e+00,7.771744597e-01,2.026459608e+00,9.995364461e+00,-1.043671197e-01,1.000000000e-02,0,none
-4.662682829e-01,9.586183913e-01,-1.311346201e+00,9.930342420e-02,2.799978180e+00,1.899710844e+00,-9.356466563e-01,1.078314998e+00,-9.309052243e-01,1.494803987e-01,3.745541984e+00,1.762583352e+00,3.174553232e+00,1.402947474e+01,2.086867064e-01,7.000000000e-02,5,actuator_loss_of_effectiveness
-5.656568514e-01,9.726354035e-01,-9.608388147e-01,1.914635756e-02,3.055255048e+00,1.785540387e+00,-1.015430755e+00,1.035851711e+00,-5.519188421e-01,1.094663767e-01,3.745541984e+00,1.452225684e+00,3.370075687e+00,1.402947474e+01,1.287711291e-01,8.000000000e-02,5,actuator_loss_of_effectiveness
-6.704005257e-01,9.561107672e-01,-9.828548934e-01,-5.124373806e-02,3.333141817e+00,1.804090501e+00,-1.049433998e+00,9.915200249e-01,-2.132229365e-01,1.201817812e-01,3.745541984e+00,1.376886139e+00,3.448008340e+00,1.402947474e+01,1.113137486e-01,8.000000000e-02,5,actuator_loss_of_effectiveness
-9.079228939e-01,9.321716378e-01,-3.572146455e-01,-1.275502848e-01,3.333141817e+00,9.441655961e-01,-1.011458741e+00,1.000492345e+00,8.349016602e-01,9.473283955e-02,3.745541984e+00,1.627522836e+00,3.717301661e+00,1.402947474e+01,-1.407627780e-01,1.000000000e-01,5,actuator_loss_of_effectiveness
2.081738528e-01,1.050139169e+00,4.281176882e-01,5.175522808e-02,2.699898469e+00,1.689989667e+00,-4.518561381e-02,9.447397879e-01,-5.417876359e-01,-7.493541341e-02,2.364809335e+00,1.068739448e+00,2.040703634e+00,8.270444329e+00,-9.681287855e-02,0.000000000e+00,0,none
-4.433509951e-02,9.960964637e-01,2.960438449e-01,1.304791178e-01,2.423720775e+00,1.205305259e+00,-3.216986277e-02,9.496363824e-01,3.853573793e-01,7.261957721e-02,2.637734267e+00,1.213917214e+00,1.897017925e+00,7.522399452e+00,9.128723052e-03,0.000000000e+00,0,none
2.749596515e-01,1.133812484e+00,1.296551921e+00,3.007893809e-01,3.297994773e+00,2.115108908e+00,6.419088306e-01,1.380943737e+00,3.729365620e+00,6.523472230e-01,3.699262050e+00,5.142648009e+00,3.680186111e+00,1.925245019e+01,2.804784039e-01,9.000000000e-02,6,actuator_stuck
5.077545174e-01,1.201092495e+00,1.608674400e+00,3.330153811e-01,3.545958401e+00,2.765594282e+00,9.928075937e-01,1.410264724e+00,3.912085325e+00,6.744146646e-01,3.699262050e+00,5.342097306e+00,4.674951340e+00,2.367194719e+01,3.384524038e-01,1.600000000e-01,6,actuator_stuck
8.171738389e-01,1.337357245e+00,2.503768890e+00,4.024659570e-01,4.427304946e+00,3.766209302e+00,1.704598460e+00,1.660072147e+00,4.758612376e+00,7.182888429e-01,6.515604001e+00,5.949321872e+00,8.117792926e+00,4.348535099e+01,4.740144692e-01,3.000000000e-01,6,actuator_stuck
1.752115767e+00,1.799379020e+00,4.947989097e+00,6.392274846e-01,5.814068535e+00,6.277037023e+00,3.331981972e+00,2.340849256e+00,7.310663242e+00,8.414222629e-01,8.162594100e+00,9.360405717e+00,2.288935362e+01,9.619103316e+01,7.393140309e-01,5.500000000e-01,6,actuator_stuck
-8.206296241e-02,9.891007842e-01,5.488165501e-02,9.258124174e-03,2.443372980e+00,1.057812003e+00,-1.125714534e-01,1.031816062e+00,-1.922165110e-01,-3.264042558e-02,2.425355950e+00,1.007559229e+00,2.062371408e+00,6.654744806e+00,5.516049573e-02,0.000000000e+00,0,none
-1.030194544e-01,9.611477359e-01,-5.841277864e-01,-1.524420028e-01,2.324654742e+00,1.115408903e+00,-9.494729534e-02,1.066881467e+00,-2.313908099e-02,-9.168247393e-02,2.578613051e+00,7.580482838e-01,2.081669032e+00,8.077737721e+00,1.125228149e-01,0.000000000e+00,0,none
1.155789869e-01,1.004705054e+00,5.897306112e-02,1.517208790e-01,3.866211810e+00,1.479977222e+00,2.328203942e-01,1.032638359e+00,8.244248148e-01,-4.993285903e-02,2.893041233e+00,1.330588206e+00,2.143338065e+00,1.501017931e+01,-8.927893223e-02,2.000000000e-02,7,actuator_runaway
1.623516941e-01,1.024073248e+00,3.588272874e-01,1.012464747e-01,3.866211810e+00,1.344336372e+00,3.380978217e-01,1.002299587e+00,8.804739460e-01,-3.392876408e-02,2.893041233e+00,1.577036727e+00,2.193998689e+00,1.501017931e+01,-6.907419633e-02,2.000000000e-02,7,actuator_runaway
3.385470299e-01,1.098111663e+00,7.925348788e-01,1.334622445e-01,3.866211810e+00,1.513049546e+00,4.759237788e-01,9.411927565e-01,7.166924417e-01,-2.764375886e-02,2.667112187e+00,1.581381857e+00,2.432810564e+00,1.501017931e+01,-3.828731901e-02,2.000000000e-02,7,actuator_runaway
3.625762573e-01,1.163095517e+00,4.856180135e-01,1.679109945e-02,3.866211810e+00,1.611569378e+00,5.960648997e-01,9.385855087e-01,5.579237054e-01,-5.541942803e-02,2.667112187e+00,1.090284494e+00,2.720488845e+00,1.501017931e+01,7.683170038e-02,2.000000000e-02,7,actuator_runaway
1.133210563e-01,9.997742367e-01,2.829130219e-01,-1.164356045e-01,2.473928977e+00,9.609612027e-01,1.955785736e-02,1.000419986e+00,-8.065591998e-02,5.638566303e-02,3.303978444e+00,8.033111363e-01,2.013612844e+00,1.245478968e+01,5.725056029e-02,1.000000000e-02,0,none
-4.306062021e-02,1.135692025e+00,6.376822787e-01,5.576541784e-02,2.649670766e+00,1.668035461e+00,-1.766040176e-02,1.102567213e+00,1.819903177e-01,6.483519813e-02,3.437148878e+00,1.631663205e+00,2.507616943e+00,1.218954763e+01,4.882679843e-02,3.000000000e-02,0,none
-9.035056496e-02,9.004797591e-01,-2.439615026e-01,2.975962000e-02,2.220320293e+00,1.247524681e+00,8.813774099e-02,1.011180176e+00,5.895230304e-01,9.609736335e-02,2.297600456e+00,1.610052264e+00,1.849280630e+00,6.864989107e+00,-4.985287847e-02,0.000000000e+00,0,none
-6.441696854e-02,9.346000812e-01,4.131444965e-02,1.124284553e-02,2.220320293e+00,1.329371563e+00,6.865236208e-02,9.687650498e-01,8.278940351e-01,3.885555506e-02,2.297600456e+00,1.551596127e+00,1.820845726e+00,6.864989107e+00,-4.080165859e-02,0.000000000e+00,0,none
8.089706856e-02,1.016122325e+00,1.080863474e+00,1.199734759e-01,3.523518704e+00,2.015169866e+00,1.359078490e-01,1.004833341e+00,6.111303698e-01,5.132814521e-02,2.912525332e+00,1.484957240e+00,2.067209902e+00,1.815578206e+01,5.181192554e-02,1.000000000e-02,0,none
8.271245216e-02,1.001069546e+00,7.077020844e-01,1.475618503e-01,3.523518704e+00,1.992267385e+00,2.063843623e-01,9.611742790e-01,-4.478527431e-01,3.706814295e-02,2.912525332e+00,1.078730511e+00,1.975432086e+00,1.815578206e+01,8.989907384e-02,1.000000000e-02,0,none
-1.395427371e-01,9.183176106e-01,-3.124903659e-01,-1.802511904e-01,2.108932518e+00,8.827951249e-01,-4.386720031e-02,1.075344548e+00,-2.578611359e-01,1.015955597e-02,2.455962444e+00,1.295291941e+00,2.021069637e+00,7.289499939e+00,1.646951090e-01,0.000000000e+00,0,none
-1.607901997e-01,1.030467538e+00,-1.924516277e-01,-5.859696471e-02,2.269820709e+00,1.150409787e+00,1.309441962e-01,9.513241234e-01,7.478584412e-02,-1.894562928e-01,2.607087594e+00,1.320855870e+00,2.009880806e+00,9.413700656e+00,-5.983876547e-02,1.000000000e-02,0,none
-1.005297320e+00,1.792899426e+00,5.088159089e+00,6.682839971e-01,5.071814266e+00,6.651818946e+00,4.957502332e-01,1.006652267e+00,-8.768675623e-02,-3.090517059e-02,2.650662903e+00,1.394799533e+00,5.484228134e+00,2.591223816e+01,-5.323562738e-04,2.200000000e-01,1,sensor_bias
-5.865471858e-01,1.577321832e+00,3.825628001e+00,5.195131610e-01,4.200918678e+00,5.423152716e+00,5.930884042e-01,1.030252862e+00,2.987823375e-01,1.601253687e-02,2.719108188e+00,1.126347956e+00,4.245156578e+00,1.823910593e+01,-1.393291897e-02,1.300000000e-01,1,sensor_bias
-1.369475160e-01,1.289351693e+00,2.151911570e+00,3.139601590e-01,3.473283960e+00,3.555026907e+00,5.657088075e-01,1.071434818e+00,-4.858203495e-01,5.467606275e-02,2.719108188e+00,1.156940380e+00,3.149181434e+00,1.693059247e+01,-1.351083629e-01,5.000000000e-02,1,sensor_bias
2.212555944e-01,1.039314115e+00,-5.160912939e-02,6.421950167e-02,2.930476161e+00,1.312919621e+00,4.744237507e-01,1.044826193e+00,-7.649731144e-01,5.904555282e-02,2.719108188e+00,1.264045829e+00,2.445867537e+00,1.063779127e+01,-1.357378381e-01,2.000000000e-02,1,sensor_bias
1.367293996e-01,1.137560253e+00,1.308316817e-01,1.191529346e-02,3.531913695e+00,1.278357326e+00,-7.488472771e-02,1.052928263e+00,-2.160831146e-01,1.380337538e-01,3.061323767e+00,1.419124567e+00,2.427003908e+00,1.298618806e+01,7.431723779e-02,3.000000000e-02,0,none
4.440914541e-02,9.395942199e-01,3.345791266e-02,-2.274518338e-02,2.184281305e+00,8.286423325e-01,1.995638347e-01,9.725829240e-01,4.491758169e-01,2.749261403e-02,3.044749921e+00,1.386536726e+00,1.870552738e+00,1.140069340e+01,1.044508312e-01,1.000000000e-02,0,none
1.741729011e-01,1.014406518e+00,9.887877193e-01,1.813318581e-03,3.187899408e+00,2.130117108e+00,-4.973027986e-01,9.105798425e-01,-6.041860123e-01,-1.320034187e-02,2.706693394e+00,9.823213649e-01,2.135822507e+00,1.139113840e+01,2.364637290e-02,1.000000000e-02,2,sensor_drift
2.047991124e-01,1.010019658e+00,1.508415015e+00,5.844329634e-02,3.187899408e+00,2.307749134e+00,-5.530141232e-01,9.560827722e-01,-5.177544415e-01,-7.136171960e-02,2.797073746e+00,1.122974728e+00,2.282001273e+00,1.139113840e+01,-5.525370645e-02,1.000000000e-02,2,sensor_drift
3.199987317e-01,1.024920564e+00,1.105127283e+00,-4.360916044e-02,3.187899408e+00,2.005570843e+00,-6.032884878e-01,9.283871472e-01,1.323043688e-02,-5.610299865e-02,2.797073746e+00,9.071777560e-01,2.378721046e+00,1.139113840e+01,-1.042914295e-01,1.000000000e-02,2,sensor_drift
5.110734990e-01,9.739547427e-01,6.171254782e-01,-4.071568003e-02,3.187899408e+00,1.611612091e+00,-8.170422513e-01,1.041059813e+00,-8.137794308e-01,1.041602815e-01,3.849067987e+00,1.675441849e+00,2.961147536e+00,1.838096578e+01,-1.283981037e-01,3.000000000e-02,2,sensor_drift
-1.467977987e-01,9.612289960e-01,8.386017678e-02,-1.751193164e-01,2.879486486e+00,8.816974251e-01,-3.146756598e-02,9.749793278e-01,6.125594022e-01,2.009600594e-01,2.252605147e+00,1.304198187e+00,1.897085674e+00,8.603446795e+00,-3.039124922e-02,0.000000000e+00,0,none
-1.459033521e-02,1.081501715e+00,-7.371946436e-02,1.333852053e-02,3.257368637e+00,1.094386157e+00,2.413694379e-02,1.024752016e+00,3.607532408e-01,-4.915344917e-02,2.879114964e+00,1.106240554e+00,2.220558123e+00,1.469752431e+01,-2.201193247e-01,2.000000000e-02,0,none
-4.636674387e+00,2.155298870e+00,-6.964864689e+00,9.566068250e-01,6.886197793e+00,8.825389688e+00,1.560400986e+00,1.471562682e+00,3.920237526e+00,6.079584169e-01,4.846878325e+00,5.314489914e+00,3.074441056e+01,6.817456002e+01,-6.775012677e-01,8.000000000e-01,3,sensor_stuck
-5.332889188e+00,1.564279171e+00,-5.089488074e+00,9.586436108e-01,6.948798686e+00,6.437065643e+00,1.954302536e+00,1.558173719e+00,4.437988856e+00,6.559862695e-01,5.022599837e+00,5.965867600e+00,3.713388016e+01,7.281061205e+01,-7.679209150e-01,9.000000000e-01,3,sensor_stuck
-6.013323330e+00,9.810257774e-01,-3.156630068e+00,9.620332995e-01,6.954266135e+00,4.115044133e+00,2.573443479e+00,1.495146323e+00,4.123351765e+00,6.246460980e-01,6.304396055e+00,5.364274581e+00,4.598054292e+01,8.783470675e+01,-7.490201783e-01,1.000000000e+00,3,sensor_stuck
-6.485677409e+00,4.180139741e-01,-6.932932730e-01,9.565723837e-01,6.954266135e+00,1.743040525e+00,3.502979704e+00,1.379874680e+00,3.535376596e+00,5.308882031e-01,6.736204577e+00,4.779439879e+00,5.641366807e+01,8.909344585e+01,-4.693155973e-01,1.000000000e+00,3,sensor_stuck
-1.678809450e-01,8.857868212e-01,-2.389867162e-01,8.509259012e-03,2.938372576e+00,9.285712907e-01,-3.375151384e-02,9.271506351e-01,2.801194126e-02,7.536242852e-02,2.780478211e+00,1.205154476e+00,1.673549769e+00,8.737912052e+00,-1.883509685e-02,0.000000000e+00,0,none
1.572033494e-02,9.742471868e-01,2.132819939e-01,-8.568740480e-02,2.685176770e+00,1.542823873e+00,1.057422971e-01,9.450657332e-01,-5.414344700e-01,-7.916639875e-04,2.476509298e+00,8.984831841e-01,1.853735383e+00,1.170620284e+01,-8.909902018e-02,2.000000000e-02,0,none
-1.136391334e+01,4.116571330e+00,1.243351798e+01,9.493787900e-01,2.362458475e+01,1.618551872e+01,5.268241061e+00,1.966882364e+00,5.603121080e+00,7.814802535e-01,9.258805091e+00,7.034323758e+00,1.777076760e+02,5.649021230e+02,8.741754570e-01,1.000000000e+00,4,sensor_dropout
-9.956425415e+00,2.674365428e+00,8.316916289e+00,9.432900024e-01,1.816540816e+01,1.021093226e+01,5.844180034e+00,1.507059836e+00,3.836554173e+00,5.672412520e-01,9.258805091e+00,5.025816850e+00,1.427083071e+02,3.350230213e+02,7.585577931e-01,1.000000000e+00,4,sensor_dropout
-8.538906286e+00,1.701811621e+00,5.750095344e+00,9.488179409e-01,1.274506386e+01,6.644644243e+00,6.275240872e+00,1.228771826e+00,2.246402305e+00,3.791885920e-01,9.258805091e+00,3.385107896e+00,1.166976115e+02,1.838760461e+02,5.197140600e-01,1.000000000e+00,4,sensor_dropout
-6.828034313e+00,2.025307218e+00,6.849088925e+00,9.690756350e-01,9.427577642e+00,8.792556118e+00,6.728479803e+00,1.069102911e+00,6.880138200e-01,1.734183818e-01,9.258805091e+00,1.858213382e+00,9.713934340e+01,1.525091025e+02,1.329983469e-01,1.000000000e+00,4,sensor_dropout
-3.074074397e-02,1.113384723e+00,-1.926292001e-01,-4.173368694e-02,3.205999834e+00,1.129314087e+00,-3.549187871e-02,8.919430874e-01,1.117832261e-01,5.119275397e-02,2.265117305e+00,9.124135581e-01,2.037392680e+00,1.054202571e+01,-1.802057101e-01,1.000000000e-02,0,none
1.065725538e-01,1.115059803e+00,3.466055111e-02,1.779590361e-02,3.262183363e+00,1.362813862e+00,3.749363441e-02,1.048243146e+00,4.016979720e-01,2.713327025e-02,2.718442874e+00,8.727269711e-01,2.354935540e+00,1.103443622e+01,1.054856265e-02,2.000000000e-02,0,none
1.536440514e-01,9.873418949e-01,4.119397010e-01,-5.964976945e-02,2.699406040e+00,9.321790039e-01,2.185350303e-01,1.054548960e+00,9.424283026e-01,3.645852538e-02,2.614486742e+00,1.704913330e+00,2.158281580e+00,1.212767309e+01,1.425790977e-01,1.000000000e-02,5,actuator_loss_of_effectiveness
2.109089876e-01,9.817546871e-01,1.096234978e-01,-1.224962969e-01,2.699406040e+00,1.132606281e+00,2.721841355e-01,1.045574021e+00,8.390506121e-01,-2.525020964e-02,2.614486742e+00,1.479181617e+00,2.175634103e+00,1.212767309e+01,8.508648003e-02,1.000000000e-02,5,actuator_loss_of_effectiveness
2.480109650e-01,1.005127901e+00,7.277964249e-01,-5.862035006e-02,2.699406040e+00,1.351633126e+00,4.082233743e-01,1.036954709e+00,5.872735001e-01,-7.236552913e-02,2.614486742e+00,1.606343925e+00,2.313712928e+00,1.212767309e+01,6.369023480e-02,1.000000000e-02,5,actuator_loss_of_effectiveness
5.017016051e-01,1.008213028e+00,9.906650450e-01,3.151929989e-02,2.699406040e+00,1.705413981e+00,5.673277861e-01,1.001780213e+00,1.021433644e+00,-1.737304759e-02,2.643530277e+00,1.503760453e+00,2.593622423e+00,1.316593250e+01,1.356263005e-01,2.000000000e-02,5,actuator_loss_of_effectiveness
-5.575514699e-02,1.020094590e+00,1.185976884e-01,-1.835091402e-02,2.420234565e+00,1.065843740e+00,7.956488001e-02,9.549522689e-01,7.663219806e-02,-4.621558876e-02,2.362336716e+00,1.015453235e+00,1.961966015e+00,7.486479295e+00,-1.304065680e-01,0.000000000e+00,0,none
-1.248416860e-01,1.117549790e+00,4.479019255e-02,-1.023421961e-01,2.707708580e+00,1.157067728e+00,-9.817715591e-02,1.043896761e+00,-1.842391077e-01,-8.024266444e-02,2.403461040e+00,1.620217288e+00,2.363862181e+00,8.527976666e+00,5.366008519e-02,0.000000000e+00,0,none
-4.147791553e-02,1.022454140e+00,-8.034273773e-02,4.872382706e-03,3.102444780e+00,1.440259131e+00,-4.511212151e-01,1.024954479e+00,-1.021451300e+00,8.013932528e-02,3.401330321e+00,1.540841733e+00,2.301174920e+00,1.518393180e+01,-2.339919375e-02,3.000000000e-02,6,actuator_stuck
-1.377917310e-01,1.057836378e+00,-1.781541929e-01,5.765590764e-03,3.102444780e+00,1.070698425e+00,-5.254631179e-01,1.011836852e+00,-9.774302865e-01,7.247310689e-02,3.401330321e+00,1.846455652e+00,2.437929668e+00,1.518393180e+01,-4.846976676e-02,3.000000000e-02,6,actuator_stuck
-2.591264168e-01,1.047664552e+00,-6.799009873e-01,1.682484486e-02,2.809025613e+00,1.363071016e+00,-6.222741346e-01,9.770720751e-01,-8.607169394e-01,7.703733658e-02,3.401330321e+00,1.554213929e+00,2.506642453e+00,1.518393180e+01,4.707476773e-02,2.000000000e-02,6,actuator_stuck
-6.306617515e-01,1.182614076e+00,-1.372931659e+00,2.413800773e-01,3.561860016e+00,2.851698182e+00,-9.838751303e-01,1.086893763e+00,-1.673109955e+00,2.778268051e-01,3.646979764e+00,2.220845946e+00,3.945658623e+00,1.518393180e+01,8.514197992e-02,1.000000000e-01,6,actuator_stuck
1.324523590e-01,1.075887887e+00,2.238600198e-01,9.438848287e-03,3.445334510e+00,1.233341705e+00,1.820006996e-01,8.651767731e-01,-6.509864626e-01,-8.462258436e-02,2.198895327e+00,1.250521676e+00,1.956733477e+00,1.468843111e+01,-5.418851164e-02,2.000000000e-02,0,none
-4.527220236e-02,1.004036050e+00,-1.151228418e-01,-5.986655707e-03,2.647427139e+00,1.248598550e+00,-2.663009337e-02,1.020543987e+00,1.920182481e-01,-1.571058162e-01,2.574626678e+00,1.089026831e+00,2.052357152e+00,7.901593977e+00,9.320892447e-02,0.000000000e+00,0,none
-9.820412948e-02,9.296609027e-01,3.407719115e-01,-6.882217938e-03,2.422070244e+00,1.107980634e+00,3.385082421e-01,1.147909139e+00,1.047168905e+00,6.176892286e-02,2.804165053e+00,2.007599960e+00,2.306196667e+00,1.022069642e+01,1.349763914e-01,2.000000000e-02,7,actuator_runaway
-1.443769323e-01,9.345157409e-01,2.484383381e-01,6.381199144e-02,2.422070244e+00,1.140686046e+00,4.271747292e-01,1.140370368e+00,1.548618156e+00,1.309539817e-01,2.804165053e+00,2.120320712e+00,2.377087194e+00,1.022069642e+01,2.185292161e-01,2.000000000e-02,7,actuator_runaway
4.748776594e-02,1.023034387e+00,1.012780165e+00,2.034047350e-01,2.891998885e+00,1.613191972e+00,6.507056345e-01,1.061271643e+00,1.583128522e+00,1.073697095e-01,2.798714218e+00,2.048709871e+00,2.598569768e+00,1.086669296e+01,2.216644488e-01,3.000000000e-02,7,actuator_runaway
3.675217803e-01,1.102452780e+00,1.760908997e+00,3.366328845e-01,2.891998885e+00,3.026911118e+00,1.039053305e+00,9.995158484e-01,1.469975039e+00,7.696613112e-02,3.428808707e+00,2.090596755e+00,3.429138092e+00,1.615563853e+01,2.809870427e-01,6.000000000e-02,7,actuator_runaway
-5.669466659e-02,9.773564808e-01,-9.853479823e-02,4.299377909e-02,2.208521936e+00,1.588080607e+00,-3.247416084e-02,9.230684612e-01,6.493206409e-01,3.287720425e-02,3.020175500e+00,1.245424535e+00,1.811549931e+00,1.196007495e+01,6.198957227e-02,1.000000000e-02,0,none
4.745173668e-02,1.195412089e+00,1.843473126e-01,-1.425747604e-01,2.788981514e+00,9.794339845e-01,-1.405700122e-01,9.580257357e-01,1.590276779e-01,-9.887897199e-02,2.268383524e+00,9.360542613e-01,2.368834969e+00,9.622046947e+00,1.532747613e-01,1.000000000e-02,0,none
1.038777856e-01,1.164736039e+00,4.149236468e-01,-2.213949882e-01,3.040654522e+00,1.116727185e+00,-7.668430646e-02,9.750150106e-01,2.130274159e-01,-3.345538831e-02,2.846113583e+00,7.773322845e-01,2.323935389e+00,9.621250823e+00,1.059657662e-01,1.000000000e-02,0,none
7.092252915e-02,1.161936899e+00,1.762099324e-01,-2.106855063e-01,3.040654522e+00,1.046319933e+00,-3.365690615e-02,9.678719840e-01,2.271427556e-02,3.251004684e-02,2.846113583e+00,6.925538518e-01,2.293036328e+00,9.621250823e+00,1.140507178e-01,1.000000000e-02,0,none
6.761246624e-02,1.153864298e+00,-1.667291698e-02,-1.005844334e-01,3.040654522e+00,1.084365211e+00,1.843627204e-02,9.804567737e-01,8.544445011e-02,1.067930871e-01,2.846113583e+00,9.703377336e-01,2.297609645e+00,9.621250823e+00,3.324366147e-02,1.000000000e-02,0,none
1.026053548e-02,1.060342526e+00,-4.312229883e-01,-7.897923439e-02,2.729995494e+00,1.399800831e+00,3.707495287e-03,9.280744615e-01,-1.846965298e-02,1.282559773e-01,2.846113583e+00,7.598097744e-01,1.985767502e+00,8.605780431e+00,-1.334208772e-01,0.000000000e+00,0,none
1.174492792e-01,9.811073962e-01,-2.126215890e-02,-1.141085016e-01,2.108683026e+00,8.465999801e-01,-1.371834373e-01,9.931584855e-01,-3.140998501e-01,-4.707857985e-02,2.969118742e+00,9.610906665e-01,1.981549129e+00,9.056285452e+00,-2.364713979e-03,0.000000000e+00,0,none
1.056555072e-01,1.082717731e+00,3.877010238e-01,-5.062807050e-02,3.544056609e+00,1.279183210e+00,-9.271328790e-03,1.066476489e+00,4.314163716e-02,-1.989605004e-01,2.703837384e+00,9.128369719e-01,2.320898830e+00,1.256050183e+01,3.158947575e-02,2.000000000e-02,0,none
1.900162400e+00,1.381877372e+00,2.995548311e+00,4.339192803e-01,5.009419506e+00,4.017046783e+00,-3.582040434e+00,1.197666510e+00,1.278770168e+00,1.021939930e-01,5.866559569e+00,2.001283837e+00,1.978562096e+01,4.301629997e+01,1.563276517e-01,8.900000000e-01,1,sensor_bias
2.162619047e+00,1.314392339e+00,2.512075900e+00,3.298652262e-01,5.009419506e+00,3.489040805e+00,-3.474761249e+00,1.124521062e+00,5.276394597e-01,1.256124930e-02,5.827262934e+00,1.269380752e+00,1.974306172e+01,4.301629997e+01,7.313316873e-02,8.900000000e-01,1,sensor_bias
2.505483840e+00,1.194051392e+00,1.733317821e+00,2.236668740e-01,5.009419506e+00,2.588600354e+00,-3.305711491e+00,1.067862376e+00,1.291806564e-01,-5.165458112e-03,5.590629815e+00,7.465506317e-01,1.977126651e+01,4.301629997e+01,-1.676156517e-02,8.800000000e-01,1,sensor_bias
2.872151032e+00,1.120401915e+00,7.610118295e-01,6.976659673e-03,5.283619658e+00,1.284855809e+00,-3.317019771e+00,9.831252736e-01,1.429880458e-01,3.203907295e-02,5.590629815e+00,9.815690770e-01,2.147370747e+01,4.450726762e+01,7.152057782e-02,9.400000000e-01,1,sensor_bias
-2.891399172e-02,9.982522659e-01,2.716062141e-01,-1.072449410e-01,2.750045236e+00,1.223151130e+00,1.989526566e-02,9.439783653e-01,-4.408818133e-01,-1.091093370e-02,2.684075130e+00,1.272318027e+00,1.888834581e+00,9.044171221e+00,-1.005473122e-01,0.000000000e+00,0,none
-4.312838474e-02,1.045288689e+00,3.433067806e-01,-1.126951526e-01,3.547373482e+00,9.569920419e-01,-1.301364915e-02,1.055492769e+00,-4.881554559e-02,-1.530960234e-01,2.632272333e+00,7.986579946e-01,2.208722842e+00,1.268180524e+01,-5.686343956e-02,2.000000000e-02,0,none
7.353522596e+00,2.635865570e+00,7.086924277e+00,8.360392432e-01,1.110022487e+01,9.763153850e+00,-2.418267240e+00,1.997639276e+00,-6.054666135e+00,7.521586226e-01,6.475740920e+00,8.446797834e+00,7.086066099e+01,1.499549453e+02,-6.611765323e-01,9.000000000e-01,2,sensor_drift
8.058973336e+00,1.765984305e+00,3.801476591e+00,6.844204637e-01,1.110022487e+01,5.639082964e+00,-2.949117419e+00,1.998244186e+00,-6.015445679e+00,7.348362109e-01,6.833663598e+00,8.038693656e+00,8.075602517e+01,1.499549453e+02,-5.864480681e-01,9.900000000e-01,2,sensor_drift
8.581247789e+00,1.078804309e+00,4.975571922e-01,2.172579998e-01,1.110022487e+01,2.417600468e+00,-3.859301137e+00,1.967666316e+00,-5.926964875e+00,7.197446287e-01,7.584019512e+00,7.240927932e+00,9.356754835e+01,1.499549453e+02,-1.762699356e-01,1.000000000e+00,2,sensor_drift
8.421149446e+00,1.202896012e+00,-1.974550586e+00,2.316844342e-01,1.110022487e+01,3.202697032e+00,-5.124465844e+00,1.476251779e+00,-3.941524132e+00,5.520739243e-01,8.745033054e+00,5.340938647e+00,1.008021863e+02,1.499549453e+02,3.598418152e-01,1.000000000e+00,2,sensor_drift
1.933691674e-03,9.671665922e-01,5.400667690e-02,8.984288761e-02,2.754511635e+00,1.563055939e+00,3.976388023e-02,1.005878649e+00,-2.918252960e-01,-8.576950743e-02,2.677496995e+00,1.607784079e+00,1.948787978e+00,8.154440725e+00,-5.664805422e-02,0.000000000e+00,0,none
-1.589110883e-02,1.016032630e+00,3.786866993e-01,-5.776447656e-02,2.302571440e+00,1.372259847e+00,-6.870997559e-02,9.393773789e-01,-2.918202232e-01,4.911921930e-02,2.495286338e+00,7.175566264e-01,1.919725754e+00,8.630376406e+00,-1.766308850e-01,0.000000000e+00,0,none
8.338324399e-02,1.103716782e+00,8.307215809e-01,-4.834440599e-02,3.360643555e+00,1.470447408e+00,-8.376166089e-01,7.474215089e-01,-2.477540514e+00,9.659057452e-01,1.641752602e+00,3.200989535e+00,2.485383995e+00,1.233513070e+01,-2.288361217e-01,1.000000000e-02,3,sensor_stuck
2.346629058e-01,1.115289876e+00,9.153714712e-01,-1.890503607e-02,3.360643555e+00,1.317500343e+00,-1.064189644e+00,5.848597944e-01,-1.904595082e+00,9.653636773e-01,1.641752602e+00,2.480702394e+00,2.773498765e+00,1.233513070e+01,-2.048668696e-01,2.000000000e-02,3,sensor_stuck
3.856133799e-01,1.154444393e+00,1.120414364e+00,1.460530115e-02,3.779790895e+00,1.633091259e+00,-1.281930441e+00,3.705694306e-01,-1.055041506e+00,9.635881105e-01,1.641752602e+00,1.508737936e+00,3.262106893e+00,1.660926158e+01,-2.188837049e-01,3.000000000e-02,3,sensor_stuck
7.724984391e-01,1.149672991e+00,1.851421577e+00,1.288688708e-01,3.779790895e+00,2.707319797e+00,-1.322901729e+00,3.156167944e-01,5.603074422e-01,9.480113954e-01,1.641752602e+00,1.249679373e+00,3.768184770e+00,1.660926158e+01,2.654740042e-01,4.000000000e-02,3,sensor_stuck
-1.834746988e-01,1.005300472e+00,1.848991002e-01,1.757608490e-01,2.200444143e+00,1.730015452e+00,-1.190254183e-01,1.103399146e+00,-3.563832136e-01,-1.666767610e-01,2.670486768e+00,1.109363805e+00,2.275948729e+00,1.035109816e+01,-1.562853574e-01,1.000000000e-02,0,none
4.608663713e-02,1.035974716e+00,-4.199296964e-01,1.144263326e-01,2.751841282e+00,1.469972585e+00,-1.900320061e-01,9.729915658e-01,6.722459727e-02,-1.469088745e-01,2.379585726e+00,8.832398088e-01,2.058192342e+00,9.907762731e+00,-1.129040563e-01,1.000000000e-02,0,none
-3.016159323e+00,1.635659207e+00,-4.519062262e+00,6.490848102e-01,6.448269936e+00,6.123068832e+00,5.289001807e+00,9.195241354e-01,-2.939077383e+00,9.597568446e-01,6.468101063e+00,3.831505488e+00,4.059166285e+01,6.563932802e+01,6.670349376e-01,1.000000000e+00,4,sensor_dropout
-3.419715142e+00,1.436401210e+00,-3.526090842e+00,5.662267024e-01,6.448269936e+00,5.016576280e+00,4.916752516e+00,1.173749965e+00,-3.793371444e+00,9.661536760e-01,6.065139397e+00,5.016435598e+00,3.930984438e+01,6.563932802e+01,5.798011035e-01,1.000000000e+00,4,sensor_dropout
-3.795308728e+00,1.180520358e+00,-2.118714339e+00,4.001270832e-01,6.448269936e+00,3.330245018e+00,4.227320400e+00,1.611970164e+00,-5.385169719e+00,9.704745095e-01,5.970890406e+00,7.005692891e+00,3.626668223e+01,6.563932802e+01,4.026265864e-01,1.000000000e+00,4,sensor_dropout
-4.012503429e+00,1.039867577e+00,7.287175721e-01,2.495077451e-01,6.448269936e+00,2.069333933e+00,2.653312184e+00,2.227361592e+00,-7.661033240e+00,9.726930095e-01,5.714476605e+00,9.745383403e+00,2.918271355e+01,6.563932802e+01,-2.431063121e-01,9.300000000e-01,4,sensor_dropout
5.894802399e-02,8.777069238e-01,9.016658537e-01,1.571394591e-01,2.611311786e+00,1.280944843e+00,1.455545839e-02,1.097824497e+00,-4.352717026e-01,-1.426536034e-01,3.234533189e+00,1.161372019e+00,1.979274801e+00,1.195490504e+01,-7.814192456e-02,3.000000000e-02,0,none
-5.433608104e-02,1.050446380e+00,3.376379789e-01,-4.386202506e-03,3.607792157e+00,7.597015815e-01,1.101909566e-01,1.029815333e+00,-6.661246545e-01,9.028378913e-02,2.403237364e+00,1.347245180e+00,2.179051675e+00,1.489312998e+01,2.515650112e-02,1.000000000e-02,0,none
-2.638419051e-01,9.824643471e-01,-8.409129151e-01,-7.754866549e-02,2.549571139e+00,1.460959653e+00,-3.805529362e-01,1.066689359e+00,-8.472812789e-01,1.841262143e-01,3.139971073e+00,1.327572889e+00,2.317495470e+00,1.091424171e+01,1.236870085e-01,2.000000000e-02,5,actuator_loss_of_effectiveness
-3.036402816e-01,1.006284370e+00,-8.579971049e-01,2.373120439e-03,2.549571139e+00,1.577500330e+00,-5.396844230e-01,1.133210858e+00,-1.057573080e+00,1.737727319e-01,3.139971073e+00,1.707390524e+00,2.680231778e+00,1.315835303e+01,1.194847117e-01,3.000000000e-02,5,actuator_loss_of_effectiveness
-4.153920323e-01,9.855476934e-01,-8.556910578e-01,-1.485306471e-02,2.549571139e+00,1.408247628e+00,-6.993560028e-01,1.139117222e+00,-1.666161462e+00,2.288394703e-01,3.727977051e+00,2.272610956e+00,2.930541660e+00,1.637928184e+01,1.094739499e-01,6.000000000e-02,5,actuator_loss_of_effectiveness
-6.121919238e-01,1.058794944e+00,-7.065393502e-01,-1.015166673e-01,2.657496603e+00,9.713862973e-01,-1.080478941e+00,1.061875483e+00,-1.444041693e+00,2.411509690e-01,3.727977051e+00,2.649618349e+00,3.790839968e+00,1.743359697e+01,1.591499334e-01,7.000000000e-02,5,actuator_loss_of_effectiveness
6.221536846e-02,1.017703745e+00,1.634774167e-01,4.179335157e-02,2.745854395e+00,1.256538992e+00,5.976700109e-02,1.072994922e+00,-3.803817410e-02,-7.920019351e-02,2.589897780e+00,1.840037189e+00,2.194481861e+00,1.237735996e+01,2.102536457e-01,1.000000000e-02,0,none
7.517072442e-02,9.440315259e-01,-4.187936323e-01,-9.301227825e-02,2.609530891e+00,8.634274113e-01,7.554465500e-03,9.738874943e-01,-9.725321211e-02,-1.656670539e-03,2.350406926e+00,1.114094445e+00,1.845360081e+00,9.038451971e+00,1.169833105e-01,0.000000000e+00,0,none
-4.350918576e-02,1.045264506e+00,-8.010979972e-01,-4.666550047e-02,2.746723073e+00,1.174944461e+00,-1.738269657e-01,1.097619037e+00,-1.217570433e+00,4.609188379e-02,3.221772516e+00,1.902576854e+00,2.329454302e+00,1.135771153e+01,1.068151761e-01,3.000000000e-02,6,actuator_stuck
-1.927828718e-01,1.080295529e+00,-1.011916112e+00,-1.816262398e-03,3.124693012e+00,1.602978672e+00,-3.543496659e-01,1.142956996e+00,-1.499583960e+00,5.832793021e-02,3.455597094e+00,2.360595287e+00,2.636118045e+00,1.355325506e+01,2.082738284e-01,6.000000000e-02,6,actuator_stuck
-4.501744374e-01,1.125459835e+00,-1.524708705e+00,1.006874467e-01,3.124693012e+00,2.502982892e+00,-5.816027781e-01,1.228457521e+00,-2.225331431e+00,1.821808732e-01,3.455597094e+00,3.269794437e+00,3.316686537e+00,1.441958234e+01,2.442285437e-01,9.000000000e-02,6,actuator_stuck
-8.183984937e-01,1.152010432e+00,-2.014525708e+00,1.377668885e-01,3.124693012e+00,3.326094748e+00,-1.372369643e+00,1.495815892e+00,-3.780546924e+00,4.601085010e-01,4.819885946e+00,4.773172454e+00,6.117767750e+00,2.999238695e+01,3.955549498e-01,2.300000000e-01,6,actuator_stuck
1.031350392e-01,8.409550418e-01,2.849271407e-01,-2.252864987e-01,2.386927319e+00,7.447516546e-01,-3.329731566e-03,1.040256882e+00,9.249753982e-02,-7.826389848e-02,3.468994662e+00,8.524233832e-01,1.799987686e+00,1.216011344e+01,-1.716398138e-02,3.000000000e-02,0,none
-8.463404746e-03,9.323769714e-01,6.912284494e-01,4.710967862e-03,2.556410240e+00,1.256523001e+00,1.216865224e-01,9.796164581e-01,-7.094168220e-02,4.416338685e-02,2.511576168e+00,1.549928906e+00,1.843854461e+00,1.035523006e+01,-7.713117989e-02,1.000000000e-02,0,none
-1.131226283e-01,9.629253199e-01,-7.472990937e-01,-1.244826298e-01,2.318998035e+00,1.045404010e+00,-2.707636216e-01,1.057769555e+00,-9.818931055e-01,-3.565730301e-02,2.859768435e+00,1.295813663e+00,2.132211272e+00,9.900776760e+00,9.042392234e-02,1.000000000e-02,7,actuator_runaway
-2.752530329e-01,1.023311544e+00,-9.992240342e-01,-4.872012361e-02,2.413675645e+00,1.325463609e+00,-3.590831034e-01,1.054671871e+00,-9.834638053e-01,-5.291162745e-02,2.859768435e+00,1.489759716e+00,2.364204179e+00,9.900776760e+00,4.981736997e-02,1.000000000e-02,7,actuator_runaway
-3.990020559e-01,9.633021911e-01,-9.952397091e-01,-8.392791550e-02,2.413675645e+00,1.646347930e+00,-5.517245016e-01,1.084664799e+00,-1.516254223e+00,1.003540535e-01,2.948991157e+00,2.323158894e+00,2.568051405e+00,1.148901990e+01,1.357141964e-01,2.000000000e-02,7,actuator_runaway
-5.665358585e-01,9.524381078e-01,-1.293614486e+00,-5.851285797e-02,2.491201594e+00,2.001664163e+00,-9.340074673e-01,1.228757931e+00,-1.990783423e+00,9.519080491e-02,5.098866019e+00,2.885255094e+00,3.610317230e+00,3.194319184e+01,2.224645157e-01,5.000000000e-02,7,actuator_runaway
2.890508166e-02,9.785161393e-01,2.973188585e-01,-1.015020902e-01,2.574490183e+00,9.215830955e-01,2.103114460e-02,9.967840907e-01,8.313831679e-01,2.787392894e-02,3.208145060e+00,1.368287096e+00,1.952350171e+00,1.160166515e+01,-9.936867436e-02,1.000000000e-02,0,none
-3.973190383e-03,9.938238259e-01,1.365468181e-01,1.609655023e-01,2.996114250e+00,1.000557262e+00,-8.560073331e-02,9.265469787e-01,-2.497680138e-01,2.304817701e-01,2.607299285e+00,1.281118521e+00,1.853518372e+00,1.069019621e+01,-8.581865366e-02,1.000000000e-02,0,none
-1.025344452e-03,9.681176473e-01,-8.366830719e-01,4.320400930e-02,3.456466109e+00,1.500653748e+00,1.076734796e-01,1.005958860e+00,5.493373860e-01,7.117417127e-02,2.809945930e+00,9.820138632e-01,1.960799636e+00,1.237745444e+01,-1.632227563e-01,1.000000000e-02,0,none
-8.115751463e-02,9.665042200e-01,-7.920147289e-01,6.192755329e-02,3.456466109e+00,1.711436808e+00,1.894645514e-01,1.046981024e+00,3.604319700e-01,8.664715539e-02,2.946073122e+00,1.196878447e+00,2.072783031e+00,1.237745444e+01,-1.469713982e-01,1.000000000e-02,0,none
-1.630526654e-01,9.897345551e-01,-7.932201050e-01,2.966345471e-02,3.456466109e+00,1.450701495e+00,2.101110648e-01,1.046307773e+00,4.276374763e-01,2.854248383e-02,2.946073122e+00,9.917917835e-01,2.145067276e+00,1.237745444e+01,-1.624416021e-01,1.000000000e-02,0,none
-1.811051951e-01,9.440377525e-01,3.039221397e-01,-4.833832950e-02,2.479201168e+00,1.364049352e+00,1.604416134e-01,1.201065503e+00,-5.258872786e-01,-6.483198499e-02,2.946073122e+00,1.217910359e+00,2.392306223e+00,8.696488896e+00,-2.233606517e-01,0.000000000e+00,0,none
1.751855869e-01,9.866072665e-01,1.764834791e-01,1.943014623e-03,2.919108542e+00,1.274526088e+00,9.826826789e-02,9.161223596e-01,3.237395655e-01,8.728757190e-02,3.091714091e+00,1.250675671e+00,1.853020718e+00,9.642964120e+00,6.894366144e-03,1.000000000e-02,0,none
-5.299697306e-02,1.031051882e+00,7.847932492e-01,1.121954627e-01,2.287802794e+00,1.746352722e+00,7.361970259e-02,9.074332534e-01,1.990678522e-01,1.133540176e-02,2.578446806e+00,1.053830006e+00,1.894731632e+00,8.449571152e+00,8.299457983e-02,0.000000000e+00,0,none
5.292886584e-01,1.047092036e+00,1.095346995e+00,3.275015470e-02,3.846274487e+00,1.922802286e+00,-9.431716560e-01,1.108245244e+00,7.893009528e-01,-2.035484922e-02,3.269304097e+00,1.473661045e+00,3.494328509e+00,1.562845183e+01,5.271943622e-02,8.000000000e-02,1,sensor_bias
5.922577007e-01,1.040767987e+00,4.268930146e-01,1.585598444e-02,3.846274487e+00,1.614253978e+00,-8.770171609e-01,1.101044281e+00,5.719406433e-01,-6.178001490e-02,3.269304097e+00,1.250646028e+00,3.415424796e+00,1.562845183e+01,-6.034025416e-03,8.000000000e-02,1,sensor_bias
6.669710916e-01,1.075671766e+00,5.508507579e-01,-4.704904305e-03,3.846274487e+00,1.334767147e+00,-7.245395511e-01,1.053501111e+00,3.892050650e-01,-5.828091318e-02,3.260404044e+00,8.937002301e-01,3.236742338e+00,1.562845183e+01,-2.327459326e-02,6.000000000e-02,1,sensor_bias
9.147474236e-01,1.100142831e+00,1.762616786e-01,-2.087171532e-02,3.846274487e+00,1.225108102e+00,-6.988879478e-01,1.048473398e+00,1.277054782e-01,-6.687778925e-02,3.260404044e+00,1.116238712e+00,3.634817929e+00,1.562845183e+01,1.041243938e-02,6.000000000e-02,1,sensor_bias
-1.462580466e-01,9.868665599e-01,1.052129418e-01,1.648437584e-03,3.427922272e+00,8.020298128e-01,2.523468675e-01,9.040193009e-01,1.134977277e-01,6.284922150e-02,2.694430055e+00,1.736011610e+00,1.876226861e+00,1.181716297e+01,1.444686961e-01,2.000000000e-02,0,none
8.220136723e-02,1.124792542e+00,7.895993013e-03,6.230238214e-02,2.632310245e+00,1.468532481e+00,-1.800523086e-02,9.480252028e-01,4.409224160e-01,-5.199519685e-02,2.381657191e+00,9.599263124e-01,2.170991300e+00,1.161838725e+01,9.279862182e-02,1.000000000e-02,0,none
6.544420450e+00,2.550508256e+00,6.786826158e+00,8.045345085e-01,1.036806387e+01,9.527088404e+00,-2.534406450e+00,1.930998413e+00,-5.531553652e+00,6.816006605e-01,6.576108486e+00,7.466903698e+00,5.948650232e+01,1.219789656e+02,-5.954388130e-01,9.000000000e-01,2,sensor_drift
7.162696230e+00,1.785023935e+00,3.680784240e+00,6.954961511e-01,1.036806387e+01,6.088654622e+00,-2.920697590e+00,1.937589914e+00,-5.575158536e+00,6.583458965e-01,6.576108486e+00,7.563505095e+00,6.677525682e+01,1.219789656e+02,-5.781134452e-01,9.700000000e-01,2,sensor_drift
7.642218142e+00,1.289744547e+00,3.996967655e-01,3.313110307e-01,1.039758331e+01,3.073978075e+00,-3.635383356e+00,1.652598029e+00,-4.386475539e+00,6.117824208e-01,6.576108486e+00,5.985697487e+00,7.601403151e+01,1.416166207e+02,-1.943080558e-01,1.000000000e+00,2,sensor_drift
7.586919665e+00,1.236904520e+00,-1.873623529e+00,2.078103753e-01,1.039758331e+01,2.937842005e+00,-4.624483921e+00,1.415452666e+00,-3.220804388e+00,4.850122970e-01,7.165045668e+00,4.230156108e+00,8.248064058e+01,1.575691320e+02,2.465843693e-01,1.000000000e+00,2,sensor_drift
5.766950008e-03,9.449800470e-01,4.428703366e-01,1.499346286e-01,2.006998712e+00,1.414507390e+00,3.279179049e-02,9.279817998e-01,-6.513883973e-02,-2.460277475e-02,2.341665865e+00,1.090095107e+00,1.755246069e+00,5.943053494e+00,7.541213132e-02,0.000000000e+00,0,none
-1.172324146e-01,1.000913380e+00,1.028698086e-01,1.913488435e-02,3.089696866e+00,1.171049426e+00,2.021009201e-01,1.013791248e+00,-3.308212424e-01,-7.036627286e-02,2.716386703e+00,7.379025823e-01,2.084188508e+00,1.013875546e+01,-8.746862104e-02,1.000000000e-02,0,none
2.534251892e+00,2.406788754e+00,8.309291431e+00,9.691020342e-01,7.166870077e+00,1.035982400e+01,-4.280626371e-01,1.128993625e+00,-1.958889241e+00,4.131574691e-01,3.744242075e+00,2.705141471e+00,1.367292898e+01,5.740713664e+01,-5.212596299e-01,4.200000000e-01,3,sensor_stuck
3.407703264e+00,2.576253880e+00,8.889388653e+00,9.687215435e-01,8.359307037e+00,1.107110963e+01,-7.006480044e-01,1.204878108e+00,-2.445887747e+00,5.402155299e-01,3.744242075e+00,3.924682168e+00,2.019216446e+01,7.619384766e+01,-6.132115165e-01,5.200000000e-01,3,sensor_stuck
4.831682538e+00,2.853638228e+00,9.840472226e+00,9.695058611e-01,1.028095490e+01,1.231256146e+01,-1.204923526e+00,1.530022586e+00,-4.235377078e+00,7.402163930e-01,5.494763672e+00,6.102120045e+00,3.528121710e+01,1.204432818e+02,-8.203203192e-01,6.700000000e-01,3,sensor_stuck
7.464078169e+00,3.289468058e+00,1.137036960e+01,9.709677534e-01,1.343812442e+01,1.433781490e+01,-2.372546544e+00,2.003764671e+00,-6.076721439e+00,7.713805918e-01,8.323672028e+00,7.803207738e+00,7.617711298e+01,2.418255624e+02,-8.795689407e-01,9.200000000e-01,3,sensor_stuck
-2.165434828e-01,9.680823147e-01,6.332763753e-02,-5.343246456e-02,2.820883984e+00,8.832306319e-01,-1.013341987e-01,8.722790241e-01,2.453652796e-01,8.509949329e-02,2.540702113e+00,6.332000908e-01,1.755213764e+00,8.040348679e+00,1.679328779e-03,0.000000000e+00,0,none
2.589207825e-01,9.998121994e-01,-1.533410954e-01,-8.453734691e-02,2.802336694e+00,1.156719908e+00,-1.314416549e-02,1.013891645e+00,4.087503195e-01,-1.327208837e-01,2.268357295e+00,8.540477295e-01,2.094813443e+00,1.007570800e+01,-1.175058383e-01,1.000000000e-02,0,none
-1.104726924e+01,7.632631923e-01,-8.882233211e-01,9.628238264e-01,1.271972044e+01,3.371757728e+00,4.517081027e+00,2.505149075e+00,7.912374266e+00,8.058667928e-01,1.008147744e+01,9.740752260e+00,1.493045212e+02,2.453731200e+02,-2.254266451e-01,1.000000000e+00,4,sensor_dropout
-1.104822340e+01,7.550076899e-01,-2.196990812e+00,9.875751515e-01,1.215146146e+01,3.376719350e+00,5.310209558e+00,2.243866199e+00,7.032265478e+00,7.972271926e-01,1.008147744e+01,8.926654905e+00,1.558665379e+02,2.453731200e+02,-7.514221045e-01,1.000000000e+00,4,sensor_dropout
-1.122651907e+01,7.907509867e-01,-2.578127285e+00,9.888014911e-01,1.215146146e+01,3.609011212e+00,6.203564479e+00,1.974393024e+00,5.965811220e+00,7.639552622e-01,1.008147744e+01,7.893493623e+00,1.690424575e+02,2.453731200e+02,-8.681126164e-01,1.000000000e+00,4,sensor_dropout
-1.149353742e+01,5.266966644e-01,-3.784102692e-01,9.588019407e-01,1.215146146e+01,2.268875103e+00,7.544680558e+00,1.628736357e+00,4.590141481e+00,6.612543705e-01,1.079587023e+01,6.029006134e+00,1.919537987e+02,2.507511650e+02,-3.502876926e-01,1.000000000e+00,4,sensor_dropout
-1.086836589e-01,1.062649645e+00,6.486367500e-01,-1.008158607e-01,3.028200937e+00,1.563937793e+00,1.279260383e-01,1.116049975e+00,-1.445693886e-01,-2.620858571e-02,3.575616276e+00,1.391071116e+00,2.402969025e+00,1.370061265e+01,-1.527694065e-01,3.000000000e-02,0,none
1.214054835e-02,9.932499166e-01,2.092730650e-01,2.078887580e-02,2.685993616e+00,1.320433683e+00,8.027741219e-02,1.063036409e+00,4.528632219e-01,-2.072688859e-01,3.376748522e+00,1.249316130e+00,2.123183659e+00,1.145240208e+01,-1.106381648e-01,2.000000000e-02,0,none
-1.023518971e+00,1.206572452e+00,-2.648281004e+00,3.927399345e-01,4.487159885e+00,3.615234483e+00,-2.147395086e+00,1.590858297e+00,-3.909733526e+00,4.890030678e-01,5.035962031e+00,5.333354335e+00,9.645543940e+00,3.528135768e+01,3.926155367e-01,4.500000000e-01,5,actuator_loss_of_effectiveness
-1.305970305e+00,1.301812180e+00,-3.237662192e+00,4.852863805e-01,4.487159885e+00,4.263370297e+00,-2.545570012e+00,1.531849943e+00,-3.668059043e+00,4.431939292e-01,6.864507174e+00,4.847105599e+00,1.222676432e+01,5.862957199e+01,4.802938159e-01,5.500000000e-01,5,actuator_loss_of_effectiveness
-1.744599295e+00,1.368334018e+00,-3.435093733e+00,5.209303297e-01,4.717681349e+00,4.664543156e+00,-3.086171181e+00,1.409790015e+00,-3.249331155e+00,4.167184965e-01,6.864507174e+00,4.309549313e+00,1.642792513e+01,5.862957199e+01,4.429736872e-01,6.900000000e-01,5,actuator_loss_of_effectiveness
-2.633920752e+00,1.461977677e+00,-3.878804418e+00,5.462532573e-01,5.359967695e+00,4.932328482e+00,-3.863777441e+00,1.295500948e+00,-2.934837409e+00,3.529309229e-01,7.165668144e+00,3.685272160e+00,2.568201607e+01,7.645641919e+01,4.549256447e-01,8.900000000e-01,5,actuator_loss_of_effectiveness
-1.664590369e-01,1.119617740e+00,-2.742100611e-01,-1.013051976e-02,3.242402714e+00,9.956476449e-01,-1.717335899e-01,8.791358867e-01,1.924600902e-01,8.334814018e-02,2.554429260e+00,7.956928432e-01,2.083624827e+00,1.085053086e+01,-5.050426270e-02,1.000000000e-02,0,none
-2.439223603e-02,1.135529675e+00,1.615925952e-02,9.466125627e-02,4.008438510e+00,1.061947313e+00,3.481946236e-02,1.000819862e+00,1.270182152e-01,6.287348036e-03,2.591190160e+00,1.083578910e+00,2.292875416e+00,1.652854621e+01,-4.434343153e-02,3.000000000e-02,0,none
-5.103342988e-01,1.125451798e+00,-1.685809682e+00,1.261389840e-01,3.345962685e+00,2.494224430e+00,-1.086968378e+00,1.341772450e+00,-3.096465265e+00,4.139930915e-01,4.087637991e+00,4.256134364e+00,4.508936408e+00,2.309300247e+01,3.692554532e-01,1.400000000e-01,6,actuator_stuck
-6.731556891e-01,1.188215357e+00,-2.085458444e+00,1.775090867e-01,4.281933198e+00,3.076536798e+00,-1.435326605e+00,1.414183665e+00,-3.474789856e+00,5.120329066e-01,4.367122625e+00,4.963343690e+00,5.925072217e+00,2.734019051e+01,4.285327289e-01,2.200000000e-01,6,actuator_stuck
-1.071203611e+00,1.352148256e+00,-2.974982847e+00,3.548426619e-01,4.876233119e+00,3.915161858e+00,-2.103129458e+00,1.772717305e+00,-5.141668196e+00,7.098514223e-01,6.990325862e+00,6.258094443e+00,1.054146224e+01,5.847899961e+01,6.045558595e-01,3.700000000e-01,6,actuator_stuck
-2.147787037e+00,1.837630191e+00,-5.158021172e+00,5.960313188e-01,6.269030235e+00,6.848702663e+00,-3.702411286e+00,2.352278451e+00,-7.330050219e+00,8.040044669e-01,8.781248925e+00,9.699201271e+00,2.723093711e+01,1.164110728e+02,7.862568045e-01,6.200000000e-01,6,actuator_stuck
4.973782280e-02,1.052504932e+00,2.913484319e-01,4.446971750e-02,2.777204323e+00,1.223311429e+00,-1.797270466e-02,1.113782419e+00,6.752553919e-01,1.567698257e-03,3.113108730e+00,9.258211699e-01,2.351074779e+00,1.105925355e+01,-1.559743518e-03,2.000000000e-02,0,none
-7.340691378e-02,1.172117499e+00,4.013143772e-01,-1.880787943e-01,3.630137115e+00,1.501103680e+00,7.156335695e-02,1.020225965e+00,-4.269548842e-01,1.065037712e-02,2.982045197e+00,1.397596320e+00,2.425230342e+00,1.374406171e+01,-1.225071405e-01,2.000000000e-02,0,none
5.815538894e-02,9.997972745e-01,6.929261608e-01,-2.829079149e-02,2.940381872e+00,1.528427499e+00,6.047725929e-01,1.033817025e+00,1.767118220e+00,2.318326337e-01,3.438177540e+00,2.291617221e+00,2.437504169e+00,1.194999749e+01,6.093987099e-02,3.000000000e-02,7,actuator_runaway
1.336302519e-01,1.020385899e+00,8.688917536e-01,5.930908987e-02,2.940381872e+00,1.355737675e+00,6.850371063e-01,9.923981432e-01,1.563499936e+00,2.218379160e-01,3.438177540e+00,2.048049709e+00,2.513174339e+00,1.194999749e+01,5.303312521e-02,3.000000000e-02,7,actuator_runaway
3.822518483e-01,1.065038496e+00,1.186871245e+00,1.106630222e-01,4.289833369e+00,1.711024500e+00,9.049039111e-01,9.925919259e-01,1.356891868e+00,1.610623619e-01,3.438177540e+00,1.993568279e+00,3.084513293e+00,2.475913223e+01,3.737658342e-02,6.000000000e-02,7,actuator_runaway
7.456890180e-01,1.130360083e+00,1.835956904e+00,2.506923158e-01,4.578207610e+00,2.790313382e+00,1.171991520e+00,9.519432878e-01,8.657188887e-01,-9.709294080e-03,3.438177540e+00,1.586566447e+00,4.113526175e+00,2.475913223e+01,8.572501214e-02,1.000000000e-01,7,actuator_runaway
-1.667947399e-01,1.027836316e+00,-3.929038171e-01,-1.192256013e-01,3.118147732e+00,1.215793897e+00,2.474806865e-02,1.115194861e+00,6.965918921e-01,2.640136273e-02,2.955180035e+00,1.913257626e+00,2.328540022e+00,1.043662831e+01,7.011603344e-02,3.000000000e-02,0,none
-4.376471627e-02,1.061382579e+00,2.618309464e-01,-3.491144633e-02,3.190503052e+00,9.368875795e-01,-1.163342514e-01,9.089987559e-01,4.652509610e-01,1.940982558e-01,2.959553927e+00,1.178566523e+00,1.968260725e+00,1.124547475e+01,-5.559724855e-02,1.000000000e-02,0,none
3.896871720e-02,9.742619266e-01,8.738464133e-02,-1.406809308e-01,2.586307888e+00,8.951893847e-01,-9.844003498e-02,9.230228613e-01,-1.953127558e-01,-4.251892963e-02,2.151192630e+00,8.587049874e-01,1.812366506e+00,7.556619655e+00,1.879491082e-02,0.000000000e+00,0,none
5.922699155e-02,1.000842620e+00,4.609816483e-01,-1.408354225e-01,2.586307888e+00,9.377317609e-01,-1.311342663e-01,9.278478370e-01,8.011640425e-02,-7.069480492e-02,2.370521439e+00,1.005829028e+00,1.883291591e+00,8.051006570e+00,-6.393440582e-03,0.000000000e+00,0,none
5.545219593e-02,9.430687875e-01,7.784211874e-02,-1.034207829e-01,2.586307888e+00,9.410116436e-01,-1.220634483e-01,9.182113917e-01,-1.885633651e-01,-1.013494452e-01,2.370521439e+00,9.650103472e-01,1.750465329e+00,8.051006570e+00,-6.244627259e-02,0.000000000e+00,0,none
3.505658925e-02,9.388916476e-01,6.288080059e-02,-1.839322047e-01,2.671690398e+00,8.612347874e-01,-7.788612726e-02,9.482489075e-01,-9.240132573e-02,-1.380489907e-01,2.370521439e+00,9.782600118e-01,1.787988730e+00,8.051006570e+00,-1.212503946e-01,0.000000000e+00,0,none
-8.511856605e-02,9.818709572e-01,-1.543605387e-01,-1.270302169e-01,2.879798711e+00,8.094831986e-01,2.988178787e-02,1.041294452e+00,-1.138079713e-02,-8.248993162e-02,2.592824444e+00,8.567545279e-01,2.056502804e+00,1.205514387e+01,-2.129939876e-01,3.000000000e-02,0,none
-2.895807773e-02,1.124903751e+00,4.208295445e-01,2.328672685e-01,2.794907957e+00,1.705743690e+00,1.076906499e-02,1.135670295e+00,-5.029142436e-01,3.902004956e-02,2.924132937e+00,1.493126786e+00,2.556110010e+00,9.926046160e+00,-1.663042361e-01,1.000000000e-02,0,none
1.207886906e+00,2.136032704e+00,-6.418101594e+00,8.303347632e-01,6.946562112e+00,8.588199227e+00,-8.038708218e-01,1.055136521e+00,-4.021923787e-01,-1.282625045e-01,2.834603644e+00,1.402711184e+00,7.781147867e+00,4.837455324e+01,1.328960471e-01,2.500000000e-01,1,sensor_bias
6.281558312e-01,1.759464767e+00,-4.923772265e+00,7.570734120e-01,5.419390304e+00,7.014993095e+00,-8.475407890e-01,1.066225998e+00,3.248594880e-01,-1.744082128e-01,2.834603644e+00,1.158159368e+00,5.345459285e+00,3.332344618e+01,-4.406022969e-02,1.500000000e-01,1,sensor_bias
5.277565534e-02,1.231168803e+00,-2.550820269e+00,5.773245770e-01,2.760129398e+00,4.253462102e+00,-7.182802663e-01,1.128518533e+00,5.838416232e-01,-1.902552741e-01,2.834603644e+00,1.574099006e+00,3.308042511e+00,1.196922130e+01,5.189967551e-02,2.000000000e-02,1,sensor_bias
-3.293876183e-01,9.006822587e-01,3.872604163e-01,1.031210580e-01,2.238087769e+00,1.781649083e+00,-6.255190196e-01,1.057971886e+00,9.341396066e-01,-1.286938502e-01,2.834603644e+00,1.588984624e+00,2.430303291e+00,9.251109826e+00,7.641509037e-02,1.000000000e-02,1,sensor_bias
-2.176287401e-01,1.067921606e+00,5.216091419e-01,7.076024327e-03,2.433750409e+00,1.225951767e+00,-3.562811758e-02,9.057536182e-01,4.233543862e-01,7.033610488e-04,2.052211651e+00,1.224526394e+00,2.009477805e+00,7.357604379e+00,-1.469605475e-01,0.000000000e+00,0,none
-2.170133851e-01,1.178333228e+00,-3.314296959e-02,2.473192191e-02,3.927912070e+00,1.076798103e+00,-1.427062425e-01,1.092074406e+00,-1.154094652e-01,-2.885918850e-02,2.842456608e+00,1.267761168e+00,2.648555587e+00,1.548616222e+01,4.925787273e-02,3.000000000e-02,0,none
-2.404799523e-01,1.085128104e+00,-9.206083525e-01,3.897829882e-02,3.516114458e+00,1.883521948e+00,6.699229816e-01,1.102955526e+00,1.056966278e+00,2.289308742e-01,3.405137057e+00,1.612110595e+00,2.900641304e+00,1.306999075e+01,-7.750876134e-02,6.000000000e-02,2,sensor_drift
-3.487547655e-01,1.153080285e+00,-1.168333655e+00,4.991958176e-02,3.579526596e+00,2.232685843e+00,8.264193151e-01,1.013971112e+00,4.641043387e-01,9.693604154e-02,3.405137057e+00,1.131675660e+00,3.162330332e+00,1.378699695e+01,-6.655925375e-02,9.000000000e-02,2,sensor_drift
-4.134133871e-01,1.171405270e+00,-1.499429584e+00,8.175154457e-02,3.579526596e+00,2.474890550e+00,9.334556625e-01,1.095172342e+00,3.916363914e-01,-3.148324963e-02,3.806251165e+00,1.400352822e+00,3.613842867e+00,1.582352547e+01,-4.081256245e-02,1.300000000e-01,2,sensor_drift
-7.132232305e-01,1.161160047e+00,-1.062036949e+00,4.893901842e-02,4.050097011e+00,1.431099329e+00,1.036355697e+00,1.107730688e+00,7.913837806e-01,-6.793108205e-02,3.806251165e+00,1.426848317e+00,4.158080439e+00,2.183094745e+01,5.861890250e-03,1.400000000e-01,2,sensor_drift
5.526884029e-02,1.032111486e+00,-3.465212002e-02,-7.124599014e-02,2.721104662e+00,1.079974316e+00,6.504280508e-02,9.987018532e-01,3.631584788e-01,-4.157495394e-02,3.060482563e+00,1.255153870e+00,2.069944722e+00,9.875609443e+00,-2.370105961e-02,3.000000000e-02,0,none
9.133719408e-02,1.029143294e+00,2.463284183e-01,-1.890034755e-01,2.647558283e+00,5.735335399e-01,-1.303023954e-01,9.348922109e-01,-5.419753202e-01,-8.910655577e-03,3.177857007e+00,1.224669354e+00,1.958480564e+00,1.093666736e+01,2.808305347e-02,1.000000000e-02,0,none
7.763226023e+00,3.354705746e+00,1.159424241e+01,9.663191505e-01,1.328354951e+01,1.432214428e+01,-2.583854487e+00,2.180156862e+00,-6.754553476e+00,8.241052454e-01,7.303355293e+00,8.689108474e+00,8.295111688e+01,2.258729263e+02,-8.793727980e-01,9.000000000e-01,3,sensor_stuck
8.935388359e+00,3.192585466e+00,1.105285252e+01,9.688558364e-01,1.417521998e+01,1.374388673e+01,-3.163972440e+00,2.289847794e+00,-7.257408446e+00,8.246146316e-01,7.524023029e+00,9.450223557e+00,1.052878916e+02,2.522582120e+02,-9.122867677e-01,1.000000000e+00,3,sensor_stuck
1.055205498e+01,3.038492363e+00,1.051934180e+01,9.707158338e-01,1.543018104e+01,1.321848918e+01,-4.280425185e+00,2.438883888e+00,-7.840052622e+00,8.363723638e-01,9.482255055e+00,1.011886079e+01,1.448484945e+02,3.204771617e+02,-9.258811707e-01,1.000000000e+00,3,sensor_stuck
1.299494510e+01,2.726852309e+00,9.409077334e+00,9.712811130e-01,1.708708547e+01,1.190457978e+01,-6.279184682e+00,2.616520479e+00,-8.461825614e+00,8.574877296e-01,1.157667602e+01,1.037316660e+01,2.225786614e+02,4.215351119e+02,-9.271028049e-01,1.000000000e+00,3,sensor_stuck
1.177056499e-01,7.904782285e-01,-2.450505456e-01,-1.686979214e-01,2.238813344e+00,6.289548718e-01,8.818836519e-02,9.530843591e-01,-8.042624992e-03,1.236569106e-01,2.216429381e+00,1.171712292e+00,1.554857433e+00,6.754059133e+00,-6.474371722e-02,0.000000000e+00,0,none
1.394315476e-01,1.036327903e+00,6.918397964e-02,-1.351590304e-01,3.236633451e+00,7.251729205e-01,7.346676510e-02,9.421012641e-01,2.478605669e-01,-7.295351714e-02,2.151680364e+00,8.351949356e-01,1.986368836e+00,1.049496967e+01,1.965089395e-01,1.000000000e-02,0,none
-3.365454328e-01,1.196282089e+00,-1.787199422e+00,2.024155045e-01,3.685775729e+00,2.929567356e+00,1.321584381e+00,1.802074502e+00,6.241411586e+00,9.701473447e-01,4.338757717e+00,7.815450022e+00,6.538411452e+00,2.454250147e+01,-4.379268187e-01,3.000000000e-01,4,sensor_dropout
-5.930484266e-01,1.355442019e+00,-2.527311701e+00,2.933273428e-01,4.060453555e+00,3.709720565e+00,1.934474004e+00,1.782389997e+00,6.172362057e+00,9.709973335e-01,4.870999166e+00,7.795721361e+00,9.108033277e+00,3.636421782e+01,-5.413227698e-01,4.000000000e-01,4,sensor_dropout
-1.002975397e+00,1.527827512e+00,-3.456195970e+00,3.762993062e-01,4.990990330e+00,4.522233132e+00,2.813443712e+00,1.722295424e+00,5.955195934e+00,9.724022249e-01,5.426804819e+00,7.558053797e+00,1.422198360e+01,5.300867435e+01,-6.513812492e-01,5.500000000e-01,4,sensor_dropout
-1.975131512e+00,1.765786005e+00,-4.754298185e+00,5.401094829e-01,5.896321632e+00,6.213428891e+00,4.125325160e+00,1.436510644e+00,4.910309165e+00,9.722322058e-01,5.962918528e+00,6.253220443e+00,2.610101521e+01,6.931783378e+01,-7.632571060e-01,8.000000000e-01,4,sensor_dropout
-2.360350674e-01,9.362768853e-01,2.984753550e-02,-2.719740863e-02,2.835906351e+00,9.690755433e-01,1.083755790e-01,9.750374896e-01,-2.241080249e-01,9.169984171e-02,2.149920312e+00,1.011452734e+00,1.894770331e+00,8.149904826e+00,-3.387941475e-02,0.000000000e+00,0,none
-1.055928043e-02,9.985660992e-01,3.961034605e-01,-8.860830055e-02,2.881160799e+00,1.377189299e+00,-7.099459990e-02,1.035139419e+00,7.734687889e-01,-5.032204083e-03,2.568298751e+00,1.340653153e+00,2.073799602e+00,1.013338643e+01,9.549432760e-03,1.000000000e-02,0,none
6.004186530e-01,9.536957647e-01,1.127658715e+00,1.437061906e-01,3.827210776e+00,1.786992110e+00,1.072773451e+00,1.007313740e+00,1.156424314e+00,4.693748471e-02,3.672508979e+00,1.734154293e+00,3.435562018e+00,2.036986921e+01,1.703496510e-01,4.000000000e-02,5,actuator_loss_of_effectiveness
7.424357398e-01,1.006747426e+00,1.542545414e+00,1.182223533e-01,3.827210776e+00,2.305017683e+00,1.239068730e+00,1.000250089e+00,9.449666547e-01,-3.295971798e-02,3.825792487e+00,1.321953393e+00,4.100542765e+00,2.717268565e+01,2.208032785e-01,7.000000000e-02,5,actuator_loss_of_effectiveness
1.054953016e+00,1.075835332e+00,2.080993665e+00,2.717521729e-01,3.827210776e+00,2.749631001e+00,1.371155983e+00,9.381540326e-01,7.470232190e-01,-2.246173132e-02,3.825792487e+00,1.257121578e+00,5.030549247e+00,2.717268565e+01,1.694068604e-01,1.400000000e-01,5,actuator_loss_of_effectiveness
1.444482321e+00,1.033690927e+00,1.441748339e+00,2.126500407e-01,3.827210776e+00,2.620448556e+00,1.611867829e+00,9.096817337e-01,1.032918661e+00,-1.394201964e-02,3.825792487e+00,1.565971582e+00,6.580684860e+00,2.717268565e+01,8.703036870e-02,2.300000000e-01,5,actuator_loss_of_effectiveness
-1.329697085e-01,1.051192356e+00,-2.468614291e-01,-9.181879708e-02,2.891252439e+00,9.461040780e-01,1.496939011e-01,1.089439712e+00,-3.889884829e-01,5.708787252e-02,3.544895054e+00,1.599673623e+00,2.331973462e+00,1.326290966e+01,1.247758112e-01,2.000000000e-02,0,none
-1.194055387e-01,1.051214336e+00,2.969317046e-01,4.475096851e-02,3.070566042e+00,1.113601089e+00,-4.012374670e-02,1.108117906e+00,-2.405234076e-02,-1.760928514e-01,2.596094874e+00,9.890398546e-01,2.348844470e+00,1.109951999e+01,1.773341881e-01,1.000000000e-02,0,none
-1.103161218e-01,9.751255885e-01,1.724952258e-01,3.276428545e-02,2.311743254e+00,1.205669836e+00,-1.305964780e-01,1.012472930e+00,-1.114871702e+00,1.811536682e-01,2.941312282e+00,1.713668286e+00,2.005196435e+00,9.836885120e+00,-1.039220809e-01,1.000000000e-02,6,actuator_stuck
-1.383914181e-01,9.684803203e-01,4.318046868e-03,6.061966406e-02,2.311743254e+00,1.281473136e+00,-2.239901415e-01,1.035312395e+00,-1.604291561e+00,2.479669995e-01,2.941312282e+00,2.188315703e+00,2.079149654e+00,9.836885120e+00,-1.259581066e-01,1.000000000e-02,6,actuator_stuck
-2.623300827e-01,1.092158062e+00,-1.014003421e+00,1.690517828e-01,3.692613270e+00,1.616107530e+00,-5.829103401e-01,1.126212198e+00,-2.105024079e+00,3.443467654e-01,3.486138651e+00,2.983559805e+00,2.869764683e+00,2.304839494e+01,1.953459733e-02,6.000000000e-02,6,actuator_stuck
-5.722328344e-01,1.201291643e+00,-2.409058002e+00,3.107679234e-01,3.692613270e+00,3.375543465e+00,-1.432584279e+00,1.555359946e+00,-4.117652030e+00,5.781978511e-01,5.526207950e+00,5.568279720e+00,6.241994309e+00,3.227919044e+01,3.976565296e-01,2.600000000e-01,6,actuator_stuck
-3.368342110e-02,9.150283726e-01,1.532123566e-01,9.641979361e-02,2.073311886e+00,9.297447159e-01,3.497494905e-02,9.443166423e-01,6.075431895e-01,6.185310748e-02,2.060070419e+00,1.594949747e+00,1.731368663e+00,8.090795281e+00,-1.932802750e-02,0.000000000e+00,0,none
-9.155019575e-02,1.055409077e+00,2.676424155e-01,9.535098260e-02,2.391129497e+00,8.554723130e-01,1.402948365e-01,1.152852643e+00,-1.264154191e-01,1.662359861e-02,3.245432528e+00,8.829483491e-01,2.471021615e+00,1.058753641e+01,2.162359385e-02,1.000000000e-02,0,none
-3.044945983e-01,9.853121923e-01,-5.928704389e-01,-6.879705308e-02,2.666339212e+00,1.377208628e+00,-3.613484460e-01,9.272369939e-01,-4.967719393e-01,8.798318323e-02,2.959065543e+00,8.893366486e-01,2.053898219e+00,8.889040003e+00,-2.037747086e-02,0.000000000e+00,7,actuator_runaway
-3.254237892e-01,1.050225826e+00,-6.631345613e-01,-9.117259256e-02,2.961578709e+00,1.477668745e+00,-3.661676094e-01,9.482653938e-01,-5.576208847e-01,1.524937426e-02,2.959065543e+00,8.996783549e-01,2.242160904e+00,8.889040003e+00,-3.677780275e-02,0.000000000e+00,7,actuator_runaway
-3.497898543e-01,1.089076787e+00,-8.798106958e-01,-5.676811387e-02,3.450487924e+00,1.532944171e+00,-5.613279249e-01,9.702761318e-01,-5.244457208e-01,-6.734480192e-02,2.959065543e+00,1.312709010e+00,2.564966002e+00,1.269963724e+01,-9.681657756e-03,1.000000000e-02,7,actuator_runaway
-5.897853015e-01,1.021949307e+00,-7.137878525e-01,2.169654297e-02,3.450487924e+00,1.341064688e+00,-7.733599428e-01,1.131670453e+00,-1.707391529e+00,1.063104858e-01,3.918613978e+00,2.424166216e+00,3.270990703e+00,1.664830584e+01,1.503811483e-03,4.000000000e-02,7,actuator_runaway
1.308046296e-01,9.729814912e-01,-5.060853641e-02,2.087443970e-02,2.428870882e+00,7.868660062e-01,3.666713881e-02,1.008252765e+00,-5.847887355e-01,1.078949189e-01,3.110463469e+00,1.335036820e+00,1.981720951e+00,1.022757454e+01,-3.552085450e-02,1.000000000e-02,0,none
-7.739902703e-02,9.245064152e-01,-5.871058510e-01,2.053994977e-01,2.079763770e+00,1.009844828e+00,-1.616403253e-03,1.074652199e+00,1.723999382e-01,-3.387486314e-02,2.568672635e+00,8.779668306e-01,2.015582682e+00,8.717264221e+00,-2.042045950e-02,0.000000000e+00,0,none
-1.207481889e-01,8.874683351e-01,-6.596596857e-01,-1.212344079e-01,2.679008089e+00,1.533798434e+00,-8.527649151e-03,1.073534630e+00,-9.837158293e-02,-1.808894568e-01,2.704631942e+00,7.647552425e-01,1.954729494e+00,1.187470412e+01,5.714787669e-02,2.000000000e-02,0,none
-9.329995515e-02,8.758381778e-01,-3.838883625e-01,-1.488894468e-01,2.679008089e+00,1.327218372e+00,-5.475258149e-02,9.816590997e-01,5.847254988e-02,-1.808379494e-01,2.704631942e+00,8.308929914e-01,1.742449829e+00,1.187470412e+01,6.613582826e-02,2.000000000e-02,0,none
-1.357851057e-01,8.795893685e-01,1.173739436e-01,-1.760180316e-01,2.520787319e+00,1.110544104e+00,-2.614052567e-02,8.976416624e-01,-3.584000050e-01,-1.415170941e-01,2.704631942e+00,6.868221096e-01,1.598558933e+00,9.257810924e+00,1.146916664e-01,1.000000000e-02,0,none
-2.301166620e-01,8.917039030e-01,4.276635111e-02,-1.117467419e-01,2.520787319e+00,1.061234227e+00,-9.652408123e-02,8.737518967e-01,-8.926647644e-02,-9.214130630e-02,2.704631942e+00,8.381199767e-01,1.620848804e+00,8.654862771e+00,1.281115710e-01,0.000000000e+00,0,none
-1.651993792e-02,1.030340034e+00,-9.684466282e-01,9.895752653e-02,2.155182685e+00,1.576330532e+00,-2.929849718e-02,1.003220240e+00,-2.417319773e-01,-1.229934297e-01,2.369921571e+00,1.748808106e+00,2.069182746e+00,7.671214693e+00,-6.259510487e-02,0.000000000e+00,0,none
-1.029205012e-01,9.723272249e-01,-3.931802620e-01,-3.725743954e-02,3.015903785e+00,1.009281723e+00,2.451880502e-01,9.485757983e-01,-2.306030468e-01,-8.834690142e-02,2.591054784e+00,8.286660814e-01,1.915926087e+00,1.274926192e+01,4.577229790e-02,2.000000000e-02,0,none
-2.503005093e+00,1.463220610e+00,-3.755434659e+00,5.612626869e-01,6.295312545e+00,4.618073702e+00,4.730600408e+00,1.136552234e+00,-1.993948495e+00,2.533144328e-01,7.640703495e+00,2.878213077e+00,3.207638024e+01,6.061833560e+01,3.101720017e-01,9.900000000e-01,1,sensor_bias
-2.851795129e+00,1.371035006e+00,-3.293789920e+00,5.034093029e-01,6.295312545e+00,4.528754971e+00,4.532717876e+00,1.072486713e+00,-1.338252768e+00,6.225636820e-02,7.049201922e+00,2.028299640e+00,3.170823154e+01,6.061833560e+01,1.548761711e-01,9.900000000e-01,1,sensor_bias
-3.213676273e+00,1.182378683e+00,-2.340378298e+00,3.938756654e-01,6.295312545e+00,3.663671290e+00,4.347037082e+00,1.048518854e+00,-4.607834262e-01,-9.594713242e-02,6.807185867e+00,1.377016593e+00,3.172185772e+01,6.061833560e+01,-2.418767487e-02,9.900000000e-01,1,sensor_bias
-3.733027292e+00,1.129873337e+00,-1.705191132e+00,2.365798921e-01,6.295312545e+00,2.356408907e+00,4.329127116e+00,1.100262297e+00,1.960302399e-01,-1.302937950e-01,6.804212428e+00,1.475573715e+00,3.516402523e+01,6.959451597e+01,-8.585230024e-02,1.000000000e+00,1,sensor_bias
-4.563730473e-02,1.015297329e+00,6.936903506e-02,1.655771588e-01,2.627614891e+00,1.550398826e+00,1.317205874e-01,8.944712716e-01,8.776299186e-02,1.207538257e-01,2.474556280e+00,9.443726280e-01,1.850340598e+00,7.721172009e+00,1.449386674e-01,0.000000000e+00,0,none
3.579089494e-02,9.984140728e-01,4.924096666e-02,-3.027775464e-02,2.881332967e+00,7.968022728e-01,5.757883905e-02,1.077559153e+00,8.479341765e-01,1.655729989e-01,2.511719873e+00,1.612658662e+00,2.162560700e+00,1.065782349e+01,7.536532653e-02,1.000000000e-02,0,none
7.585358982e-04,9.657119594e-01,8.018205390e-01,1.924981884e-01,2.122765772e+00,1.827653224e+00,-6.261573372e-01,1.056569695e+00,-9.950300791e-01,2.078565253e-02,4.110550276e+00,1.484468092e+00,2.441012696e+00,1.689720682e+01,-1.660806857e-01,2.000000000e-02,2,sensor_drift
3.912757964e-03,9.625685578e-01,1.067055224e+00,1.399873899e-01,2.122765772e+00,1.841216379e+00,-6.670601520e-01,1.060981274e+00,-8.032485527e-01,4.145523538e-02,4.110550276e+00,1.512694719e+00,2.497204048e+00,1.689720682e+01,-1.917416521e-01,2.000000000e-02,2,sensor_drift
1.683453040e-01,9.999323788e-01,1.252306301e+00,1.940558099e-01,2.828573822e+00,1.834041084e+00,-8.328222429e-01,1.045384762e+00,-9.414740383e-01,6.729194822e-02,4.110550276e+00,1.430634719e+00,2.814627092e+00,1.689720682e+01,-1.588525973e-01,2.000000000e-02,2,sensor_drift
5.382869165e-01,1.099273901e+00,1.262297969e+00,8.031631296e-02,3.023869143e+00,1.762904015e+00,-1.112734263e+00,1.062544181e+00,-1.054103750e+00,1.370874441e-01,4.110550276e+00,1.595638947e+00,3.865333590e+00,1.960274164e+01,-1.386934716e-01,8.000000000e-02,2,sensor_drift
3.620996125e-02,9.535974593e-01,1.443056148e-01,5.212658359e-02,2.287898650e+00,1.132295927e+00,5.803754926e-02,8.108775517e-01,1.612007451e-01,2.147172487e-02,2.004923121e+00,1.388284898e+00,1.571550037e+00,8.262436780e+00,-1.439893204e-01,0.000000000e+00,0,none
-2.056551836e-02,9.154593671e-01,-1.777119623e-01,1.885948854e-01,2.424871639e+00,1.328188003e+00,8.798448328e-02,1.036297359e+00,-4.045124938e-01,-2.046242131e-01,3.323331587e+00,1.078840616e+00,1.920142280e+00,1.288005168e+01,-1.312113585e-02,1.000000000e-02,0,none
-1.659817593e+00,2.157397861e+00,-7.436857062e+00,9.693555544e-01,5.821194665e+00,9.276819982e+00,2.780658420e-02,1.019066487e+00,8.006823347e-01,1.350687123e-01,2.652525503e+00,1.825059885e+00,8.448629685e+00,3.495535005e+01,-2.374742690e-01,3.200000000e-01,3,sensor_stuck
-2.438527977e+00,2.322182837e+00,-8.005189082e+00,9.690931862e-01,6.936813764e+00,1.001623020e+01,1.917778900e-01,1.150973901e+00,1.771417748e+00,2.781772060e-01,3.401684707e+00,2.661313544e+00,1.270047150e+01,5.320735526e+01,-4.608060247e-01,4.200000000e-01,3,sensor_stuck
-3.731138831e+00,2.616002363e+00,-9.014225070e+00,9.692428912e-01,8.799384806e+00,1.131053971e+01,6.329903293e-01,1.386213392e+00,3.092766824e+00,4.846741788e-01,3.974343746e+00,4.104838735e+00,2.308712966e+01,8.603251513e+01,-6.660706130e-01,5.700000000e-01,3,sensor_stuck
-6.183140784e+00,3.092299037e+00,-1.067958580e+01,9.708336112e-01,1.188768365e+01,1.342497995e+01,1.536779659e+00,1.770265825e+00,4.888683855e+00,6.226885450e-01,6.505930405e+00,6.717239692e+00,5.328907609e+01,1.700248528e+02,-8.028228276e-01,8.200000000e-01,3,sensor_stuck
-1.080256606e-01,1.038319699e+00,-2.887536884e-01,-3.523250859e-02,3.060974682e+00,1.401175860e+00,2.968592462e-02,9.754658367e-01,4.032503107e-01,2.822064925e-02,2.399403413e+00,1.212752738e+00,2.042192193e+00,1.170808069e+01,1.168705142e-01,2.000000000e-02,0,none
1.650009254e-02,1.052113273e+00,-2.015386724e-01,3.249440637e-03,2.712403525e+00,1.403136974e+00,2.691464300e-02,9.390999148e-01,8.836074950e-02,-7.016742116e-02,2.620245401e+00,1.406614786e+00,1.989847639e+00,7.357282322e+00,5.606496175e-02,0.000000000e+00,0,none
2.167101347e+00,1.240563791e+00,2.534037983e+00,3.486387331e-01,4.909671285e+00,3.740917491e+00,-2.988149728e+00,1.588219042e+00,5.437779298e+00,9.646215661e-01,5.572044926e+00,6.764065092e+00,1.768680529e+01,3.254940093e+01,5.452210162e-01,8.200000000e-01,4,sensor_dropout
2.337246705e+00,1.138123760e+00,1.636397460e+00,1.836135811e-01,4.909671285e+00,3.030380166e+00,-2.388011318e+00,1.758789574e+00,6.007764784e+00,9.683522810e-01,4.873674846e+00,7.604601190e+00,1.555398667e+01,2.982304949e+01,3.494003961e-01,7.500000000e-01,4,sensor_dropout
2.320233575e+00,1.113172908e+00,-3.678187308e-01,2.111957719e-01,4.909671285e+00,3.135861567e+00,-1.411073649e+00,2.064936318e+00,7.086221732e+00,9.710072131e-01,4.300775268e+00,8.982118804e+00,1.287772861e+01,2.624176462e+01,-1.708047837e-01,6.200000000e-01,4,sensor_dropout
1.957322623e+00,1.398894901e+00,-3.318476824e+00,4.665995390e-01,4.909671285e+00,4.944017447e+00,4.271375123e-01,2.364104061e+00,8.179095309e+00,9.732420283e-01,4.384257250e+00,1.040601386e+01,1.155945326e+01,2.411315758e+01,-6.981003837e-01,5.900000000e-01,4,sensor_dropout
-3.659947524e-02,8.790863603e-01,-8.716992782e-02,-5.220431967e-02,2.348343454e+00,1.350683132e+00,-3.334331841e-02,1.046673331e+00,1.761311426e-01,-1.892083865e-02,2.875442474e+00,1.235213684e+00,1.870769189e+00,9.760319387e+00,8.591661489e-02,1.000000000e-02,0,none
-2.120485832e-02,1.012144740e+00,-2.672570577e-01,1.610650415e-01,2.633098014e+00,1.359456388e+00,2.821375448e-02,9.220208966e-01,2.305596637e-01,-5.644358201e-02,2.059000303e+00,9.184770114e-01,1.875805170e+00,7.529317975e+00,-1.490982503e-01,0.000000000e+00,0,none
-1.869271781e-01,1.156002309e+00,-1.418420029e+00,1.974236204e-01,2.933402747e+00,2.484944305e+00,-4.322498209e-01,1.323073874e+00,-2.229955553e+00,2.800541842e-01,4.110216939e+00,3.654495988e+00,3.308647491e+00,1.948262091e+01,2.042381342e-01,6.000000000e-02,5,actuator_loss_of_effectiveness
-3.189366860e-01,1.201606966e+00,-1.779224505e+00,2.484989134e-01,2.933402747e+00,2.840157301e+00,-6.685646399e-01,1.471126166e+00,-3.225750060e+00,3.424558002e-01,4.110216939e+00,4.611382771e+00,4.156770784e+00,1.948262091e+01,3.048535419e-01,1.200000000e-01,5,actuator_loss_of_effectiveness
-5.713883641e-01,1.223532719e+00,-2.305670925e+00,3.236423723e-01,2.933402747e+00,3.029612266e+00,-1.273656789e+00,1.787003119e+00,-4.777501985e+00,5.846528835e-01,6.428572955e+00,6.262226016e+00,6.639098741e+00,4.183913959e+01,4.256172253e-01,2.500000000e-01,5,actuator_loss_of_effectiveness
-1.343329517e+00,1.501105985e+00,-3.605358634e+00,5.353229782e-01,5.287398981e+00,4.401416839e+00,-2.748046940e+00,2.185281082e+00,-6.631521845e+00,7.231305898e-01,7.890786293e+00,8.684095857e+00,1.638506876e+01,7.062707682e+01,6.261946000e-01,5.000000000e-01,5,actuator_loss_of_effectiveness
-8.776549992e-02,1.051316372e+00,-4.432880334e-01,-2.732056490e-03,2.705885672e+00,1.364066861e+00,3.955733064e-02,9.799077678e-01,-3.117527355e-01,9.205895223e-02,3.216191611e+00,1.158547487e+00,2.074752913e+00,1.117960952e+01,1.105511551e-01,2.000000000e-02,0,none
-1.032500208e-01,1.098333938e+00,3.521897668e-01,-6.270996285e-02,3.105629628e+00,2.068788805e+00,8.427875324e-02,9.541501293e-01,-2.065857321e-01,1.113806404e-03,3.017842639e+00,1.631225156e+00,2.134503383e+00,9.726108561e+00,2.855114177e-02,1.000000000e-02,0,none
-5.068049584e-01,1.079452558e+00,-1.501476448e+00,3.181407555e-01,2.634270734e+00,2.541902769e+00,-8.249483894e-01,1.204935191e+00,-2.340742177e+00,3.107792273e-01,4.148996221e+00,3.199844948e+00,3.554477750e+00,1.765964182e+01,1.961988231e-01,6.000000000e-02,6,actuator_stuck
-6.448228686e-01,1.149328987e+00,-1.954460015e+00,3.576771287e-01,3.529138178e+00,2.930137203e+00,-1.067294342e+00,1.251593671e+00,-2.824873391e+00,5.089252539e-01,4.148996221e+00,3.748149214e+00,4.442357584e+00,2.488397029e+01,3.203414923e-01,1.100000000e-01,6,actuator_stuck
-8.957710865e-01,1.163353454e+00,-2.063870798e+00,4.087712559e-01,3.699419765e+00,2.792730829e+00,-1.558325427e+00,1.430235958e+00,-3.706375174e+00,6.506084337e-01,4.351497158e+00,4.761801892e+00,6.629750132e+00,3.261506040e+01,4.100625758e-01,2.300000000e-01,6,actuator_stuck
-1.646829594e+00,1.268997319e+00,-2.880887343e+00,5.489433663e-01,4.906602338e+00,3.779806839e+00,-2.568279408e+00,1.580647780e+00,-4.261022760e+00,6.987228471e-01,6.758404036e+00,5.781908515e+00,1.341690843e+01,4.948883620e+01,5.135043916e-01,4.800000000e-01,6,actuator_stuck
-1.359014086e-01,1.093031132e+00,4.015402099e-01,-1.011758405e-01,3.204138447e+00,1.226978406e+00,9.892908960e-02,1.019009471e+00,3.283984084e-01,-5.009166601e-02,2.645259530e+00,1.229714675e+00,2.261353515e+00,1.039873455e+01,3.796907473e-02,3.000000000e-02,0,none
9.582732997e-02,9.747190129e-01,-3.549744584e-01,1.493937391e-01,2.132045727e+00,9.869221559e-01,4.465951894e-03,9.342795972e-01,2.253983587e-01,-4.331640987e-02,2.447750254e+00,1.196374872e+00,1.832158342e+00,6.355479745e+00,-6.773575037e-02,0.000000000e+00,0,none
-1.811032791e-01,1.202726993e+00,-3.056406989e-01,3.613394666e-02,3.436570418e+00,1.387204911e+00,-1.060029885e-01,9.925288322e-01,-5.845610089e-01,-1.316026088e-01,2.998188615e+00,1.281004349e+00,2.475700734e+00,1.436884727e+01,-3.525752695e-02,7.000000000e-02,7,actuator_runaway
-2.446162846e-01,1.195587420e+00,-3.847497449e-01,3.952640472e-02,3.436570418e+00,1.099415538e+00,-1.619842970e-01,9.618387298e-01,-1.012231087e+00,-4.596510073e-02,2.998188615e+00,1.415081576e+00,2.440639060e+00,1.436884727e+01,-2.416465999e-02,8.000000000e-02,7,actuator_runaway
-4.193941730e-01,1.133045555e+00,-5.926301897e-01,6.336440527e-02,3.436570418e+00,1.275218870e+00,-3.302504635e-01,9.909094057e-01,-1.183993852e+00,7.737034011e-02,3.058542363e+00,1.699007558e+00,2.550650522e+00,1.436884727e+01,-3.028282041e-03,9.000000000e-02,7,actuator_runaway
-5.594845445e-01,1.078795020e+00,-7.141860570e-01,4.658364961e-02,3.436570418e+00,1.648656106e+00,-6.919293033e-01,1.041360556e+00,-1.703484387e+00,1.124154453e-01,3.846616501e+00,2.436082633e+00,3.040019620e+00,1.970378129e+01,1.358675408e-01,9.000000000e-02,7,actuator_runaway
-4.084045634e-02,1.041395038e+00,-7.548294315e-01,-8.054033370e-02,2.712202184e+00,1.166427990e+00,-6.632524259e-02,9.380651986e-01,-1.666737996e-01,1.882857789e-02,3.286460800e+00,1.006516741e+00,1.970536923e+00,1.111271158e+01,6.576950282e-02,2.000000000e-02,0,none
1.486550677e-01,1.004195687e+00,1.657346685e-01,-3.479536772e-02,2.739575013e+00,1.117940480e+00,6.966721817e-02,1.000097406e+00,-4.979664612e-01,-2.070194364e-01,2.416136049e+00,1.009371179e+00,2.035555651e+00,8.805757288e+00,-2.635706518e-01,0.000000000e+00,0,none
-4.160022250e-02,1.108783198e+00,-1.274289070e-01,-1.255436881e-01,3.135252256e+00,9.511109972e-01,5.273764088e-02,1.002915031e+00,3.819092979e-01,-2.001563114e-02,2.682416911e+00,1.385445266e+00,2.239750578e+00,1.097442120e+01,-1.961097342e-01,5.000000000e-02,0,none
-6.407784694e-02,1.105103659e+00,-3.463475311e-01,-8.302004551e-02,3.135252256e+00,8.547279226e-01,4.357724081e-02,1.001394241e+00,2.302921593e-01,-1.100550341e-02,2.682416911e+00,1.328650785e+00,2.230049470e+00,1.097442120e+01,-1.240483439e-01,5.000000000e-02,0,none
-1.365020136e-01,1.072308169e+00,-2.454656939e-01,-6.109340247e-03,3.135252256e+00,9.848177113e-01,5.653938044e-02,9.352233802e-01,5.490730600e-01,2.495907678e-02,2.477980014e+00,1.195697574e+00,2.046317081e+00,1.097442120e+01,-8.891317414e-02,3.000000000e-02,0,none
-5.506725505e-03,1.121037024e+00,6.459110604e-01,3.706027411e-02,3.135252256e+00,1.530279033e+00,-4.285240362e-02,1.000371394e+00,-7.836271531e-01,1.122985078e-01,2.772437929e+00,1.635476739e+00,2.259333588e+00,1.097442120e+01,-1.963191946e-01,3.000000000e-02,0,none
-1.703440984e-02,9.438494009e-01,1.383119543e-01,-1.156348647e-01,2.476586660e+00,6.145405780e-01,4.572200891e-02,8.910204501e-01,-3.696759574e-02,1.048599312e-02,2.034974418e+00,1.005924266e+00,1.687149807e+00,6.289298768e+00,-3.034578879e-02,0.000000000e+00,0,none
-8.253013040e-02,9.748967196e-01,1.290615104e-01,2.242328637e-01,2.632619397e+00,1.341376259e+00,2.154318209e-01,9.024649778e-01,-3.458875194e-01,6.358703712e-03,3.498622533e+00,1.073752230e+00,1.818088742e+00,1.576146396e+01,-2.641010168e-01,1.000000000e-02,0,none
-2.824955272e+00,1.606581583e+00,-4.251547738e+00,5.562649993e-01,6.497955740e+00,5.713835739e+00,4.913483245e+00,1.120392393e+00,-2.079430499e+00,4.462395968e-01,8.083172456e+00,2.800240556e+00,3.595907338e+01,6.659709767e+01,4.633100105e-01,9.900000000e-01,1,sensor_bias
-3.213852223e+00,1.495728192e+00,-3.695915006e+00,4.573189527e-01,6.497955740e+00,4.747596069e+00,4.701729511e+00,1.024662087e+00,-1.445363076e+00,2.838587618e-01,8.083172456e+00,1.956452744e+00,3.572224172e+01,6.659709767e+01,3.251378389e-01,9.900000000e-01,1,sensor_bias
-3.668146806e+00,1.268488402e+00,-2.406884965e+00,2.319444745e-01,6.882188518e+00,3.213731463e+00,4.548514043e+00,8.509803818e-01,-3.767973952e-01,1.695887144e-01,6.375778918e+00,1.528390333e+00,3.647751142e+01,6.786817707e+01,2.495638918e-03,9.900000000e-01,1,sensor_bias
-4.206798805e+00,1.080392812e+00,-1.354696355e+00,1.009121814e-02,6.905224369e+00,1.773977615e+00,4.598447963e+00,8.161849998e-01,1.977806301e-01,2.376094168e-01,7.550967819e+00,1.707005705e+00,4.067628644e+01,7.437562668e+01,1.140859687e-02,1.000000000e+00,1,sensor_bias
6.023435017e-02,9.138590218e-01,4.703641376e-02,-1.672655577e-02,2.884878740e+00,9.227787531e-01,-9.084535879e-02,8.957351018e-01,3.603307268e-03,5.851746273e-02,2.257503814e+00,7.555323267e-01,1.649360741e+00,8.399606837e+00,-2.469740634e-03,0.000000000e+00,0,none
-9.093890139e-02,9.782577145e-01,-7.032005161e-02,-3.033619836e-02,2.489495679e+00,1.202727477e+00,7.298185776e-02,9.803823708e-01,-5.892020200e-01,1.328974560e-01,3.680578937e+00,1.697683059e+00,1.931733984e+00,1.481907410e+01,-1.166305522e-01,2.000000000e-02,0,none
4.983844653e+00,1.852582814e+00,4.853075535e+00,7.365839705e-01,8.328741915e+00,6.700600840e+00,-1.703876214e+00,1.587178181e+00,-3.890375679e+00,5.317488560e-01,6.115361330e+00,5.318626765e+00,3.369309934e+01,1.013920306e+02,-5.550848681e-01,8.300000000e-01,2,sensor_drift
5.392965836e+00,1.436437551e+00,2.837970120e+00,5.875355201e-01,8.328741915e+00,4.142349536e+00,-2.102190730e+00,1.647399408e+00,-4.063348096e+00,5.278421256e-01,6.518932779e+00,5.195966271e+00,3.828056402e+01,1.013920306e+02,-3.954180835e-01,9.300000000e-01,2,sensor_drift
5.763668471e+00,1.021416221e+00,3.229500145e-01,1.249978599e-01,8.328741915e+00,2.001596642e+00,-2.660412172e+00,1.619790161e+00,-3.867841093e+00,4.762173173e-01,6.518932779e+00,5.043313613e+00,4.396467843e+01,1.013920306e+02,-2.183428009e-02,1.000000000e+00,2,sensor_drift
5.712099038e+00,1.055391237e+00,-9.856854546e-01,6.063662061e-02,8.328741915e+00,2.254286865e+00,-3.425469107e+00,1.369058540e+00,-2.656221366e+00,3.044502314e-01,6.518932779e+00,3.797616808e+00,4.735008597e+01,1.013920306e+02,1.580957437e-01,1.000000000e+00,2,sensor_drift
1.631198695e-02,8.700906712e-01,-4.761253341e-01,9.250942361e-02,2.476174460e+00,1.010690234e+00,5.649505777e-02,1.040475854e+00,-8.330699725e-02,-7.011494786e-02,3.170353639e+00,1.039744688e+00,1.843105552e+00,1.156918456e+01,2.050478794e-02,1.000000000e-02,0,none
1.587359345e-01,9.191321463e-01,2.259188644e-01,9.517151002e-02,2.227309619e+00,1.075104157e+00,-6.457145653e-02,8.892037952e-01,3.098287469e-01,-6.825862976e-02,2.294847943e+00,9.440900846e-01,1.664853862e+00,5.974508563e+00,-6.702469988e-02,0.000000000e+00,0,none
-2.980489728e+00,2.379181253e+00,-8.184603103e+00,9.696499368e-01,7.634636590e+00,1.030721312e+01,8.047499572e-01,1.313657876e+00,2.389672132e+00,3.371614177e-01,3.629127657e+00,3.370085393e+00,1.691714196e+01,6.792655987e+01,-5.487701001e-01,4.900000000e-01,3,sensor_stuck
-3.834439839e+00,2.589982779e+00,-8.920685976e+00,9.701586125e-01,8.822826725e+00,1.119003277e+01,1.032020422e+00,1.473278331e+00,3.394830631e+00,4.321389562e-01,4.801031565e+00,4.561663176e+00,2.464655487e+01,9.515618434e+01,-6.743939542e-01,5.900000000e-01,3,sensor_stuck
-5.250072099e+00,2.908630325e+00,-1.003534666e+01,9.701839797e-01,1.074742713e+01,1.258565420e+01,1.677010494e+00,1.655797604e+00,4.363003686e+00,6.585246368e-01,5.631254165e+00,5.705045458e+00,4.157741732e+01,1.307707043e+02,-7.719681062e-01,7.300000000e-01,3,sensor_stuck
-7.909643424e+00,3.308188626e+00,-1.144129208e+01,9.708313915e-01,1.387460866e+01,1.441097265e+01,2.864992793e+00,1.951213757e+00,5.764233856e+00,7.695578790e-01,7.364423069e+00,7.573630637e+00,8.552198990e+01,2.299113520e+02,-8.569154954e-01,9.700000000e-01,3,sensor_stuck
1.002632793e-01,8.440304636e-01,-3.574814029e-01,1.043740828e-01,2.382187134e+00,1.030953475e+00,8.704376506e-03,1.054528652e+00,-2.567645552e-02,-1.530380495e-01,2.428087939e+00,1.017604240e+00,1.834546593e+00,8.496515802e+00,7.808956140e-02,0.000000000e+00,0,none
1.169575009e-01,1.095310620e+00,-8.261272950e-01,-1.395854449e-01,2.693204690e+00,1.680829106e+00,-5.175280919e-02,8.622502104e-01,3.401217878e-01,1.918733244e-01,1.820559231e+00,1.051068918e+00,1.959538190e+00,7.293180175e+00,4.712998248e-02,0.000000000e+00,0,none
7.025541006e-01,1.073157877e+00,-4.868189339e-01,1.461895781e-01,2.792818681e+00,2.277414508e+00,-8.135250601e-01,1.842554756e+00,6.365263270e+00,9.688290951e-01,3.858464141e+00,7.995784250e+00,5.702081145e+00,1.568015318e+01,-1.640162792e-01,2.000000000e-01,4,sensor_dropout
6.864506611e-01,1.077078973e+00,-1.177431497e+00,1.538469313e-01,2.792818681e+00,2.354711018e+00,-1.682441104e-01,1.910155507e+00,6.601185466e+00,9.716015620e-01,3.198583421e+00,8.345149856e+00,5.308313766e+00,1.352708848e+01,-3.403757632e-01,1.600000000e-01,4,sensor_dropout
4.851497750e-01,1.162834639e+00,-2.121506471e+00,2.616545152e-01,2.792818681e+00,3.105994711e+00,8.065945733e-01,1.988738074e+00,6.884578878e+00,9.722929699e-01,4.171496930e+00,8.714162686e+00,6.193228635e+00,1.989080091e+01,-5.353622356e-01,2.400000000e-01,4,sensor_dropout
-3.168247028e-01,1.443404414e+00,-3.619586317e+00,5.298233371e-01,3.917407677e+00,4.611903224e+00,2.471975921e+00,1.945597408e+00,6.731461542e+00,9.718410440e-01,5.499504610e+00,8.468681444e+00,1.207980842e+01,4.033207483e+01,-7.167963793e-01,4.700000000e-01,4,sensor_dropout
4.200494676e-02,1.041492427e+00,-1.426461544e-01,-1.613795411e-02,3.029088286e+00,9.252497484e-01,-1.090804930e-01,9.591818553e-01,1.052405916e-01,-5.131417341e-02,2.656765248e+00,9.153000339e-01,2.018399277e+00,1.049302399e+01,-4.192380603e-02,2.000000000e-02,0,none
5.442095244e-02,9.948914509e-01,3.938450451e-01,1.000235504e-01,2.810221351e+00,1.042159633e+00,-1.666268459e-02,9.880831268e-01,2.988967965e-02,-2.729943967e-01,2.387189787e+00,6.288332553e-01,1.969356550e+00,8.970006192e+00,1.208186523e-01,0.000000000e+00,0,none
1.050794883e+00,1.155777703e+00,2.471500854e+00,4.266193357e-01,4.069997685e+00,3.544126040e+00,1.955150119e+00,1.210021260e+00,2.487033422e+00,3.285032098e-01,4.768959769e+00,3.453779617e+00,7.726755422e+00,2.891626330e+01,3.159499459e-01,3.500000000e-01,5,actuator_loss_of_effectiveness
1.333367833e+00,1.289304762e+00,3.120355842e+00,5.056698938e-01,5.498554928e+00,4.158900988e+00,2.209991298e+00,1.177736095e+00,2.229986114e+00,2.214479841e-01,4.768959769e+00,3.083641885e+00,9.711300395e+00,4.503925594e+01,3.474530140e-01,4.400000000e-01,5,actuator_loss_of_effectiveness
1.717080004e+00,1.353949472e+00,3.374996308e+00,5.242625614e-01,5.498554928e+00,4.421030891e+00,2.535630484e+00,1.091079012e+00,1.756844619e+00,1.359035384e-01,4.768959769e+00,2.462354475e+00,1.240141827e+01,4.503925594e+01,3.083357870e-01,5.900000000e-01,5,actuator_loss_of_effectiveness
2.461664916e+00,1.270530017e+00,2.988729040e+00,4.421023322e-01,5.498554928e+00,3.949778131e+00,3.074416046e+00,1.052650769e+00,1.609120394e+00,1.726460028e-01,5.316964284e+00,2.497159963e+00,1.823414835e+01,4.503925594e+01,2.764437708e-01,8.100000000e-01,5,actuator_loss_of_effectiveness
-5.341944403e-03,9.168784183e-01,-1.711255421e-01,3.509951194e-02,2.385668828e+00,1.098463329e+00,-1.570530198e-01,1.055152449e+00,2.961361766e-01,-1.691353389e-02,2.580297732e+00,1.208587722e+00,1.978706912e+00,9.248167876e+00,1.370876803e-01,1.000000000e-02,0,none
1.050859688e-01,1.017018926e+00,-4.073677532e-01,-7.721659305e-02,2.897978803e+00,1.448140193e+00,1.488427038e-02,1.004370481e+00,1.454976599e-02,1.051057229e-01,2.773379564e+00,1.432144590e+00,2.054352161e+00,9.420431582e+00,1.323713301e-01,1.000000000e-02,0,none
4.641366966e-01,1.096706823e+00,1.764348141e+00,2.304416290e-01,3.516575619e+00,2.719364668e+00,7.865869786e-01,1.121372931e+00,2.375994885e+00,4.157948446e-01,3.589273058e+00,3.199687787e+00,3.294385053e+00,2.524918517e+01,3.436313672e-01,5.000000000e-02,6,actuator_stuck
5.831417194e-01,1.107892946e+00,1.978519450e+00,2.780648681e-01,3.516575619e+00,3.155568316e+00,1.129502923e+00,1.352720303e+00,3.355141228e+00,5.499121281e-01,4.897147554e+00,4.039707698e+00,4.673110116e+00,2.524918517e+01,3.605292759e-01,1.300000000e-01,6,actuator_stuck
9.514701655e-01,1.221164537e+00,3.014767421e+00,4.316131170e-01,3.787413835e+00,4.000643482e+00,1.730758386e+00,1.631904516e+00,4.523017736e+00,7.080757942e-01,6.527478066e+00,5.865305497e+00,8.055175242e+00,5.030635542e+01,5.419863316e-01,2.800000000e-01,6,actuator_stuck
1.754479254e+00,1.359497846e+00,3.619122253e+00,4.607981334e-01,5.417853722e+00,4.642862320e+00,3.060337525e+00,2.050922215e+00,6.261471627e+00,7.668575011e-01,8.976098207e+00,8.350136253e+00,1.849837955e+01,1.099234780e+02,6.603504955e-01,5.300000000e-01,6,actuator_stuck
5.538855572e-02,1.033235682e+00,-3.787855864e-01,9.723894215e-02,2.115487312e+00,9.515612636e-01,1.174830803e-01,1.062423184e+00,-4.300909004e-01,-2.011908498e-01,2.371679672e+00,1.107615619e+00,2.213189164e+00,9.046754638e+00,-1.337706455e-01,0.000000000e+00,0,none
-9.777998180e-02,1.027504432e+00,-1.265726359e-01,9.001765499e-02,2.293757691e+00,9.831263059e-01,-5.375839209e-02,9.793631650e-01,4.625087325e-01,1.076568398e-01,2.534174240e+00,1.334025965e+00,2.027368456e+00,8.450762823e+00,2.895865100e-02,0.000000000e+00,0,none
-1.431509609e-01,1.001707282e+00,-3.934026659e-01,1.301167268e-01,2.683056955e+00,1.106036672e+00,-3.083649775e-01,1.042700134e+00,1.138812169e-01,-1.307733802e-01,2.755496064e+00,9.202792519e-01,2.206222205e+00,1.369997434e+01,-2.693349552e-02,1.000000000e-02,7,actuator_runaway
-1.699207162e-01,1.021134748e+00,-6.091609815e-01,9.603070145e-02,2.594191738e+00,1.458816507e+00,-3.219944756e-01,1.025809790e+00,-2.962591181e-01,-5.079506500e-02,2.755496064e+00,9.461752983e-01,2.227555391e+00,9.099890163e+00,-5.981775962e-02,0.000000000e+00,7,actuator_runaway
-2.755738063e-01,1.049605965e+00,-5.154726653e-01,5.221954436e-02,2.594191738e+00,1.768150899e+00,-3.775648118e-01,1.064717966e+00,-7.749583634e-01,-1.072915446e-01,2.843310678e+00,1.062040950e+00,2.453793138e+00,1.364594320e+01,-2.452652910e-02,1.000000000e-02,7,actuator_runaway
-2.237089687e-01,1.057075935e+00,-2.020683032e-01,-4.315857059e-02,2.594191738e+00,1.641157082e+00,-6.071690768e-01,1.058787511e+00,-9.733479588e-01,-3.489771722e-02,3.903314407e+00,1.588356126e+00,2.657140515e+00,1.670006688e+01,-1.119573848e-01,3.000000000e-02,7,actuator_runaway
2.516812332e-01,9.224435816e-01,-2.827885440e-01,1.128309163e-01,2.474714531e+00,9.775813473e-01,-4.369867642e-02,1.159827828e+00,2.725414569e-01,-3.626467642e-02,3.364274133e+00,1.463679920e+00,2.261355770e+00,1.185193909e+01,1.743855072e-01,3.000000000e-02,0,none
-7.633744344e-03,1.059781122e+00,2.820931054e-01,-1.216216927e-01,2.637484313e+00,8.898150139e-01,9.348168745e-02,1.025963018e+00,4.692868356e-01,3.969992967e-02,2.962559779e+00,1.310157745e+00,2.184533242e+00,1.111798224e+01,4.583183052e-02,1.000000000e-02,0,none
-8.386115243e-02,8.598021472e-01,-5.022801336e-01,1.257689495e-01,1.896055664e+00,7.469418505e-01,1.315446817e-01,9.910031098e-01,-9.370589882e-01,2.100413608e-01,2.901679447e+00,1.814776592e+00,1.745683592e+00,9.121377595e+00,6.921895555e-02,0.000000000e+00,0,none
-1.271890680e-01,8.905082652e-01,-3.291045416e-01,8.325225515e-02,1.896055664e+00,8.648587431e-01,8.176648319e-02,1.022546275e+00,-1.010545946e+00,1.755217675e-01,2.901679447e+00,1.795133539e+00,1.861468671e+00,9.121377595e+00,8.504781867e-02,0.000000000e+00,0,none
-1.828814241e-01,8.403741135e-01,-3.464070495e-01,3.285596824e-02,1.896055664e+00,8.180780909e-01,-4.326769217e-02,1.021990662e+00,-8.518673349e-01,7.140809965e-02,2.901679447e+00,1.487888814e+00,1.786011272e+00,9.121377595e+00,3.065878663e-02,0.000000000e+00,0,none
-1.523926443e-01,8.458330243e-01,1.081884154e-01,-2.299351763e-02,1.896055664e+00,8.600098798e-01,-2.209576360e-01,9.198710697e-01,1.570628659e-01,-4.540645646e-02,2.287592551e+00,8.250026609e-01,1.633642085e+00,5.910339428e+00,2.569463997e-02,0.000000000e+00,0,none
6.037486941e-02,9.575140079e-01,4.124902554e-01,1.415142120e-01,2.884410481e+00,1.474225438e+00,1.078755932e-01,9.543885368e-01,5.335306852e-01,3.045096631e-02,2.362443303e+00,9.903241119e-01,1.842972823e+00,9.843981766e+00,5.811190805e-02,1.000000000e-02,0,none
-7.729253651e-03,1.133347596e+00,9.797981644e-01,-1.120270796e-02,2.519759074e+00,1.487108555e+00,-7.844857704e-02,9.906131001e-01,6.136092399e-01,2.815194625e-02,2.308068536e+00,1.141511163e+00,2.272005008e+00,9.429402244e+00,2.000769395e-01,1.000000000e-02,0,none
5.478004278e-01,1.234889442e+00,-2.160804163e+00,2.530225654e-01,3.590079528e+00,3.500994159e+00,-4.577022547e-01,9.491395159e-01,-6.471630735e-01,6.432264090e-02,3.531792010e+00,1.401445473e+00,2.935394416e+00,1.367902659e+01,1.428397457e-01,5.000000000e-02,1,sensor_bias
3.731971785e-01,1.138047492e+00,-1.621921874e+00,1.891948820e-01,3.590079528e+00,2.671542638e+00,-4.626533239e-01,9.880253373e-01,-8.924221461e-01,2.532257844e-02,3.531792010e+00,1.466911000e+00,2.624670393e+00,1.367902659e+01,1.576134838e-01,4.000000000e-02,1,sensor_bias
1.207394508e-01,9.854223411e-01,-6.162244334e-01,-4.856061188e-02,2.780476644e+00,1.059567943e+00,-5.271930188e-01,9.785747887e-01,-7.461367392e-02,-5.803491020e-02,3.531792010e+00,1.024828374e+00,2.221176302e+00,1.252339527e+01,-3.071053119e-02,1.000000000e-02,1,sensor_bias
6.947312730e-03,9.487341729e-01,-1.037695747e-01,-1.601379306e-01,3.154135432e+00,4.834526136e-01,-5.486673598e-01,1.021371598e+00,3.280970485e-01,-2.317124705e-01,2.797094466e+00,9.705673652e-01,2.244380609e+00,9.954012259e+00,-1.108918610e-01,1.000000000e-02,1,sensor_bias
-6.574857899e-02,1.003140804e+00,-4.615923196e-01,1.178102433e-01,2.238483640e+00,1.210224776e+00,8.971597591e-02,1.038931859e+00,-6.421478271e-01,-2.968054397e-03,2.923654056e+00,1.175018618e+00,2.098042712e+00,9.949355386e+00,2.287093440e-01,2.000000000e-02,0,none
9.205486266e-02,1.024477324e+00,2.924320418e-01,-1.459069858e-01,2.500558778e+00,1.166505944e+00,-1.077170474e-02,9.982522394e-01,1.335175212e-01,7.001898583e-02,2.439397246e+00,1.077059621e+00,2.054651448e+00,8.399411680e+00,-4.283384703e-02,0.000000000e+00,0,none
-7.728754363e+00,2.892743033e+00,-8.229478291e+00,8.601145951e-01,1.185237484e+01,1.114953117e+01,2.754531928e+00,2.056541287e+00,5.856271514e+00,6.794838987e-01,7.076852013e+00,7.586342972e+00,7.991841447e+01,1.733334130e+02,-6.920870723e-01,9.100000000e-01,2,sensor_drift
-8.431443321e+00,1.961843854e+00,-4.490337982e+00,7.321575081e-01,1.185237484e+01,7.263952412e+00,3.291542741e+00,2.071112889e+00,5.954579626e+00,6.653872799e-01,7.076852013e+00,7.546324412e+00,9.006183000e+01,1.733334130e+02,-6.229062001e-01,9.900000000e-01,2,sensor_drift
-8.952360256e+00,1.242639928e+00,-6.411642479e-01,3.568635921e-01,1.185237484e+01,3.877219277e+00,4.171868901e+00,1.806350825e+00,5.127466847e+00,6.596999361e-01,7.076852013e+00,6.794699009e+00,1.023563016e+02,1.733334130e+02,-1.555241833e-01,1.000000000e+00,2,sensor_drift
-8.933202577e+00,1.205009905e+00,2.346851173e+00,3.554626666e-01,1.185237484e+01,3.805978069e+00,5.294720134e+00,1.580977332e+00,4.239957796e+00,6.268653317e-01,8.741669154e+00,5.646806309e+00,1.117877078e+02,1.733334130e+02,4.494611399e-01,1.000000000e+00,2,sensor_drift
7.854840651e-02,9.879842324e-01,-4.682254900e-01,1.353915440e-01,3.077367369e+00,1.241773189e+00,-9.671015317e-02,9.966934869e-01,1.802129758e-01,-3.825633832e-02,2.492673558e+00,9.907521070e-01,1.985033456e+00,9.474634844e+00,-5.379864767e-02,2.000000000e-02,0,none
-3.921817022e-02,1.062604163e+00,-2.683330110e-01,5.629417700e-02,2.307295657e+00,1.349604633e+00,1.176211662e-01,1.060013257e+00,-8.175976255e-01,6.261097130e-03,2.479466828e+00,1.531752909e+00,2.268128515e+00,9.574557808e+00,1.258859112e-01,1.000000000e-02,0,none
-1.282000701e+00,1.386274967e+00,-4.321137401e+00,9.724468121e-01,4.441160595e+00,5.952961278e+00,1.571266507e-01,1.078040936e+00,1.324996474e+00,9.716159078e-03,2.977381615e+00,1.936446420e+00,4.752145124e+00,2.041819558e+01,-3.459124671e-01,2.000000000e-01,3,sensor_stuck
-1.729535628e+00,1.737665618e+00,-5.803783038e+00,9.725976034e-01,5.421618838e+00,7.560872189e+00,3.072699694e-01,1.105641070e+00,1.728488273e+00,8.114778990e-02,3.698370361e+00,2.310265790e+00,7.327632299e+00,3.667763636e+01,-4.428918671e-01,2.900000000e-01,3,sensor_stuck
-2.680641923e+00,2.186705076e+00,-7.485603300e+00,9.712105337e-01,7.026096337e+00,9.483929313e+00,6.471906602e-01,1.134672060e+00,2.127304665e+00,1.879478316e-01,3.698370361e+00,2.878273767e+00,1.367385665e+01,5.910237090e+01,-5.534624379e-01,4.400000000e-01,3,sensor_stuck
-4.786473677e+00,2.752335380e+00,-9.489252527e+00,9.704729130e-01,1.000115668e+01,1.193149182e+01,1.384461298e+00,1.413402274e+00,3.674398966e+00,5.589205419e-01,5.282435061e+00,4.912715548e+00,3.440011938e+01,1.224280385e+02,-7.609473631e-01,6.900000000e-01,3,sensor_stuck
5.534604406e-02,8.565789837e-01,1.067379257e-01,1.388686305e-01,2.650225872e+00,1.645743882e+00,1.222505659e-01,1.012424532e+00,2.344724281e-03,7.067651398e-03,3.194594530e+00,1.270219400e+00,1.776739374e+00,1.074557125e+01,1.356545119e-01,2.000000000e-02,0,none
-1.154107266e-01,9.848798761e-01,4.406705773e-01,-2.910585933e-02,2.647073477e+00,1.067646799e+00,-8.298720444e-04,1.097136122e+00,5.789230756e-01,1.061127255e-01,2.767921867e+00,1.763688209e+00,2.187016364e+00,1.012567102e+01,2.010239523e-02,1.000000000e-02,0,none
-1.173606943e+01,1.167734774e+00,1.872885512e+00,9.382048000e-01,1.572743823e+01,3.959522404e+00,4.832848513e+00,2.345900657e+00,7.257931814e+00,7.812323840e-01,9.435034470e+00,9.050048781e+00,1.679586047e+02,2.474666038e+02,5.886149269e-01,1.000000000e+00,4,sensor_dropout
-1.143102033e+01,5.871506654e-01,-7.076855667e-02,9.303836252e-01,1.351526286e+01,2.272266056e+00,5.526664304e+00,2.089702449e+00,6.328317134e+00,7.604972464e-01,9.435034470e+00,7.687458766e+00,1.659238463e+02,2.273460280e+02,2.087043719e-01,1.000000000e+00,4,sensor_dropout
-1.128859163e+01,3.818077090e-01,-9.602133641e-01,9.955721092e-01,1.179133845e+01,1.686469690e+00,6.559547633e+00,1.756017990e+00,5.103520642e+00,6.144466386e-01,1.045210702e+01,6.442311433e+00,1.736893424e+02,2.383621610e+02,-5.988212430e-01,1.000000000e+00,4,sensor_dropout
-1.118085867e+01,5.712017876e-01,1.049303113e+00,9.588816265e-01,1.179133845e+01,2.298149139e+00,7.701996020e+00,1.600486289e+00,4.489107314e+00,5.613210623e-01,1.159182546e+01,5.778404248e+00,1.872201711e+02,2.383621610e+02,3.964483992e-01,1.000000000e+00,4,sensor_dropout
-4.029688389e-03,1.028357395e+00,1.672868161e-01,8.745863895e-02,2.882027323e+00,9.932943428e-01,-3.587921786e-02,1.049309579e+00,5.477405472e-01,-1.872485417e-01,2.709896674e+00,9.509179097e-01,2.159873080e+00,8.815527863e+00,1.003804571e-02,0.000000000e+00,0,none
9.703046004e-03,9.504529868e-01,-1.826885667e-01,-3.623565330e-02,2.315819372e+00,1.247873902e+00,-1.185020922e-01,9.242666559e-01,-3.335806972e-01,1.030769817e-01,3.389030031e+00,7.213125672e-01,1.771766626e+00,1.149641951e+01,4.404862137e-02,1.000000000e-02,0,none
-1.463810982e+00,1.641585710e+00,-4.429877763e+00,6.430063118e-01,5.397252331e+00,5.976237471e+00,-2.790569189e+00,1.920916719e+00,-5.714788584e+00,7.180401542e-01,7.687295866e+00,7.184503583e+00,1.631474368e+01,7.559095081e+01,6.433153366e-01,5.100000000e-01,5,actuator_loss_of_effectiveness
-1.910602731e+00,1.818029417e+00,-5.185181570e+00,6.573775681e-01,6.075561849e+00,7.008689492e+00,-3.420184660e+00,1.946077123e+00,-5.830247407e+00,7.465925820e-01,7.990254938e+00,7.477269810e+00,2.244051304e+01,8.356775739e+01,6.980044906e-01,6.100000000e-01,5,actuator_loss_of_effectiveness
-2.766125558e+00,1.927238777e+00,-5.574924145e+00,6.684458605e-01,7.769075070e+00,7.265942431e+00,-4.322925952e+00,2.103004506e+00,-6.367411464e+00,7.435583806e-01,9.110693595e+00,8.510718779e+00,3.447601664e+01,1.222106771e+02,7.136717080e-01,7.600000000e-01,5,actuator_loss_of_effectiveness
-4.257327630e+00,2.104476871e+00,-6.397615468e+00,7.208425232e-01,8.876094694e+00,8.239575264e+00,-5.793723942e+00,2.264704904e+00,-6.906958319e+00,7.770666424e-01,1.026395242e+01,8.725725335e+00,6.124978687e+01,1.688146060e+02,7.549921417e-01,9.300000000e-01,5,actuator_loss_of_effectiveness
6.758537674e-02,9.359839926e-01,2.104527307e-01,1.025016758e-01,2.218245054e+00,1.208555775e+00,4.854917534e-02,1.064221508e+00,3.512696919e-01,-9.499277321e-02,2.954764669e+00,1.134142730e+00,2.015558257e+00,9.845707983e+00,5.796381961e-02,1.000000000e-02,0,none
-3.470962990e-03,9.276562341e-01,4.860914201e-01,-1.344784046e-01,2.634879935e+00,8.819980583e-01,-3.859719072e-02,9.923015223e-01,3.623830210e-01,-2.064960092e-02,2.902958708e+00,1.353611473e+00,1.846710191e+00,9.179713886e+00,-3.771155800e-02,0.000000000e+00,0,none
-4.605256533e-01,1.121205094e+00,-1.551165507e+00,1.254778641e-01,3.744282586e+00,2.299479674e+00,-1.009743992e+00,1.321619009e+00,-2.852080304e+00,3.548086915e-01,3.994388375e+00,3.976820675e+00,4.235444473e+00,2.069862257e+01,2.649494153e-01,1.400000000e-01,6,actuator_stuck
-6.652041013e-01,1.155414698e+00,-1.860140751e+00,1.859695908e-01,3.744282586e+00,2.765751584e+00,-1.301353120e+00,1.474961337e+00,-3.535571030e+00,4.213446537e-01,4.730746250e+00,4.734612173e+00,5.646510510e+00,3.376861682e+01,3.684737850e-01,2.100000000e-01,6,actuator_stuck
-1.110973499e+00,1.332347871e+00,-2.760836223e+00,3.328977554e-01,4.697280299e+00,3.809313550e+00,-1.903138948e+00,1.738892783e+00,-4.868828519e+00,6.158517003e-01,6.064497629e+00,6.364840222e+00,9.655098934e+00,4.027418446e+01,5.146774646e-01,3.600000000e-01,6,actuator_stuck
-1.960805145e+00,1.692145976e+00,-4.552598276e+00,5.778793433e-01,5.954414345e+00,6.131291071e+00,-3.313364464e+00,2.113037541e+00,-6.337328953e+00,7.217277479e-01,8.751580241e+00,8.222224687e+00,2.215142655e+01,1.069784587e+02,7.053607327e-01,6.100000000e-01,6,actuator_stuck
1.374585313e-01,9.972248892e-01,-3.967908990e-01,-3.958467566e-02,2.379749818e+00,1.268834301e+00,-5.958084290e-02,1.075070299e+00,2.841559953e-01,1.569623228e-01,2.724851534e+00,1.561266124e+00,2.172678353e+00,1.079235420e+01,-7.331509356e-02,1.000000000e-02,0,none
1.525921149e-01,1.036755289e+00,-2.495004139e-02,1.669221430e-02,3.753187185e+00,1.155437413e+00,1.481861528e-01,1.040990339e+00,-3.394586849e-01,-1.870245877e-01,2.929879814e+00,9.948514277e-01,2.203765905e+00,1.621114406e+01,-4.671097955e-02,2.000000000e-02,0,none
-6.904233419e-02,1.040394685e+00,4.479863303e-01,-2.225235369e-02,2.508021206e+00,1.244994885e+00,4.018285114e-02,9.475164822e-01,1.112546764e-01,4.569350082e-02,2.209520227e+00,9.108314609e-01,1.986590089e+00,8.974764695e+00,-5.825204480e-02,0.000000000e+00,7,actuator_runaway
-4.341962201e-03,1.029174779e+00,3.666038138e-01,1.658366069e-02,2.508021206e+00,9.250963482e-01,1.119509839e-01,9.494555817e-01,6.623575848e-01,3.940390658e-02,2.768017996e+00,1.162749192e+00,1.973218504e+00,8.233285525e+00,2.871523695e-02,0.000000000e+00,7,actuator_runaway
1.049663248e-01,1.051875849e+00,4.990469878e-01,1.465698836e-02,2.307498816e+00,9.421516484e-01,1.504203791e-01,1.009083875e+00,3.954214178e-01,4.383119157e-02,2.768017996e+00,1.222010195e+00,2.158337288e+00,8.233285525e+00,-3.861608827e-02,0.000000000e+00,7,actuator_runaway
1.400110288e-01,1.035775523e+00,5.347012096e-01,-1.137044996e-01,2.908028200e+00,1.036267642e+00,2.686487671e-01,9.977773761e-01,4.953591577e-01,1.397371896e-01,2.768017996e+00,1.623986714e+00,2.160165874e+00,8.783942277e+00,-5.520236512e-02,0.000000000e+00,7,actuator_runaway
-1.568588445e-01,9.597675257e-01,-1.636427460e-01,-1.697712047e-01,2.852101110e+00,1.136425954e+00,4.335669950e-02,1.044518180e+00,1.050754045e-01,-2.289059547e-02,2.441138350e+00,1.243761847e+00,2.038656432e+00,8.330353861e+00,6.312962728e-02,0.000000000e+00,0,none
-1.107847378e-01,1.044115571e+00,7.974418490e-03,-2.755829393e-02,3.076960710e+00,1.034829063e+00,-1.075197658e-02,1.063838495e+00,-1.576506870e-01,2.903666037e-02,3.273597404e+00,8.127487547e-01,2.234318533e+00,1.144030859e+01,-3.602866165e-02,2.000000000e-02,0,none
-1.057793268e-01,9.104024327e-01,3.478479957e-02,-2.470707532e-02,2.367188262e+00,9.929342879e-01,-1.417036735e-01,1.095982871e+00,4.068736686e-02,-3.465939875e-02,3.318256365e+00,1.053112828e+00,2.061280241e+00,1.283408992e+01,-1.951952373e-01,1.000000000e-02,0,none
-9.813393032e-02,9.389062247e-01,1.328602843e-02,-7.897324421e-02,2.367188262e+00,9.692335588e-01,-7.870654921e-02,1.124920577e+00,5.543617593e-01,5.643895837e-02,3.318256365e+00,1.292501900e+00,2.162816193e+00,1.283408992e+01,-1.827255919e-01,1.000000000e-02,0,none
-6.160137026e-02,9.030276308e-01,1.214720235e-01,-5.608647409e-02,2.330892509e+00,8.559826226e-01,-1.054107494e-01,1.046466143e+00,4.748484917e-01,4.122757498e-02,2.801224716e+00,1.302622983e+00,1.925456446e+00,8.396564938e+00,-1.336900438e-01,0.000000000e+00,0,none
-2.495274140e-02,9.028662919e-01,9.695654420e-02,-9.534449622e-02,2.330892509e+00,7.553185887e-01,-5.578766810e-02,9.812916326e-01,3.286422518e-01,-8.593789226e-02,2.465322776e+00,1.098141431e+00,1.781835712e+00,7.696933644e+00,-1.096468126e-01,0.000000000e+00,0,none
-1.229802697e-01,1.093043709e+00,-8.271537349e-02,8.830916293e-03,2.397250030e+00,1.687370131e+00,2.479889626e-02,9.209215687e-01,-3.650496283e-01,5.248573019e-02,2.292648496e+00,1.073372718e+00,2.058580218e+00,1.039133342e+01,1.965444865e-01,1.000000000e-02,0,none
-3.189673700e-02,9.583497604e-01,3.486343274e-01,-1.168449899e-01,2.297908441e+00,1.150823365e+00,3.729623198e-02,9.265664252e-01,-4.807185971e-01,-7.470959936e-02,2.413530651e+00,1.118095706e+00,1.779368014e+00,5.924718801e+00,1.236202637e-01,0.000000000e+00,0,none
1.407017986e+00,2.139686138e+00,-6.402761645e+00,7.972921216e-01,7.581245728e+00,8.163405551e+00,-1.099254322e+00,9.606147847e-01,-5.217001218e-01,-3.904439936e-02,3.919698147e+00,1.475347496e+00,8.689097209e+00,5.863873525e+01,1.981917926e-01,3.000000000e-01,1,sensor_bias
8.442294183e-01,1.677380911e+00,-4.515304658e+00,6.735481143e-01,5.233826447e+00,5.888014153e+00,-1.121551819e+00,1.001207597e+00,3.819070362e-01,-1.239142290e-01,3.919698147e+00,1.382651186e+00,5.786625165e+00,3.710037178e+01,-1.294608144e-03,2.000000000e-01,1,sensor_bias
3.115426971e-01,1.290223299e+00,-2.448670559e+00,4.757520163e-01,3.282688865e+00,4.165023221e+00,-1.020088356e+00,1.080389298e+00,1.197283404e+00,1.937074071e-02,3.919698147e+00,1.815761148e+00,3.969556304e+00,1.554386745e+01,-9.757901132e-02,8.000000000e-02,1,sensor_bias
-2.394027110e-01,1.110834900e+00,-9.982081916e-01,2.149586039e-01,3.282688865e+00,2.040338269e+00,-7.024290030e-01,1.079228108e+00,1.334694938e+00,8.614682308e-02,3.179852571e+00,2.367856343e+00,2.949407646e+00,1.378509108e+01,-5.107847836e-02,3.000000000e-02,1,sensor_bias
-1.331723890e-01,1.031812935e+00,-1.304604717e-01,-5.790494950e-03,3.171877274e+00,9.394296896e-01,-9.281557618e-02,9.134904140e-01,-4.431204225e-01,-1.306281478e-01,2.170218090e+00,9.101978517e-01,1.925452286e+00,1.007973212e+01,7.922741862e-02,1.000000000e-02,0,none
-6.868717488e-02,8.972218607e-01,-1.263726768e-01,1.120019497e-01,2.309994224e+00,1.559660754e+00,-1.190772086e-01,8.984451842e-01,4.450265566e-01,-4.231215237e-02,2.568824047e+00,1.686800738e+00,1.631108126e+00,8.316135059e+00,9.231072374e-02,0.000000000e+00,0,none
-1.094999518e+00,1.057341545e+00,-9.667553234e-01,1.058314390e-01,3.446709197e+00,1.756343292e+00,3.505718355e-01,1.016373433e+00,8.966495609e-01,1.227185701e-01,3.026211963e+00,1.555891580e+00,3.472910656e+00,1.691292954e+01,-8.425110044e-02,6.000000000e-02,2,sensor_drift
-1.262805053e+00,9.238428457e-01,-1.213038343e-01,-1.488408604e-01,3.446709197e+00,6.091218424e-01,3.776439634e-01,1.013976532e+00,8.138660862e-01,1.250068483e-01,3.026211963e+00,1.541457335e+00,3.618925576e+00,1.691292954e+01,-6.500018179e-03,7.000000000e-02,2,sensor_drift
-1.323728793e+00,9.589682818e-01,-2.043207432e-01,-1.230175178e-01,3.592903746e+00,7.874072029e-01,4.566650590e-01,9.985636558e-01,6.646342455e-01,1.363738744e-01,3.026211963e+00,1.318176065e+00,3.877550433e+00,1.691292954e+01,6.527208392e-03,8.000000000e-02,2,sensor_drift
-1.177824940e+00,1.036879204e+00,3.477807220e-01,-1.393158227e-01,3.592903746e+00,1.574074771e+00,6.110729695e-01,8.919403104e-01,2.921659814e-01,1.216752879e-02,3.026211963e+00,1.164089579e+00,3.631357764e+00,1.691292954e+01,-2.295997276e-02,9.000000000e-02,2,sensor_drift
-2.347159376e-03,1.107762905e+00,4.654785736e-01,9.518037142e-02,3.649995337e+00,9.956614871e-01,-3.662953899e-02,9.249222950e-01,-3.168955826e-01,1.063498515e-02,2.467818040e+00,1.242945813e+00,2.083967138e+00,1.333823716e+01,-1.012652372e-01,1.000000000e-02,0,none
-1.498338252e-02,8.975568261e-01,-1.902724807e-01,-3.685840913e-02,2.438357068e+00,9.361085480e-01,-5.781114708e-02,1.082966849e+00,1.812881808e-01,-5.957702303e-02,3.027238610e+00,7.699406777e-01,1.981992082e+00,1.176278914e+01,9.706281791e-02,1.000000000e-02,0,none
6.861434388e+00,3.270525265e+00,1.122804781e+01,9.655310643e-01,1.173720668e+01,1.392229261e+01,-2.222725002e+00,2.041307273e+00,-6.185165561e+00,7.566157883e-01,7.221392366e+00,7.984291205e+00,6.688305919e+01,1.744660442e+02,-8.615900745e-01,8.400000000e-01,3,sensor_stuck
7.987814086e+00,2.942954941e+00,1.014806526e+01,9.673736497e-01,1.250200862e+01,1.265757113e+01,-2.856719570e+00,2.133675804e+00,-6.595710875e+00,7.958621886e-01,7.221392366e+00,8.054801618e+00,8.517957679e+01,1.983888562e+02,-8.834738906e-01,9.400000000e-01,3,sensor_stuck
9.451946966e+00,2.633332438e+00,9.091609378e+00,9.699447847e-01,1.344918291e+01,1.136303310e+01,-3.858061511e+00,2.244993734e+00,-6.994963118e+00,7.719786721e-01,8.733925581e+00,8.844352531e+00,1.161983767e+02,2.571619771e+02,-8.955755966e-01,1.000000000e+00,3,sensor_stuck
1.150278463e+01,2.159960606e+00,7.425502533e+00,9.706876940e-01,1.450374998e+01,9.407628675e+00,-5.607008820e+00,2.229859172e+00,-6.902410481e+00,7.901310222e-01,9.837537579e+00,9.106055562e+00,1.733903038e+02,2.999824749e+02,-8.813959974e-01,1.000000000e+00,3,sensor_stuck
-2.980723277e-02,1.100151608e+00,-1.071575961e+00,4.003606382e-02,2.831926593e+00,1.531717356e+00,-8.822414129e-02,1.029329862e+00,-6.281777417e-01,-1.418823136e-01,2.571083460e+00,1.542998723e+00,2.278525496e+00,1.178301973e+01,2.205273940e-02,2.000000000e-02,0,none
6.548731955e-02,1.009196102e+00,-2.564069377e-02,1.211121238e-01,2.407391427e+00,1.039355670e+00,3.231194833e-02,9.996993149e-01,1.124727798e-01,5.807904669e-02,3.409862978e+00,9.745002231e-01,2.023208143e+00,1.418887630e+01,1.440909307e-01,1.000000000e-02,0,none
-4.158982548e+00,3.853458877e+00,-1.288212979e+01,9.594461561e-01,9.233842279e+00,1.586178378e+01,9.374440277e-01,1.637214579e+00,4.266450106e+00,6.019848738e-01,4.895527210e+00,6.074890562e+00,3.570555403e+01,1.062646826e+02,-6.471214118e-01,7.500000000e-01,4,sensor_dropout
-5.494468114e+00,3.122178279e+00,-1.060808130e+01,9.614489108e-01,9.937506537e+00,1.302337373e+01,1.301145440e+00,1.776869408e+00,5.091178209e+00,6.811936438e-01,4.895527210e+00,6.755945758e+00,4.478742141e+01,1.171401655e+02,-7.810154846e-01,7.800000000e-01,4,sensor_dropout
-7.058503873e+00,2.524799375e+00,-8.697310928e+00,9.664059914e-01,1.089125838e+01,1.079914219e+01,2.121846960e+00,2.045018097e+00,6.185903472e+00,7.253217880e-01,6.436239869e+00,7.858681517e+00,6.488142235e+01,1.595376467e+02,-8.599216784e-01,9.300000000e-01,4,sensor_dropout
-9.046691683e+00,2.069050330e+00,-7.130747880e+00,9.711630296e-01,1.200385768e+01,9.009206602e+00,3.730962721e+00,2.165161546e+00,6.664533524e+00,7.626454364e-01,8.535256225e+00,8.446897902e+00,1.047316070e+02,2.145211343e+02,-8.823882197e-01,1.000000000e+00,4,sensor_dropout
-6.198962518e-02,1.092725542e+00,5.359208353e-01,-1.617330327e-01,2.524485179e+00,1.119644864e+00,-1.606316239e-01,1.118163503e+00,1.270740359e-01,5.428813745e-02,3.427573404e+00,1.640851388e+00,2.473983961e+00,1.177567820e+01,1.603363783e-02,4.000000000e-02,0,none
1.176497133e-01,1.043401563e+00,4.249261111e-01,3.403642961e-02,2.665048297e+00,1.074536382e+00,3.277336726e-02,9.431616740e-01,8.340943704e-02,2.374899115e-02,2.754159465e+00,1.292261929e+00,1.993156314e+00,1.161413186e+01,8.417156599e-02,1.000000000e-02,0,none
-9.400096611e-01,1.283004892e+00,-2.498582066e+00,3.197530098e-01,3.674968929e+00,3.758618387e+00,-1.579438432e+00,1.144387796e+00,-2.240477559e+00,3.250019365e-01,4.420446948e+00,3.198497440e+00,6.333968902e+00,2.316197200e+01,2.929136312e-01,2.700000000e-01,5,actuator_loss_of_effectiveness
-1.160392269e+00,1.350490652e+00,-2.951591915e+00,3.483559850e-01,3.763795349e+00,4.181851291e+00,-1.728869866e+00,1.160908815e+00,-2.290901484e+00,2.884141076e-01,4.420446948e+00,3.054411389e+00,7.507035509e+00,3.123859853e+01,3.452541952e-01,3.500000000e-01,5,actuator_loss_of_effectiveness
-1.530880657e+00,1.295260504e+00,-2.733442949e+00,3.290229867e-01,3.794247199e+00,4.216519652e+00,-2.078436201e+00,1.113328327e+00,-1.934172368e+00,1.948984899e-01,5.621094671e+00,2.577281054e+00,9.580692365e+00,3.933767466e+01,3.583835090e-01,4.600000000e-01,5,actuator_loss_of_effectiveness
-2.074554336e+00,1.089577459e+00,-1.690699004e+00,1.916974031e-01,4.313496882e+00,2.642852881e+00,-2.454254236e+00,1.068789730e+00,-1.187817587e+00,9.994587200e-02,5.621094671e+00,2.295089483e+00,1.265663007e+01,3.933767466e+01,9.261602709e-02,6.700000000e-01,5,actuator_loss_of_effectiveness
-1.113179287e-01,9.172316116e-01,-4.477188302e-01,-5.688253953e-02,2.137858848e+00,1.128437140e+00,-5.879169649e-02,9.554532295e-01,-4.393474004e-01,6.269595855e-03,2.905100251e+00,1.185432102e+00,1.770052848e+00,1.297774175e+01,3.271799836e-02,1.000000000e-02,0,none
9.118452297e-02,1.032954102e+00,6.183573697e-01,-1.687738022e-02,2.986783922e+00,1.435002966e+00,9.136664007e-02,9.946431706e-01,-3.477406280e-01,-5.437156133e-02,2.666489557e+00,1.060432430e+00,2.072971694e+00,1.295068703e+01,-2.442790415e-01,1.000000000e-02,0,none
1.048310694e-01,1.046746246e+00,1.020044464e+00,1.164153962e-02,3.016554640e+00,1.370649171e+00,6.673711901e-01,1.301564353e+00,2.751750594e+00,2.850833391e-01,3.838763339e+00,3.870055423e+00,3.246121328e+00,1.874065456e+01,1.304589737e-01,8.000000000e-02,6,actuator_stuck
3.070737173e-01,1.051559427e+00,1.090566770e+00,1.324776210e-02,3.016554640e+00,1.686837124e+00,8.977957501e-01,1.397626967e+00,3.471074848e+00,3.837457420e-01,4.040262077e+00,4.507281973e+00,3.959469843e+00,1.874065456e+01,2.403316010e-01,1.100000000e-01,6,actuator_stuck
6.437123420e-01,1.222472899e+00,2.187100694e+00,2.634906803e-01,3.734980982e+00,3.311785764e+00,1.441788587e+00,1.534445177e+00,4.198332124e+00,4.901988560e-01,4.685572926e+00,5.380895742e+00,6.342081900e+00,3.460067806e+01,4.424967644e-01,2.400000000e-01,6,actuator_stuck
1.381778497e+00,1.545879531e+00,4.215649920e+00,5.712792703e-01,4.733933077e+00,5.725441719e+00,2.636268460e+00,1.770628065e+00,5.110922657e+00,5.952873759e-01,6.636947655e+00,6.396626696e+00,1.438409048e+01,6.434033690e+01,6.870709936e-01,4.800000000e-01,6,actuator_stuck
-1.423201910e-02,9.540451265e-01,-5.875633998e-01,9.453325604e-02,2.448871586e+00,9.058717713e-01,8.152351518e-02,9.755476356e-01,3.040113202e-01,9.871656007e-02,2.504338305e+00,1.136672876e+00,1.868743927e+00,7.958051744e+00,-8.796341873e-02,0.000000000e+00,0,none
-4.226540663e-02,1.072430128e+00,-6.033826852e-01,9.472422950e-02,2.917339582e+00,1.435221729e+00,-5.716762954e-02,1.005003513e+00,-1.754210032e-01,3.115300964e-02,2.618340457e+00,1.062976749e+00,2.165192943e+00,8.711643650e+00,-4.480498175e-02,0.000000000e+00,0,none
-2.188950816e-01,1.000573576e+00,-4.104332729e-01,1.832651766e-02,2.798228009e+00,9.715365552e-01,-4.939266194e-01,1.049835246e+00,-1.242003972e+00,-2.542795044e-02,2.678551398e+00,1.795378335e+00,2.395180086e+00,1.009883694e+01,7.105397753e-02,2.000000000e-02,7,actuator_runaway
-3.066638572e-01,9.559804067e-01,-2.732373658e-01,2.115128554e-02,2.798228009e+00,9.513503049e-01,-6.384436190e-01,1.034612092e+00,-1.172396044e+00,-6.783940827e-02,2.678551398e+00,1.830861166e+00,2.485973694e+00,1.009883694e+01,-2.410431675e-02,2.000000000e-02,7,actuator_runaway
-3.380382732e-01,9.536888007e-01,-6.321917972e-01,1.458674337e-02,2.798228009e+00,1.104270869e+00,-7.739286414e-01,1.000142641e+00,-1.040256203e+00,-2.856128879e-03,3.250865451e+00,1.792538244e+00,2.623043048e+00,1.325885187e+01,7.611122151e-02,3.000000000e-02,7,actuator_runaway
-5.591469090e-01,9.756308398e-01,-1.450694046e+00,1.809164825e-01,2.878053271e+00,1.936275378e+00,-1.135311080e+00,1.035213979e+00,-1.462658344e+00,7.223189873e-02,3.770391094e+00,2.027524137e+00,3.625100033e+00,1.734672443e+01,1.769592414e-01,5.000000000e-02,7,actuator_runaway
-6.506171373e-02,9.437531083e-01,-1.998803984e-01,-5.694317844e-02,2.406470101e+00,1.072829447e+00,-7.350977563e-02,9.862123931e-01,-1.436122090e-01,8.451329466e-02,2.521410533e+00,1.028623512e+00,1.872921527e+00,7.372109554e+00,1.347852904e-01,0.000000000e+00,0,none
1.177177899e-01,1.027947656e+00,-3.109318752e-02,6.195874433e-02,2.862884756e+00,1.535286782e+00,-5.906660096e-03,1.079493958e+00,-9.433765803e-03,-1.789615319e-01,2.778236885e+00,9.033089432e-01,2.235875955e+00,1.409546214e+01,1.371728899e-01,1.000000000e-02,0,none
-1.865848539e-01,1.130781925e+00,2.218109199e-01,-2.510867216e-02,2.851284625e+00,1.602587640e+00,4.464315526e-02,1.024217594e+00,4.039789811e-01,-1.332807076e-02,2.271946354e+00,1.187292387e+00,2.364496362e+00,1.056365661e+01,-1.443847306e-01,2.000000000e-02,0,none
-7.687427053e-02,1.104353476e+00,-2.090443528e-02,5.496117563e-03,2.851284625e+00,1.036957042e+00,-1.996185057e-02,1.041672447e+00,1.661270199e-02,-5.151444055e-02,2.629841121e+00,1.456144932e+00,2.310986215e+00,1.056365661e+01,-1.318591669e-01,2.000000000e-02,0,none
-7.075188347e-02,1.096284595e+00,1.081613153e-02,2.584400732e-02,2.851284625e+00,1.044916145e+00,-9.394608877e-03,1.014314917e+00,-1.558739500e-01,-3.903449871e-02,2.629841121e+00,1.392741482e+00,2.235768753e+00,1.056365661e+01,-8.542944169e-02,2.000000000e-02,0,none
5.100702859e-03,1.048386706e+00,1.828880495e-01,-4.914032831e-02,2.851284625e+00,1.143524507e+00,8.377826980e-02,1.035152959e+00,9.336196503e-02,-4.323607670e-02,2.708352694e+00,1.260560510e+00,2.177701150e+00,1.272241345e+01,-8.075246296e-03,3.000000000e-02,0,none
6.958145026e-02,1.036709827e+00,2.438543211e-01,4.238569417e-02,3.132192280e+00,1.037981021e+00,1.287710090e-01,9.570736687e-01,2.669704942e-01,1.187890046e-02,3.028866734e+00,1.113033822e+00,2.012180824e+00,1.002485924e+01,4.318783491e-02,2.000000000e-02,0,none
-1.340180033e-01,9.602875437e-01,3.421573231e-01,-2.385491714e-02,2.776149525e+00,1.257469081e+00,3.689480024e-02,1.081982719e+00,7.886173440e-02,1.618338090e-01,2.581263080e+00,1.893170920e+00,2.112160823e+00,8.498356760e+00,6.702608200e-02,0.000000000e+00,0,none
-1.341823555e+00,2.171798890e+00,6.338472660e+00,6.642234284e-01,6.408791824e+00,8.178054521e+00,8.605278079e-01,9.586275877e-01,4.375458263e-01,6.615606767e-02,2.864377687e+00,1.826676525e+00,8.176675831e+00,4.122950811e+01,1.833680096e-01,2.600000000e-01,1,sensor_bias
-8.614587658e-01,1.835374391e+00,4.620959362e+00,5.467293345e-01,6.145788260e+00,6.524544003e+00,9.761026971e-01,8.816718920e-01,-2.041389147e-01,-9.588215030e-02,2.864377687e+00,1.202572123e+00,5.840832162e+00,3.865452608e+01,-1.328977549e-03,1.800000000e-01,1,sensor_bias
-2.853102207e-01,1.483660328e+00,2.949604049e+00,4.281634333e-01,4.323964857e+00,4.256378871e+00,9.232981869e-01,9.156815245e-01,-4.772585712e-01,-1.299779436e-01,3.757879102e+00,9.563389018e-01,3.973602088e+00,1.946796511e+01,-7.172940662e-02,9.000000000e-02,1,sensor_bias
2.339761062e-01,1.213319487e+00,3.394952306e-01,-1.990166792e-02,3.441801807e+00,1.923574621e+00,7.616441641e-01,1.004577066e+00,-9.715455371e-01,1.043160243e-01,3.757879102e+00,1.517142913e+00,3.116165911e+00,1.504012105e+01,4.464285053e-02,4.000000000e-02,1,sensor_bias
-1.017075457e-01,8.702388524e-01,-2.889992140e-01,1.976387915e-02,2.496604945e+00,8.338099382e-01,-3.032240951e-02,8.755319737e-01,-2.967833023e-01,-5.607347136e-02,1.925927829e+00,1.106249868e+00,1.535135771e+00,8.476536346e+00,7.253323463e-02,0.000000000e+00,0,none
5.134972355e-02,9.444702285e-01,2.481569461e-01,-3.523819808e-02,2.925107982e+00,1.009671805e+00,-1.192270922e-01,1.005180730e+00,-5.921041423e-01,-1.182395392e-01,2.782734842e+00,1.248461282e+00,1.919264206e+00,9.303236087e+00,-1.096224919e-02,1.000000000e-02,0,none
6.016496064e-02,1.031548699e+00,-1.465571096e-02,-6.890863810e-02,3.295375117e+00,1.230983025e+00,5.357958483e-02,9.219252415e-01,-7.101363729e-01,7.337173392e-02,2.843932024e+00,1.388448652e+00,1.920529463e+00,1.242740942e+01,8.973534013e-02,2.000000000e-02,2,sensor_drift
7.071344806e-02,9.966972005e-01,-5.009965590e-01,-1.033959073e-01,3.295375117e+00,1.157143613e+00,-1.923802512e-02,8.796735250e-01,-2.477104391e-01,-3.845383563e-02,2.843932024e+00,1.000987987e+00,1.772601313e+00,1.242740942e+01,1.429016279e-01,1.000000000e-02,2,sensor_drift
-1.296064019e-02,1.008611322e+00,-4.357119303e-01,-9.582515316e-02,2.725994826e+00,1.353864995e+00,-3.351088979e-02,8.476831253e-01,2.511759440e-01,-1.864695795e-02,2.843932024e+00,9.424692419e-01,1.737154437e+00,8.181492804e+00,6.017884026e-02,0.000000000e+00,2,sensor_drift
1.784425572e-02,1.030080237e+00,-1.439828571e-01,-1.074257872e-01,2.717173049e+00,1.465635183e+00,5.563270744e-02,7.479475399e-01,7.161297108e-01,4.706791844e-02,1.949243032e+00,9.759315676e-01,1.623904233e+00,7.700214086e+00,1.592580031e-02,0.000000000e+00,2,sensor_drift
-5.817366912e-02,9.953460176e-01,-3.538263665e-01,-5.022496939e-02,2.919697463e+00,1.085994491e+00,8.838619639e-02,1.098028096e+00,-4.101377750e-01,-9.737086600e-03,3.319929565e+00,1.094832784e+00,2.207575689e+00,1.113998162e+01,-9.028587058e-02,1.000000000e-02,0,none
-1.228004973e-01,9.901780178e-01,2.737062811e-01,-1.378600096e-01,2.361741403e+00,1.283417730e+00,-1.051894095e-01,9.172519618e-01,6.531365694e-01,3.134488344e-01,2.382960689e+00,1.660169873e+00,1.847948443e+00,6.693163575e+00,1.546243141e-02,0.000000000e+00,0,none
6.315384667e-02,1.001250198e+00,-3.740554943e-01,8.726444231e-02,2.287883340e+00,9.848484633e-01,5.377527207e-01,1.257094285e+00,4.341591695e+00,9.688166349e-01,2.495529926e+00,5.410391099e+00,2.875954396e+00,9.497858594e+00,-1.115431624e-01,1.000000000e-02,3,sensor_stuck
-4.449839167e-02,9.698916018e-01,-3.149944125e-01,5.591654595e-02,2.093315876e+00,1.483046531e+00,9.601566690e-01,1.172752205e+00,4.050123422e+00,9.698482255e-01,2.721224626e+00,5.090963963e+00,3.239918389e+00,1.097904529e+01,-8.324240030e-02,2.000000000e-02,3,sensor_stuck
-2.426615657e-01,1.054063417e+00,-1.173367514e+00,1.737849385e-01,3.018046511e+00,2.473862401e+00,1.521324302e+00,1.043223669e+00,3.587462386e+00,9.719348451e-01,2.917375692e+00,4.560134456e+00,4.572677580e+00,1.753736196e+01,-2.956216900e-01,1.200000000e-01,3,sensor_stuck
-7.573703696e-01,1.263636444e+00,-2.931919342e+00,4.509306028e-01,3.757685181e+00,4.241402428e+00,2.208111348e+00,7.107762542e-01,2.273331852e+00,9.731004754e-01,2.945758430e+00,3.098895349e+00,7.551345545e+00,2.273908112e+01,-5.882461336e-01,3.400000000e-01,3,sensor_stuck
-1.155882851e-03,9.216594077e-01,2.872967462e-01,2.744212610e-02,2.134280986e+00,1.062072836e+00,1.440119453e-01,1.001143073e+00,1.076449587e-01,-1.180661351e-01,2.646078151e+00,9.397799539e-01,1.872484292e+00,1.027854816e+01,-7.328599591e-02,1.000000000e-02,0,none
-2.309814220e-02,1.001614696e+00,1.290256400e-01,-5.484908850e-02,3.179783445e+00,9.864688340e-01,-8.295126822e-02,1.020212525e+00,-2.399737160e-01,-2.761163709e-02,2.997080183e+00,9.829210716e-01,2.051480031e+00,1.092899872e+01,-4.379240633e-03,2.000000000e-02,0,none
6.238835036e+00,5.567530093e+00,-1.766948467e+01,9.531253005e-01,2.185027014e+01,2.225255157e+01,-3.488528636e+00,1.325332564e+00,-1.803861848e+00,3.868670193e-01,6.319394330e+00,3.778485024e+00,8.384679240e+01,4.774347469e+02,6.147505098e-01,9.700000000e-01,4,sensor_dropout
4.313684756e+00,3.969051676e+00,-1.297304007e+01,9.515971539e-01,1.529960959e+01,1.572376687e+01,-3.765931104e+00,1.022927419e+00,-2.297616095e-01,-8.571035129e-02,6.319394330e+00,2.030849474e+00,4.958986496e+01,2.354697240e+02,2.054115610e-01,9.400000000e-01,4,sensor_dropout
2.256245491e+00,2.826675521e+00,-9.695589016e+00,9.584842309e-01,8.683769398e+00,1.163160633e+01,-3.686556514e+00,1.078487119e+00,1.807283439e+00,1.323883643e-01,6.319394330e+00,2.530909393e+00,2.783457161e+01,1.012276379e+02,-4.681392920e-01,8.800000000e-01,4,sensor_dropout
-2.496227191e-01,2.746660855e+00,-9.487897614e+00,9.699764664e-01,5.287594685e+00,1.193248333e+01,-3.066073662e+00,1.335039444e+00,3.147998142e+00,4.236300206e-01,5.609506163e+00,4.458706078e+00,1.878959537e+01,4.401098309e+01,-6.919066912e-01,8.800000000e-01,4,sensor_dropout
7.883683508e-02,1.064894367e+00,-1.623745076e-01,-2.107982595e-01,2.302730687e+00,8.496558520e-01,-1.462882621e-01,9.139730202e-01,2.584418834e-02,-9.520603020e-02,2.465762146e+00,1.523717588e+00,1.996962197e+00,9.091992327e+00,4.201178794e-03,0.000000000e+00,0,none
-3.402688878e-02,1.028893992e+00,2.313694018e-01,-1.391983102e-01,2.728521607e+00,9.869572158e-01,1.175729924e-01,9.877531176e-01,-7.490732617e-01,1.713936914e-01,2.219246825e+00,1.339578892e+00,2.049260305e+00,8.550270837e+00,-5.971005853e-02,0.000000000e+00,0,none
-8.672927625e-01,1.077659123e+00,-1.764694911e+00,2.479770976e-01,3.500362102e+00,2.937098471e+00,-1.242883433e+00,1.246329208e+00,-2.377837224e+00,3.690134743e-01,4.967236030e+00,3.855356456e+00,5.011641645e+00,2.893665452e+01,3.443260804e-01,1.500000000e-01,5,actuator_loss_of_effectiveness
-9.148836508e-01,1.058314273e+00,-1.532177758e+00,1.951720802e-01,3.500362102e+00,2.723091837e+00,-1.440474554e+00,1.157533504e+00,-1.765949232e+00,2.276187949e-01,4.967236030e+00,3.330530639e+00,5.371891948e+00,2.893665452e+01,2.792130321e-01,1.700000000e-01,5,actuator_loss_of_effectiveness
-1.154338370e+00,1.081700211e+00,-1.555502810e+00,1.934320689e-01,3.500362102e+00,2.637614586e+00,-1.632151085e+00,1.110260909e+00,-1.667928057e+00,2.551957872e-01,4.967236030e+00,2.712015182e+00,6.399168870e+00,2.893665452e+01,2.738620919e-01,2.700000000e-01,5,actuator_loss_of_effectiveness
-1.538475807e+00,9.956489976e-01,-1.403146353e+00,2.190639811e-01,3.764821943e+00,1.823417639e+00,-1.947067909e+00,8.848178683e-01,-1.121278393e-01,-1.715591565e-01,4.967236030e+00,5.786765915e-01,7.932200837e+00,2.893665452e+01,1.022460467e-01,3.600000000e-01,5,actuator_loss_of_effectiveness
-5.943518351e-02,1.010059484e+00,-3.564353417e-01,-9.228931879e-02,2.877057785e+00,1.015502555e+00,-1.126081675e-01,9.854623542e-01,-1.740939052e-01,2.313768374e-02,2.880024647e+00,1.066614271e+00,2.007569354e+00,9.229209755e+00,8.155925965e-02,1.000000000e-02,0,none
-1.299121418e-01,9.286939087e-01,-5.284567170e-02,-1.085177737e-01,2.653364892e+00,1.203249268e+00,1.544230072e-01,9.814108471e-01,3.100546705e-01,-2.408197019e-02,2.424113859e+00,8.546204228e-01,1.866363256e+00,7.643195191e+00,-1.441749264e-01,0.000000000e+00,0,none
2.903168837e-01,1.093865486e+00,9.767283123e-01,1.504103993e-01,2.778594351e+00,2.075306474e+00,5.312097469e-01,1.047492973e+00,1.123449161e+00,-1.646653435e-02,3.753030489e+00,1.569063872e+00,2.660250919e+00,1.875744213e+01,1.152011801e-01,4.000000000e-02,6,actuator_stuck
4.033076478e-01,1.150731473e+00,1.549675826e+00,2.503728910e-01,2.778594351e+00,2.604175125e+00,6.508406118e-01,1.057941683e+00,1.368057629e+00,4.898297199e-02,3.753030489e+00,1.904714467e+00,3.029674089e+00,1.875744213e+01,2.119409662e-01,7.000000000e-02,6,actuator_stuck
5.963408396e-01,1.131025748e+00,1.894408118e+00,2.468461802e-01,3.158850988e+00,2.840818453e+00,9.682795871e-01,1.176023914e+00,1.803104338e+00,1.185491686e-01,4.357442974e+00,2.474235499e+00,3.955439243e+00,2.562763206e+01,2.679278361e-01,1.300000000e-01,6,actuator_stuck
1.144132352e+00,1.267837549e+00,2.583719685e+00,3.200505708e-01,3.778172546e+00,3.360333997e+00,1.676709500e+00,1.483293663e+00,3.496734337e+00,4.101593306e-01,5.835222139e+00,4.743671399e+00,7.927965725e+00,4.013572916e+01,4.848776879e-01,3.400000000e-01,6,actuator_stuck
-7.373429390e-02,9.256335979e-01,-8.154873877e-01,-9.631576272e-02,2.932022048e+00,1.246776895e+00,1.181882539e-01,1.074329598e+00,-5.797374268e-01,9.784137114e-03,3.165317652e+00,1.363961126e+00,2.030386852e+00,1.624128078e+01,1.403562308e-01,2.000000000e-02,0,none
-3.740568013e-02,9.461218394e-01,-2.693480409e-02,8.864224735e-02,2.671242816e+00,1.617291893e+00,6.490224725e-02,9.497893285e-01,-3.935353006e-01,-1.145661039e-01,2.647057811e+00,1.456107546e+00,1.802857790e+00,9.552845829e+00,1.030920936e-01,1.000000000e-02,0,none
-1.367235564e-01,1.021420298e+00,-3.771602234e-01,-6.562615560e-02,2.529897284e+00,8.422506156e-01,-3.042905144e-02,1.005554501e+00,-3.501593024e-01,-1.000663719e-02,2.820281568e+00,1.216459538e+00,2.074058537e+00,1.050190345e+01,-1.507013378e-02,1.000000000e-02,7,actuator_runaway
-1.380091517e-01,1.035980743e+00,6.520639823e-02,-7.841864276e-02,2.911503263e+00,8.270678600e-01,-1.014900413e-01,9.542664506e-01,-4.730981177e-01,5.770528473e-02,2.690680758e+00,1.568891527e+00,2.013227313e+00,9.733875479e+00,-8.071675180e-02,1.000000000e-02,7,actuator_runaway
-1.429151625e-01,1.016670627e+00,-1.584226171e-01,-1.180141944e-01,2.911503263e+00,7.986129976e-01,-1.757132093e-01,9.652424815e-01,-1.143050399e+00,1.304800672e-01,2.690680758e+00,1.795339778e+00,2.016612087e+00,9.733875479e+00,-8.900242650e-02,2.000000000e-02,7,actuator_runaway
-3.503855499e-01,1.100580534e+00,-9.190145371e-01,-3.825692672e-02,3.652040072e+00,1.646689749e+00,-3.972555985e-01,9.993205798e-01,-9.223118775e-01,8.048695350e-02,3.837131122e+00,1.382452003e+00,2.490501178e+00,1.773444672e+01,-3.063118016e-02,5.000000000e-02,7,actuator_runaway
-2.195930970e-01,1.096553759e+00,1.344395155e-01,-7.265831520e-02,2.563989762e+00,9.593811967e-01,1.061553285e-01,9.745876130e-01,8.277188419e-02,-1.101709454e-01,2.775465571e+00,1.000432916e+00,2.211741245e+00,8.037628665e+00,6.035472973e-03,0.000000000e+00,0,none
2.921348876e-02,9.627689033e-01,-1.260263315e-01,-1.077676589e-02,2.776863629e+00,1.107259308e+00,1.231685230e-01,9.293960026e-01,1.753385615e-01,-1.152651214e-02,2.917928566e+00,1.055311642e+00,1.806724804e+00,9.830974786e+00,1.005221411e-01,2.000000000e-02,0,none
5.215713925e-02,1.079913152e+00,3.567464740e-01,1.576807504e-01,2.769594642e+00,1.211896137e+00,-3.252322659e-02,9.922351265e-01,3.734574027e-01,-9.111111938e-02,3.150473158e+00,1.128565801e+00,2.154521089e+00,1.069955423e+01,1.472114282e-01,1.000000000e-02,0,none
1.709091427e-01,1.057324787e+00,5.112631682e-01,2.329864058e-01,2.769594642e+00,1.456553555e+00,4.373938249e-02,1.006926243e+00,7.169022415e-01,-1.711881111e-02,3.150473158e+00,1.403111194e+00,2.162959234e+00,1.069955423e+01,2.150425793e-01,1.000000000e-02,0,none
1.730723967e-01,1.107297229e+00,4.039091812e-01,3.367240655e-02,2.855969657e+00,1.070837589e+00,6.274872244e-02,9.903005430e-01,4.834807608e-01,5.674754487e-02,3.150473158e+00,1.340079431e+00,2.240693775e+00,1.069955423e+01,2.145415867e-01,1.000000000e-02,0,none
3.270171921e-01,1.086492782e+00,2.053112170e-01,2.963699017e-02,2.855969657e+00,9.487721288e-01,1.580383315e-01,9.937208830e-01,-3.937291038e-02,-3.783370707e-02,3.150473158e+00,8.156775875e-01,2.299864117e+00,1.069955423e+01,1.068137853e-01,1.000000000e-02,0,none
3.815842164e-02,9.167922834e-01,1.262918938e-01,7.623973190e-02,1.961641474e+00,8.728029122e-01,1.142544667e-01,9.263789718e-01,-5.007730924e-01,-4.800704452e-02,2.464225268e+00,1.265812858e+00,1.713196238e+00,7.646238145e+00,5.440371699e-02,0.000000000e+00,0,none
-2.513331725e-01,1.011988728e+00,-1.734192974e-01,1.663755355e-01,3.161458699e+00,1.256125160e+00,6.868102592e-02,1.008693980e+00,-3.666070686e-01,-3.494170926e-03,2.666306796e+00,1.579046343e+00,2.109470177e+00,1.024025867e+01,1.876704711e-02,2.000000000e-02,0,none
3.186396279e+00,1.934810369e+00,5.638774447e+00,7.161714069e-01,7.298503028e+00,7.475691486e+00,-6.071172367e+00,1.276755676e+00,2.587353718e+00,3.139729705e-01,9.190080462e+00,3.514322543e+00,5.238585137e+01,8.706819866e+01,5.226582588e-01,1.000000000e+00,1,sensor_bias
3.712278586e+00,1.787688124e+00,5.006422851e+00,6.496797166e-01,7.298503028e+00,6.449448264e+00,-5.770320804e+00,1.139943639e+00,2.039504976e+00,1.609259796e-01,9.190080462e+00,2.762237270e+00,5.157291481e+01,8.706819866e+01,4.035492814e-01,1.000000000e+00,1,sensor_bias
4.355145438e+00,1.416220374e+00,3.445556332e+00,5.046535189e-01,7.298503028e+00,4.858528779e+00,-5.570653126e+00,1.030465718e+00,1.191220226e+00,1.024750217e-01,7.593828825e+00,2.096152980e+00,5.306700778e+01,9.617083581e+01,2.618637496e-01,1.000000000e+00,1,sensor_bias
5.055920983e+00,1.137181470e+00,1.946426779e+00,2.369304345e-01,7.566670989e+00,2.554372702e+00,-5.404218351e+00,9.653370234e-01,1.596484020e-01,-2.752784176e-02,7.546746600e+00,1.319270037e+00,5.699297024e+01,9.907359425e+01,1.481252575e-02,1.000000000e+00,1,sensor_bias
1.649992230e-01,8.691848604e-01,4.348525737e-02,-9.495989552e-02,2.335378333e+00,7.241064319e-01,-7.262565501e-02,8.966960194e-01,3.108214958e-01,-3.028981060e-01,2.183467964e+00,8.188136154e-01,1.592045302e+00,6.678208971e+00,-3.103770839e-02,0.000000000e+00,0,none
-1.181636295e-01,1.011193095e+00,1.585039417e-01,1.010929787e-02,2.299220631e+00,8.941551582e-01,-8.687704741e-02,9.836821888e-01,3.329973249e-01,5.097693350e-02,3.211659218e+00,7.550816432e-01,2.011652389e+00,1.518078766e+01,-1.714190268e-01,1.000000000e-02,0,none
2.646392503e-01,9.492542089e-01,6.913116260e-01,-8.719447511e-02,2.768822999e+00,1.084006060e+00,-7.441911107e-01,9.008538820e-01,-5.937030700e-01,1.667733355e-01,2.703600979e+00,1.235272774e+00,2.336475612e+00,1.026224051e+01,6.941877110e-02,1.000000000e-02,2,sensor_drift
3.872935245e-01,9.434269933e-01,7.254688975e-01,3.823885277e-02,3.301751932e+00,1.173941135e+00,-8.205515481e-01,9.177644213e-01,-1.034135706e+00,1.950834153e-01,2.703600979e+00,1.499239214e+00,2.555647142e+00,1.735633217e+01,-3.764817857e-02,3.000000000e-02,2,sensor_drift
5.291870622e-01,9.101878205e-01,7.459158449e-01,1.253823454e-01,3.301751932e+00,1.405665022e+00,-9.797633799e-01,9.737661208e-01,-1.198183746e+00,1.995399076e-01,3.396168898e+00,2.086053952e+00,3.016637554e+00,1.735633217e+01,-6.517998437e-02,5.000000000e-02,2,sensor_drift
6.717926823e-01,9.639109420e-01,8.982774648e-01,1.506724074e-01,3.301751932e+00,1.636235539e+00,-1.280523915e+00,1.035824481e+00,-1.678400633e+00,1.000054850e-01,3.735127633e+00,2.308472473e+00,4.093103564e+00,1.793896695e+01,-1.634615767e-01,1.200000000e-01,2,sensor_drift
-4.402819769e-02,1.043344580e+00,-3.710871699e-01,1.778805161e-01,2.534256533e+00,1.676174548e+00,-1.476532309e-01,9.696441809e-01,4.605922655e-02,1.540425617e-02,2.809732613e+00,1.395898215e+00,2.052517709e+00,8.931000112e+00,-6.727925239e-04,0.000000000e+00,0,none
-6.851331800e-03,1.027459236e+00,-1.889127287e-01,-1.159067788e-01,2.575140167e+00,7.616406250e-01,-8.233991104e-02,8.851723184e-01,2.103860585e-01,-2.020485574e-03,2.491593710e+00,9.591998407e-01,1.846029316e+00,9.020406772e+00,9.087973637e-02,0.000000000e+00,0,none
1.194979295e+00,1.389859540e+00,3.195550140e+00,3.996956664e-01,4.334184044e+00,4.338085572e+00,-3.367751190e+00,1.713914062e+00,-5.927746660e+00,9.714351572e-01,6.030999786e+00,7.515882606e+00,1.763893454e+01,5.399154681e+01,-6.573866383e-01,6.100000000e-01,3,sensor_stuck
1.542829098e+00,1.566340284e+00,4.090860063e+00,5.335754303e-01,5.738578009e+00,5.164146547e+00,-3.927735633e+00,1.635383627e+00,-5.645297931e+00,9.723763349e-01,6.319110500e+00,7.148724359e+00,2.293533032e+01,7.002760322e+01,-7.435622954e-01,7.100000000e-01,3,sensor_stuck
2.160930788e+00,1.650730735e+00,4.481598970e+00,5.502970609e-01,5.738578009e+00,6.025399913e+00,-4.685187877e+00,1.443738825e+00,-4.939462662e+00,9.721584306e-01,6.519845946e+00,6.282793441e+00,3.142990107e+01,7.386625983e+01,-7.688711715e-01,8.600000000e-01,3,sensor_stuck
3.311284171e+00,1.714476620e+00,4.837005949e+00,6.424663446e-01,6.872693257e+00,6.499870354e+00,-5.654708564e+00,9.481506465e-01,-3.077937655e+00,9.706912688e-01,6.597644951e+00,4.126920784e+00,4.677875154e+01,8.940217567e+01,-7.754963100e-01,1.000000000e+00,3,sensor_stuck
1.077754990e-01,9.150932498e-01,3.141183772e-01,-6.990465837e-03,2.229888662e+00,1.021721873e+00,-1.035084430e-01,1.131152323e+00,-2.398105384e-01,9.307893748e-02,3.419617628e+00,1.234544372e+00,2.139230789e+00,1.203285430e+01,-1.949625480e-01,1.000000000e-02,0,none
3.545627230e-02,9.695614676e-01,-5.689864138e-01,1.941616219e-01,3.904191233e+00,1.594133516e+00,-4.256844609e-02,9.274244902e-01,1.671796349e-02,-3.408873973e-02,2.393367835e+00,6.420124521e-01,1.803234844e+00,1.653862371e+01,6.636689605e-02,1.000000000e-02,0,none
2.659194807e+00,1.706832081e+00,4.504588026e+00,5.091408419e-01,6.268536244e+00,5.907293419e+00,-4.597978944e+00,1.225532288e+00,4.072359236e+00,9.605534845e-01,6.398294704e+00,5.158636115e+00,3.262793253e+01,5.164476744e+01,6.685352068e-01,9.900000000e-01,4,sensor_dropout
3.015962084e+00,1.463582721e+00,3.396710944e+00,4.024590519e-01,6.268536244e+00,4.737433485e+00,-4.108107558e+00,1.483010511e+00,4.924922708e+00,9.671928764e-01,5.839303649e+00,6.349729347e+00,3.031396956e+01,5.164476744e+01,5.535555709e-01,9.900000000e-01,4,sensor_dropout
3.397328775e+00,1.195583880e+00,1.812343928e+00,8.863876815e-02,6.268536244e+00,3.021957133e+00,-3.260947060e+00,1.908105065e+00,6.456903414e+00,9.716227243e-01,5.507622124e+00,8.304404166e+00,2.724590429e+01,5.164476744e+01,3.445819159e-01,9.500000000e-01,4,sensor_dropout
3.458517604e+00,1.184117048e+00,-1.298499312e+00,7.435163637e-02,6.268536244e+00,2.747912304e+00,-1.461631875e+00,2.453400343e+00,8.463086916e+00,9.725918078e-01,4.992841473e+00,1.076539163e+01,2.151901818e+01,5.164476744e+01,-3.553055418e-01,8.600000000e-01,4,sensor_dropout
-1.469580136e-01,9.448289815e-01,1.369472658e-01,-5.592891426e-02,2.339402571e+00,8.843000904e-01,-7.419467228e-02,8.600470525e-01,-3.442503864e-02,-6.567353868e-03,2.004373928e+00,1.001671296e+00,1.659484244e+00,7.348937416e+00,4.358398717e-03,0.000000000e+00,0,none
7.477160291e-02,9.897902146e-01,3.917896510e-01,2.203019644e-01,2.540934325e+00,1.003414552e+00,4.302432992e-02,1.037837698e+00,-1.255800714e-01,-1.993546302e-01,3.102376654e+00,6.551127388e-01,2.064233641e+00,1.373804654e+01,1.274741452e-02,2.000000000e-02,0,none
-7.769848982e-01,1.100828375e+00,-1.831261749e+00,1.251339417e-01,4.107096056e+00,2.707349043e+00,-1.430186852e+00,1.302156284e+00,-2.848168270e+00,4.613743942e-01,4.154407026e+00,3.753629383e+00,5.556574062e+00,2.703986049e+01,3.040867260e-01,2.200000000e-01,5,actuator_loss_of_effectiveness
-9.229399893e-01,1.164551802e+00,-2.218758234e+00,2.300708832e-01,4.107096056e+00,3.189794045e+00,-1.782927738e+00,1.244799019e+00,-2.632793423e+00,4.104773804e-01,5.035936864e+00,3.434345543e+00,6.936355041e+00,2.905485568e+01,3.582758824e-01,3.000000000e-01,5,actuator_loss_of_effectiveness
-1.233371658e+00,1.228454400e+00,-2.522641717e+00,2.949085896e-01,4.671387663e+00,3.460741904e+00,-2.118264400e+00,1.141249325e+00,-1.935264935e+00,3.027712702e-01,5.035936864e+00,2.617496840e+00,8.819799950e+00,3.780316356e+01,3.148371233e-01,4.400000000e-01,5,actuator_loss_of_effectiveness
-1.906128039e+00,1.249204366e+00,-2.700710608e+00,3.413851773e-01,4.830107248e+00,3.503203667e+00,-2.586359101e+00,1.043960285e+00,-1.386532341e+00,2.766676773e-01,5.035936864e+00,2.557192818e+00,1.297294213e+01,3.780316356e+01,2.686394448e-01,6.200000000e-01,5,actuator_loss_of_effectiveness
-2.796828626e-02,9.628360122e-01,-2.324699918e-01,-1.200987019e-02,2.409836567e+00,1.005827877e+00,-9.655028614e-02,1.027189890e+00,4.894082920e-01,-2.076759458e-01,2.569189101e+00,1.269247503e+00,1.992276439e+00,8.873695554e+00,6.787833970e-02,0.000000000e+00,0,none
6.300849658e-02,9.015535424e-01,4.087009556e-01,-3.941043143e-03,2.272609810e+00,1.347168169e+00,1.742536302e-01,1.027407636e+00,4.768760467e-01,1.186969595e-02,2.990279026e+00,1.123797420e+00,1.902699639e+00,9.064927647e+00,1.219462018e-02,0.000000000e+00,0,none
-4.635883301e-01,1.127693560e+00,-1.439084161e+00,2.205332733e-01,3.004667372e+00,2.553778568e+00,-9.841017317e-01,1.391121997e+00,-3.017447893e+00,3.039266855e-01,4.928273992e+00,4.083077312e+00,4.390283535e+00,2.921514534e+01,3.075859967e-01,1.600000000e-01,6,actuator_stuck
-6.076336517e-01,1.188035988e+00,-2.078573210e+00,2.442309743e-01,3.656660239e+00,3.023294093e+00,-1.302566705e+00,1.496877449e+00,-3.469410204e+00,3.903390332e-01,5.424390523e+00,4.631742104e+00,5.717970280e+00,3.533694780e+01,4.428064197e-01,2.200000000e-01,6,actuator_stuck
-9.695474931e-01,1.298474483e+00,-2.447570582e+00,3.002705483e-01,3.917179836e+00,3.498951822e+00,-1.880934791e+00,1.524240397e+00,-3.874375583e+00,5.246906415e-01,5.424390523e+00,5.128266030e+00,8.487282799e+00,3.533694780e+01,4.689513607e-01,3.500000000e-01,6,actuator_stuck
-1.802540259e+00,1.573599979e+00,-3.686664661e+00,4.173622079e-01,5.541049900e+00,4.782416625e+00,-2.905759850e+00,1.711595362e+00,-4.707942143e+00,6.272742529e-01,6.934677365e+00,5.929283009e+00,1.709836727e+01,6.788336621e+01,5.823972196e-01,6.000000000e-01,6,actuator_stuck
2.839190799e-02,9.744705341e-01,-1.799770196e-01,1.048244210e-01,3.127137254e+00,1.728597585e+00,-1.401097267e-01,1.010706924e+00,7.417397436e-02,-3.451856190e-02,2.742740211e+00,8.317474842e-01,1.991558143e+00,9.862494370e+00,1.025343618e-01,1.000000000e-02,0,none
-8.269535156e-02,9.548975552e-01,7.458298590e-03,3.778234981e-02,2.194306199e+00,1.103681255e+00,-8.815109245e-02,9.477179044e-01,-4.283868477e-01,1.426781689e-01,2.181072159e+00,1.232418642e+00,1.824607703e+00,9.572055458e+00,1.505459875e-01,1.000000000e-02,0,none
-2.167567658e-01,1.158345959e+00,-5.642780280e-01,2.746466762e-02,3.105778420e+00,1.594984688e+00,-1.849293190e-01,9.031256844e-01,-2.351750138e-01,3.311781580e-02,2.768188864e+00,9.183934223e-01,2.238583710e+00,1.267949601e+01,6.725825229e-02,6.000000000e-02,7,actuator_runaway
-2.778575782e-01,1.159450122e+00,-9.102323388e-01,4.318295024e-02,3.105778420e+00,1.746581118e+00,-1.895043464e-01,9.064870379e-01,-4.433555835e-01,2.131766350e-02,2.768188864e+00,9.334910129e-01,2.279160067e+00,1.267949601e+01,1.397241575e-01,6.000000000e-02,7,actuator_runaway
-3.653511689e-01,1.120952715e+00,-1.232239737e+00,8.699104999e-02,3.105778420e+00,1.784690849e+00,-3.041953159e-01,8.382314686e-01,-6.498116660e-01,1.028722009e-01,2.717176858e+00,9.869278127e-01,2.185183252e+00,1.267949601e+01,2.277686813e-01,6.000000000e-02,7,actuator_runaway
-5.454228042e-01,1.028243960e+00,-2.703516667e-01,-3.747751321e-02,3.105778420e+00,1.100391404e+00,-5.766170397e-01,9.569424111e-01,-1.053973040e+00,2.371431364e-01,3.041768357e+00,2.083846330e+00,2.602997666e+00,1.267949601e+01,2.141836444e-01,8.000000000e-02,7,actuator_runaway
2.534839801e-02,9.786376664e-01,8.983491458e-01,3.399092177e-02,2.357567230e+00,1.554512157e+00,7.896350442e-02,9.173647338e-01,-8.331194333e-02,-1.177615324e-01,2.549947004e+00,6.589514550e-01,1.806167513e+00,6.736276145e+00,4.360868414e-02,0.000000000e+00,0,none
1.231276926e-01,1.089237421e+00,-6.004837604e-02,-4.179624536e-02,2.983097714e+00,1.131292089e+00,-5.862499251e-03,9.328095892e-01,1.929025840e-01,-1.391787804e-02,2.337042993e+00,1.143751392e+00,2.071766687e+00,9.727996660e+00,-1.078165010e-01,2.000000000e-02,0,none
-6.282846955e-02,9.828266004e-01,-7.756614708e-01,7.996555943e-03,2.567257949e+00,1.390316267e+00,-9.519207414e-02,9.065982597e-01,2.963480792e-01,5.195292897e-02,2.285391633e+00,8.239519844e-01,1.800877479e+00,6.979655112e+00,-1.750411786e-01,0.000000000e+00,0,none
-1.151446485e-01,9.427564943e-01,-8.902741786e-01,-1.173906454e-02,2.553577635e+00,1.471101649e+00,-6.352818017e-02,9.232420619e-01,4.621376919e-01,5.330942176e-02,2.285391633e+00,8.597451641e-01,1.758459832e+00,6.979655112e+00,-1.228769043e-01,0.000000000e+00,0,none
-1.700599389e-01,9.458164212e-01,-5.510149034e-01,-4.999539005e-03,2.553577635e+00,1.421379141e+00,5.991777126e-02,9.008817224e-01,4.261811292e-01,-4.635315013e-03,2.285391633e+00,1.230275061e+00,1.738667103e+00,6.979655112e+00,-1.249679493e-01,0.000000000e+00,0,none
-1.933150569e-01,1.002719960e+00,2.307201488e-01,-4.747164816e-02,2.788388186e+00,1.309754575e+00,5.114342169e-02,9.613863153e-01,2.985144848e-01,-7.520785728e-02,2.285391633e+00,1.010296005e+00,1.969697327e+00,7.840419541e+00,-8.306512391e-02,0.000000000e+00,0,none
-1.470842439e-01,9.135289828e-01,-1.876610846e-01,1.129097258e-01,2.475149794e+00,1.093240970e+00,-1.176028987e-01,1.089100979e+00,4.424997037e-01,-1.908327670e-01,3.168056810e+00,9.771219760e-01,2.056140362e+00,1.004450266e+01,1.632751958e-01,2.000000000e-02,0,none
8.996434339e-02,9.222825461e-01,3.415171954e-02,-5.742589419e-03,2.659685642e+00,6.520231370e-01,-1.083711474e-01,9.058184886e-01,1.958775021e-01,8.537836890e-02,2.611260797e+00,9.131933293e-01,1.690950118e+00,7.500725439e+00,-4.307427109e-02,0.000000000e+00,0,none
1.929601294e+00,1.331287889e+00,3.350053245e+00,5.207430351e-01,5.048759725e+00,4.397876986e+00,-3.765478517e+00,1.110574443e+00,1.105093076e+00,2.618297661e-01,6.239064909e+00,2.639836931e+00,2.090789265e+01,4.728455555e+01,3.087039562e-01,9.400000000e-01,1,sensor_bias
2.252846107e+00,1.303086406e+00,3.117506678e+00,4.499295874e-01,5.169287015e+00,4.067085333e+00,-3.688179823e+00,1.082808252e+00,4.479252260e-01,1.451659778e-01,6.239064909e+00,2.222423988e+00,2.154849388e+01,5.408254791e+01,1.476096142e-01,9.400000000e-01,1,sensor_bias
2.613381808e+00,1.189348802e+00,2.456620226e+00,3.557251442e-01,5.169287015e+00,3.396616799e+00,-3.503068313e+00,1.024797681e+00,8.218456856e-02,6.589882154e-02,6.239064909e+00,1.452685798e+00,2.156601294e+01,5.408254791e+01,6.395855061e-02,9.400000000e-01,1,sensor_bias
3.112356628e+00,9.725725171e-01,1.340128623e+00,1.648281149e-01,5.249077231e+00,1.917769398e+00,-3.473588668e+00,9.982832067e-01,2.820220957e-01,-1.452643661e-01,6.239064909e+00,1.166717918e+00,2.369504868e+01,5.408254791e+01,9.198491018e-02,9.800000000e-01,1,sensor_bias
-4.838873454e-02,1.067229209e+00,2.248773537e-01,8.686350429e-02,2.721574651e+00,1.202774457e+00,4.777032847e-02,9.422212344e-01,1.644680408e-01,3.491615134e-02,2.360535998e+00,1.016695259e+00,2.031382512e+00,7.409538137e+00,-1.584774040e-01,0.000000000e+00,0,none
6.291716856e-02,9.170757904e-01,2.185742718e-02,-1.841497647e-02,2.314203718e+00,1.485145035e+00,-7.089081490e-03,9.827646223e-01,7.586683063e-02,-1.481135771e-01,2.790078029e+00,1.094869080e+00,1.810863133e+00,8.378140078e+00,-3.485185851e-02,0.000000000e+00,0,none
2.552095629e+00,1.217782519e+00,2.555663432e+00,3.109437438e-01,5.445768318e+00,3.046058133e+00,-8.765198480e-01,1.108685192e+00,-2.100321890e+00,2.052421830e-01,3.728923056e+00,3.082846628e+00,9.993656261e+00,3.804526417e+01,-3.110872963e-01,4.600000000e-01,2,sensor_drift
2.804655798e+00,1.040505245e+00,1.610810011e+00,6.901809257e-02,5.445768318e+00,2.223055210e+00,-1.092724014e+00,1.125865057e+00,-2.119706979e+00,1.911284886e-01,3.902557078e+00,2.850217899e+00,1.141036320e+01,3.804526417e+01,-2.086248939e-01,5.500000000e-01,2,sensor_drift
2.916251888e+00,1.010150164e+00,6.146886024e-01,-2.546837407e-02,5.543715314e+00,1.846993209e+00,-1.402472896e+00,1.135637694e+00,-2.206945541e+00,2.147395819e-01,3.902557078e+00,2.739938862e+00,1.278153162e+01,3.804526417e+01,-4.814079695e-02,6.500000000e-01,2,sensor_drift
2.874789720e+00,1.083941007e+00,-6.735180591e-01,3.955739318e-02,5.543715314e+00,2.004549447e+00,-1.863883064e+00,9.764757523e-01,-1.456890472e+00,1.377239910e-01,4.406185182e+00,2.213163103e+00,1.386690901e+01,3.804526417e+01,1.072746737e-01,7.200000000e-01,2,sensor_drift
1.285165649e-01,9.907896949e-01,-1.018570951e-01,-1.609115156e-01,2.522970951e+00,1.088422165e+00,-1.375103882e-02,9.208322160e-01,-8.371883833e-03,-4.495489739e-02,2.692612932e+00,1.219750318e+00,1.846301788e+00,7.262625759e+00,1.826002411e-01,0.000000000e+00,0,none
-1.342131623e-01,1.035782484e+00,2.516088508e-01,1.090535590e-01,2.654050212e+00,9.750323966e-01,-1.501743288e-01,1.113283216e+00,2.921501502e-01,1.204927698e-01,3.618391338e+00,1.837740446e+00,2.352810375e+00,1.311205939e+01,-1.369054321e-01,2.000000000e-02,0,none
6.843870671e+00,3.101091956e+00,1.072022810e+01,9.698825431e-01,1.258342847e+01,1.339580235e+01,-2.148361640e+00,1.786257337e+00,-5.229717686e+00,7.063434561e-01,7.388657304e+00,6.782245706e+00,6.426151010e+01,2.090995871e+02,-8.530985559e-01,8.800000000e-01,3,sensor_stuck
7.941495224e+00,3.252204815e+00,1.124518093e+01,9.700462611e-01,1.391533081e+01,1.408112724e+01,-2.748462878e+00,1.949510089e+00,-5.776933212e+00,7.567400615e-01,8.412085839e+00,7.622838808e+00,8.499882033e+01,2.601458313e+02,-8.658748160e-01,9.800000000e-01,3,sensor_stuck
9.664572294e+00,3.440159799e+00,1.190301714e+01,9.707610671e-01,1.579233640e+01,1.496847987e+01,-3.669145135e+00,2.254373715e+00,-6.942962467e+00,7.885938738e-01,9.082665440e+00,8.864821289e+00,1.237834839e+02,3.202662102e+02,-8.957090002e-01,1.000000000e+00,3,sensor_stuck
1.265032293e+01,3.587904387e+00,1.242705114e+01,9.715990225e-01,1.864612052e+01,1.566040874e+01,-5.455954613e+00,2.622851817e+00,-8.373955009e+00,8.135658613e-01,1.056846883e+01,1.073077571e+01,2.095505205e+02,4.506334191e+02,-9.207005853e-01,1.000000000e+00,3,sensor_stuck
1.122062966e-01,9.976134965e-01,-4.634372980e-01,7.982120505e-02,2.660101723e+00,1.115678589e+00,2.585429061e-01,1.021576204e+00,-3.139684958e-01,-2.264387037e-04,2.628167310e+00,9.580071104e-01,2.118285316e+00,7.520287554e+00,1.315178843e-01,0.000000000e+00,0,none
4.456903114e-02,9.639901463e-01,-7.941622314e-02,2.914345356e-02,2.637967882e+00,1.198955073e+00,1.895454865e-01,1.056764420e+00,-4.809626077e-01,1.196029485e-01,2.919318059e+00,1.570976594e+00,2.083941932e+00,1.140886719e+01,5.703209320e-02,1.000000000e-02,0,none
1.223776900e+01,2.965406214e+00,-8.385421267e+00,9.458536342e-01,2.153008476e+01,1.145170684e+01,-5.247529027e+00,2.178584409e+00,-6.452552367e+00,7.444929473e-01,9.428522939e+00,8.242028637e+00,1.908394151e+02,4.641696252e+02,8.303387247e-01,1.000000000e+00,4,sensor_dropout
1.125361122e+01,1.744281399e+00,-4.935422891e+00,9.335058227e-01,1.721657660e+01,6.426508287e+00,-5.919633354e+00,1.900252923e+00,-5.530510058e+00,7.277414018e-01,9.716338196e+00,6.837431042e+00,1.683393033e+02,3.011813145e+02,7.921449452e-01,1.000000000e+00,4,sensor_dropout
1.034979752e+01,8.877016716e-01,-2.848897214e+00,9.330359208e-01,1.285691548e+01,3.139332849e+00,-6.671845520e+00,1.562970332e+00,-4.191806871e+00,6.177963405e-01,9.920287708e+00,5.551319189e+00,1.548627219e+02,2.016184880e+02,7.074809425e-01,1.000000000e+00,4,sensor_dropout
9.320033530e+00,1.335264734e+00,-4.315159316e+00,9.671757866e-01,1.060315391e+01,5.715904591e+00,-7.558087440e+00,1.286687397e+00,-3.084125422e+00,5.249417772e-01,1.039451555e+01,4.088394628e+00,1.474262071e+02,1.909857638e+02,5.934655159e-01,1.000000000e+00,4,sensor_dropout
-2.821023887e-02,9.962056665e-01,-4.360113262e-01,-5.189253298e-02,2.542109433e+00,1.275609598e+00,-9.847514273e-03,9.394487999e-01,-5.560866477e-01,9.814986009e-02,3.362098901e+00,8.405228658e-01,1.875882569e+00,1.195980858e+01,9.480979389e-02,1.000000000e-02,0,none
6.738431791e-02,9.150579852e-01,-2.803066127e-01,5.583805261e-02,2.574457572e+00,1.131341575e+00,1.741460790e-02,9.841473645e-01,1.623845322e-01,7.615713595e-02,2.466010267e+00,1.060868339e+00,1.810721066e+00,7.307714150e+00,-4.161396176e-02,0.000000000e+00,0,none
2.821407420e-01,9.695092958e-01,5.266126639e-01,1.112255589e-01,3.471049448e+00,1.733619691e+00,3.885421951e-01,1.009257797e+00,1.052808931e-01,1.097152298e-01,3.512770373e+00,1.693566242e+00,2.189118011e+00,1.324277217e+01,4.643089217e-02,4.000000000e-02,5,actuator_loss_of_effectiveness
2.960913498e-01,9.861119750e-01,7.822109670e-01,6.690141838e-02,3.471049448e+00,1.740784763e+00,4.021877374e-01,1.017586038e+00,-1.607533642e-01,1.374380620e-01,3.512770373e+00,1.636254965e+00,2.257323235e+00,1.324277217e+01,8.640596242e-02,4.000000000e-02,5,actuator_loss_of_effectiveness
3.158610986e-01,1.000483251e+00,4.210995687e-01,-3.621603193e-02,3.471049448e+00,1.837544562e+00,3.621155813e-01,1.036284832e+00,-4.857160663e-01,1.437279196e-01,3.512770373e+00,1.804558021e+00,2.305748916e+00,1.324277217e+01,1.266244803e-01,4.000000000e-02,5,actuator_loss_of_effectiveness
3.808414377e-01,9.966862846e-01,-9.041217522e-01,-6.373076801e-02,3.471049448e+00,1.402176290e+00,5.426214150e-02,1.074968942e+00,-1.724239434e+00,3.205887229e-01,3.008381465e+00,2.358233801e+00,2.296926358e+00,1.256487236e+01,2.890432167e-01,4.000000000e-02,5,actuator_loss_of_effectiveness
5.736998047e-02,1.089230832e+00,2.348461655e-01,-1.207940077e-01,3.430912147e+00,1.251706253e+00,1.905677021e-02,1.091166052e+00,1.588363421e-01,-1.240972975e-01,3.059700912e+00,1.068603651e+00,2.380721634e+00,1.299786124e+01,1.831380767e-01,4.000000000e-02,0,none
-3.211548131e-02,9.277499791e-01,-7.132957166e-02,3.813353346e-03,2.307124250e+00,1.221018340e+00,-5.001377414e-02,9.303948451e-01,-9.009257508e-01,9.995191517e-02,2.470457314e+00,1.341220771e+00,1.729887373e+00,7.212232283e+00,-3.862797245e-02,0.000000000e+00,0,none
3.124785428e-01,1.106494757e+00,1.751119263e+00,9.083293347e-02,3.311720292e+00,2.253343293e+00,8.888017078e-01,1.443383439e+00,3.612165332e+00,5.800326452e-01,5.041600588e+00,4.788519059e+00,4.195297716e+00,2.698019897e+01,3.245850504e-01,1.100000000e-01,6,actuator_stuck
5.182967703e-01,1.169249476e+00,2.256645002e+00,1.917650920e-01,3.311720292e+00,2.980458409e+00,1.298535025e+00,1.671452684e+00,4.587018378e+00,6.279970513e-01,5.618895033e+00,5.922551108e+00,6.115723168e+00,4.179103895e+01,4.558176411e-01,2.000000000e-01,6,actuator_stuck
9.832074482e-01,1.385800790e+00,3.298068637e+00,4.215497085e-01,5.431557088e+00,4.208556054e+00,2.071160525e+00,1.936013769e+00,5.653189463e+00,7.006843332e-01,7.204883678e+00,7.219480264e+00,1.092499595e+01,8.141216122e+01,6.124620414e-01,3.500000000e-01,6,actuator_stuck
2.122474487e+00,1.872453978e+00,5.475198140e+00,7.073815925e-01,7.088624409e+00,7.283995323e+00,3.838705872e+00,2.666934809e+00,8.558401395e+00,8.408948812e-01,1.029822077e+01,1.073845356e+01,2.985918589e+01,1.324600640e+02,8.049366106e-01,5.900000000e-01,6,actuator_stuck
9.886779663e-03,9.313152036e-01,-2.447468017e-01,8.236278811e-02,2.458299797e+00,8.355188035e-01,4.057988834e-02,1.144950086e+00,-4.894166645e-01,8.875305209e-02,3.312231481e+00,1.550911548e+00,2.180003183e+00,1.269919805e+01,1.932369347e-01,3.000000000e-02,0,none
9.144536602e-02,1.012988169e+00,-4.338768450e-01,1.265882419e-01,2.585766042e+00,1.015933516e+00,-1.363374706e-01,1.004717753e+00,-2.095745956e-01,2.088689197e-02,2.616004059e+00,8.007894550e-01,2.062552953e+00,9.686544830e+00,8.520593142e-03,1.000000000e-02,0,none
1.900070638e-02,9.632537554e-01,2.974194118e-02,-7.817783439e-02,2.250028705e+00,9.433851092e-01,-4.630120237e-03,9.209077990e-01,5.152968414e-01,1.484548902e-01,2.469618207e+00,1.408645545e+00,1.776311436e+00,6.482326060e+00,-3.354628237e-03,0.000000000e+00,7,actuator_runaway
3.069429279e-02,9.319664851e-01,2.933307718e-01,-1.076262001e-01,2.250028705e+00,9.246753710e-01,8.747081713e-03,9.226864451e-01,8.139862252e-01,1.432384522e-01,2.469618207e+00,1.261274903e+00,1.720930456e+00,6.482326060e+00,4.506220794e-02,0.000000000e+00,7,actuator_runaway
7.342765630e-02,9.763828493e-01,2.089719412e-01,-8.076187341e-02,2.767764259e+00,8.948998555e-01,1.142653690e-01,9.172243456e-01,6.104191915e-01,7.863639991e-02,2.469618207e+00,9.909138474e-01,1.813072164e+00,8.168629790e+00,-5.467904130e-02,0.000000000e+00,7,actuator_runaway
1.952320324e-01,9.781663294e-01,2.580846800e-01,1.743481977e-02,2.767764259e+00,1.296854297e+00,1.905054546e-01,9.824443904e-01,3.410125587e-01,-2.299432849e-02,2.579401095e+00,8.142859505e-01,1.996414223e+00,8.587484361e+00,4.128031735e-02,0.000000000e+00,7,actuator_runaway
-7.972914761e-02,9.838304902e-01,2.699970863e-01,2.135174486e-02,2.524822971e+00,1.433865168e+00,9.137031479e-02,1.002316409e+00,2.705234572e-01,-9.506310411e-02,2.925445417e+00,1.087459874e+00,1.987265889e+00,9.031171042e+00,-8.267290453e-05,0.000000000e+00,0,none
-5.586556513e-03,1.065919066e+00,-2.521424270e-01,1.366623167e-01,3.705482059e+00,1.644706588e+00,-1.549723378e-01,9.670193958e-01,8.411900047e-03,7.472686869e-03,2.475864588e+00,1.031795656e+00,2.095357602e+00,1.498582882e+01,-1.678679255e-01,1.000000000e-02,0,none
2.125816378e-01,1.011383376e+00,3.906868494e-01,-5.946249482e-02,2.859373183e+00,8.734762654e-01,-1.488088894e-02,9.859765032e-01,-1.912194372e-01,8.844969703e-02,2.652829245e+00,1.345752054e+00,2.040458391e+00,9.593362099e+00,-1.540597679e-01,2.000000000e-02,0,none
2.088584015e-01,1.059520138e+00,3.681449913e-01,-1.027356178e-01,2.859373183e+00,1.004289791e+00,1.010236813e-02,9.829058526e-01,-5.768772664e-01,3.809807987e-02,2.652829245e+00,1.286010270e+00,2.132410727e+00,9.593362099e+00,-1.736705367e-01,2.000000000e-02,0,none
1.240153420e-01,1.159465401e+00,-5.055595217e-01,3.015544220e-02,2.859373183e+00,1.632128431e+00,-8.617060813e-02,9.815147565e-01,-4.271063035e-01,-1.832063859e-02,2.652829245e+00,1.104340885e+00,2.330536411e+00,9.593362099e+00,-6.611778181e-02,2.000000000e-02,0,none
-2.633160551e-03,1.132570436e+00,-7.257677827e-01,-1.593226155e-02,2.905480994e+00,1.773593496e+00,-1.550052712e-01,9.239850650e-01,5.588048170e-02,-5.882588931e-02,2.652829245e+00,1.010967209e+00,2.160497760e+00,1.045574341e+01,3.971728733e-02,2.000000000e-02,0,none
-4.484997138e-02,9.954036608e-01,3.198748486e-01,5.023267624e-02,2.476382301e+00,1.005521671e+00,-1.784278823e-01,8.693241767e-01,-2.405194519e-01,-7.676874578e-04,2.149948147e+00,8.949371392e-01,1.780401001e+00,6.640497557e+00,-4.640437879e-02,0.000000000e+00,0,none
1.221321708e-01,9.593509066e-01,-2.300582869e-01,1.469518358e-01,2.898166069e+00,1.193554838e+00,-1.359238703e-01,8.621327741e-01,-1.005484070e-01,9.644148618e-02,2.777000560e+00,1.271764752e+00,1.697018648e+00,9.617594249e+00,1.360067582e-02,1.000000000e-02,0,none
6.376483129e-01,1.022396218e+00,8.304167863e-01,-1.447083253e-01,2.706092069e+00,1.548660499e+00,-1.349043775e+00,1.046855081e+00,7.861167354e-01,-2.959193580e-02,4.570069442e+00,2.096158885e+00,4.367714065e+00,2.140800591e+01,-1.107891830e-01,1.100000000e-01,1,sensor_bias
7.399774326e-01,9.977680296e-01,9.716607450e-01,-1.014144771e-01,2.964914476e+00,1.345792877e+00,-1.259812940e+00,1.058198169e+00,5.110045468e-01,-3.088070951e-02,4.570069442e+00,1.829614869e+00,4.250019650e+00,2.140800591e+01,-1.632774817e-01,1.100000000e-01,1,sensor_bias
9.015207646e-01,9.699310129e-01,7.745662286e-01,-8.930046444e-02,2.964914476e+00,1.302624125e+00,-1.206306678e+00,1.056122758e+00,-6.848814407e-02,-6.762254227e-02,4.570069442e+00,1.685147962e+00,4.324076940e+00,2.140800591e+01,-1.696289974e-01,1.200000000e-01,1,sensor_bias
1.035989268e+00,9.930484009e-01,5.498418250e-01,-1.080323479e-01,3.377746141e+00,1.243855560e+00,-1.157369958e+00,1.103269628e+00,-2.003352943e-01,-6.390926209e-02,4.570069442e+00,1.556714839e+00,4.616127982e+00,2.140800591e+01,-2.175782393e-01,1.300000000e-01,1,sensor_bias
-3.584846208e-02,9.910127410e-01,-2.990830533e-02,-2.178198166e-01,2.532102190e+00,7.826135768e-01,-3.959570101e-02,1.020219412e+00,-1.696791512e-01,-1.990317026e-01,3.387703242e+00,8.697080178e-01,2.025806834e+00,1.300706094e+01,-2.869148932e-02,1.000000000e-02,0,none
-1.128500615e-01,9.548682425e-01,2.468427975e-01,-3.115661040e-02,2.729179188e+00,1.433845816e+00,4.862053928e-03,9.204453780e-01,3.776196091e-01,8.756046235e-03,2.493762331e+00,1.019688128e+00,1.771751830e+00,7.485787828e+00,1.047228428e-01,0.000000000e+00,0,none
3.221990613e-01,1.052307649e+00,6.185794825e-02,-4.598247835e-02,3.160640952e+00,8.325113292e-01,-4.674227151e-01,1.084893430e+00,-1.334815252e+00,7.270585055e-02,3.485930762e+00,1.931840493e+00,2.606641372e+00,1.215788906e+01,-1.656939369e-02,3.000000000e-02,2,sensor_drift
3.408105299e-01,1.106829093e+00,1.988020883e-01,-3.161956640e-02,3.160640952e+00,9.534858752e-01,-5.834704051e-01,1.057845341e+00,-1.141571857e+00,3.224393140e-02,3.485930762e+00,2.051779904e+00,2.800696938e+00,1.215788906e+01,5.184359558e-03,4.000000000e-02,2,sensor_drift
3.064738809e-01,1.071400649e+00,-5.223798620e-02,-5.685378438e-02,3.160640952e+00,8.599634320e-01,-6.173061761e-01,1.062507687e+00,-7.634198052e-01,-2.160192465e-02,3.485930762e+00,2.038668564e+00,2.751815090e+00,1.215788906e+01,-1.765224731e-02,3.000000000e-02,2,sensor_drift
3.636534450e-01,9.646399124e-01,3.216458629e-01,6.838541662e-02,3.043080471e+00,8.317333757e-01,-8.259316371e-01,9.607042424e-01,-7.383408805e-01,2.516219326e-02,3.485930762e+00,1.649902935e+00,2.667889699e+00,1.215788906e+01,-8.918244999e-02,2.000000000e-02,2,sensor_drift
1.454589795e-02,1.152783932e+00,2.284314436e-01,-1.395761350e-02,2.730191145e+00,9.480668599e-01,-1.122089476e-01,1.034767484e+00,1.083131205e-01,8.360973900e-03,2.570880026e+00,9.891195259e-01,2.412456971e+00,1.177408223e+01,-1.396328271e-02,2.000000000e-02,0,none
2.474104647e-02,1.084605077e+00,2.342919299e-01,5.076599001e-03,2.744437197e+00,1.037827774e+00,-1.140976388e-01,1.049884155e+00,5.458128499e-01,1.175228440e-02,2.595942899e+00,1.487814124e+00,2.292255302e+00,9.107459190e+00,-6.163707544e-02,0.000000000e+00,0,none
-6.561092654e+00,3.074703788e+00,-1.051105006e+01,9.631291569e-01,1.104638056e+01,1.289281133e+01,2.013275885e+00,1.770275052e+00,5.172057060e+00,7.559135738e-01,5.442317477e+00,7.308868957e+00,5.968889375e+01,1.404787993e+02,-7.978017458e-01,8.500000000e-01,3,sensor_stuck
-7.621464746e+00,2.694319916e+00,-9.276674047e+00,9.666878182e-01,1.163820702e+01,1.153010366e+01,2.444702508e+00,1.878120896e+00,5.852593054e+00,7.970713912e-01,6.413673617e+00,7.824956368e+00,7.484999314e+01,1.728379182e+02,-8.914544792e-01,9.500000000e-01,3,sensor_stuck
-8.951574376e+00,2.357749550e+00,-8.133661336e+00,9.696055184e-01,1.245573671e+01,1.026069546e+01,3.404145636e+00,1.960145635e+00,6.152804092e+00,8.146278643e-01,7.740392630e+00,7.879925906e+00,1.011200452e+02,2.055099331e+02,-8.978082028e-01,1.000000000e+00,3,sensor_stuck
-1.074193250e+01,1.887858553e+00,-6.454647610e+00,9.708207243e-01,1.323848900e+01,8.180657983e+00,4.973431027e+00,1.988988050e+00,6.135396763e+00,7.858890711e-01,9.130636671e+00,7.885855652e+00,1.476442133e+02,2.544122342e+02,-8.730114955e-01,1.000000000e+00,3,sensor_stuck
-8.210684141e-02,8.165286666e-01,-1.601053377e-01,-1.595801931e-02,2.620326333e+00,7.590689010e-01,1.004623766e-01,9.699425929e-01,1.538250652e-01,-2.011265161e-02,3.440295435e+00,8.906520842e-01,1.624341919e+00,1.184463034e+01,9.510858878e-02,1.000000000e-02,0,none
8.564412605e-02,9.717290687e-01,-1.314981087e-01,1.512227268e-01,2.244072228e+00,1.656905889e+00,-7.493245088e-02,9.027090163e-01,1.298652097e-01,1.166286242e-01,2.389927425e+00,1.293721350e+00,1.772090740e+00,6.392633019e+00,-8.594206731e-02,0.000000000e+00,0,none
-1.228485765e+01,3.150111172e+00,8.885425576e+00,9.458175187e-01,2.216537063e+01,1.217656434e+01,5.468819256e+00,2.334751394e+00,7.021953884e+00,7.684242442e-01,9.297150257e+00,8.923408384e+00,1.961999760e+02,4.913089103e+02,8.409508591e-01,1.000000000e+00,4,sensor_dropout
-1.123617095e+01,1.859038580e+00,5.245639238e+00,9.334333674e-01,1.757497125e+01,6.840675456e+00,6.129255215e+00,1.963834170e+00,5.646662735e+00,6.769561096e-01,1.028726183e+01,7.555019100e+00,1.711319762e+02,3.110768998e+02,7.891334844e-01,1.000000000e+00,4,sensor_dropout
-1.027483650e+01,9.403630016e-01,3.003857719e+00,9.340370920e-01,1.293145329e+01,3.305448349e+00,6.985729458e+00,1.626945346e+00,4.366455102e+00,6.058670819e-01,1.041700345e+01,5.776862724e+00,1.579039149e+02,1.969308603e+02,6.994523385e-01,1.000000000e+00,4,sensor_dropout
-9.193283555e+00,1.395802080e+00,4.491975926e+00,9.666039669e-01,1.052586892e+01,5.962506389e+00,7.785892558e+00,1.277818219e+00,2.479510295e+00,3.726034911e-01,1.041700345e+01,3.368545428e+00,1.487176683e+02,1.929523268e+02,4.197955566e-01,1.000000000e+00,4,sensor_dropout
4.444291127e-02,9.490218990e-01,3.870000705e-01,6.226606688e-02,3.470897372e+00,1.077626860e+00,2.848999901e-02,1.041181948e+00,4.486889969e-01,2.312956537e-02,3.144905606e+00,1.361687055e+00,1.987489266e+00,1.205792585e+01,5.616593070e-02,3.000000000e-02,0,none
-2.288989427e-02,9.406833209e-01,-1.008738375e-01,-1.556309858e-01,2.843663246e+00,7.504189636e-01,-1.643792739e-01,9.312924898e-01,4.164922787e-01,1.256408661e-01,2.957810138e+00,1.013110235e+00,1.779735305e+00,1.277064014e+01,-8.522918708e-02,1.000000000e-02,0,none
-6.201342985e-02,9.428993767e-01,-1.204871024e-01,1.396628984e-03,3.197008057e+00,1.056659224e+00,2.754287513e-01,1.023754436e+00,1.227898097e+00,4.163576585e-02,2.989651601e+00,1.634535995e+00,2.016839042e+00,1.171878575e+01,1.199294927e-01,2.000000000e-02,5,actuator_loss_of_effectiveness
-3.246139776e-02,8.498754193e-01,4.883939015e-01,7.213919262e-02,2.363628552e+00,1.245792229e+00,3.396254905e-01,9.997108619e-01,1.056959754e+00,6.617997282e-02,2.989651601e+00,1.474466200e+00,1.838109252e+00,9.592096713e+00,1.043026949e-01,1.000000000e-02,5,actuator_loss_of_effectiveness
5.066447270e-02,9.240778834e-01,1.152253662e+00,1.310942275e-01,2.641524919e+00,1.720475948e+00,5.091591532e-01,9.512923355e-01,9.522118350e-01,1.080734363e-01,2.565028905e+00,1.402607309e+00,2.020686974e+00,1.201796101e+01,1.562381068e-01,1.000000000e-02,5,actuator_loss_of_effectiveness
3.605820572e-01,8.919933799e-01,1.474452286e+00,3.119124018e-01,2.641524919e+00,2.166587909e+00,7.237962766e-01,9.731916180e-01,8.380023663e-01,5.209294552e-02,2.779867918e+00,1.343029843e+00,2.396654585e+00,1.201796101e+01,8.621361090e-02,2.000000000e-02,5,actuator_loss_of_effectiveness
7.189801427e-02,9.570238551e-01,2.463557745e-02,-3.130806087e-02,2.493005155e+00,1.667549615e+00,1.370721438e-01,1.043296696e+00,1.135814312e-01,-6.635925962e-02,3.371667082e+00,1.288584990e+00,2.028320753e+00,1.288731207e+01,-1.097484248e-01,2.000000000e-02,0,none
4.230678690e-02,1.044002635e+00,4.422596228e-02,6.847420356e-02,2.663413314e+00,1.091994477e+00,9.757280320e-02,8.416671666e-01,-4.612415243e-01,-1.078438704e-01,2.287089772e+00,1.267922639e+00,1.809655437e+00,9.253425136e+00,1.575211049e-01,1.000000000e-02,0,none
-2.557328588e-01,9.943674120e-01,-6.383435999e-01,1.377902866e-01,2.712627354e+00,1.607320386e+00,-6.991981739e-01,1.235661175e+00,-2.724340989e+00,4.850628057e-01,3.592054427e+00,3.655755428e+00,3.069902471e+00,2.026120217e+01,3.051485246e-01,5.000000000e-02,6,actuator_stuck
-3.544448397e-01,1.073520956e+00,-1.343751577e+00,2.325361638e-01,3.319037013e+00,1.974738411e+00,-1.011723963e+00,1.316076514e+00,-3.121493101e+00,5.444275941e-01,3.888577700e+00,3.983438688e+00,4.033721152e+00,2.026120217e+01,4.046871318e-01,1.100000000e-01,6,actuator_stuck
-6.227561957e-01,1.160115952e+00,-2.025111616e+00,3.592697707e-01,3.547317942e+00,2.918840703e+00,-1.540815735e+00,1.415212937e+00,-3.497606400e+00,5.852003836e-01,4.464423563e+00,4.607017747e+00,6.110635089e+00,2.779142193e+01,4.814061985e-01,2.300000000e-01,6,actuator_stuck
-1.328497266e+00,1.318103647e+00,-3.090813152e+00,5.453667429e-01,4.335334440e+00,4.325186409e+00,-2.522207252e+00,1.597886428e+00,-4.531138863e+00,6.708665909e-01,6.031755084e+00,5.915861838e+00,1.241707267e+01,5.132232216e+01,6.203375199e-01,4.600000000e-01,6,actuator_stuck
-3.606381976e-02,1.002958234e+00,7.273048578e-02,4.971913901e-02,2.276000004e+00,1.054401732e+00,-3.587425317e-02,8.423748358e-01,3.059568570e-01,1.339133121e-01,2.201760076e+00,9.433327825e-01,1.718108145e+00,7.850948222e+00,-1.949975873e-03,0.000000000e+00,0,none
1.470564267e-03,9.626580208e-01,-4.303335359e-02,-1.832267703e-01,2.911150598e+00,9.470396734e-01,-9.861584667e-02,9.605250598e-01,5.292422089e-01,4.835673833e-02,2.854817054e+00,9.540842274e-01,1.859046103e+00,8.914805945e+00,5.828804512e-03,0.000000000e+00,0,none
-4.684613569e-01,1.077703163e+00,-1.406623107e-02,8.075464955e-02,3.137737617e+00,1.086131806e+00,-4.741018278e-01,1.093838365e+00,-1.046815095e+00,6.754699448e-02,2.870659597e+00,1.916166417e+00,2.802155062e+00,1.148961079e+01,1.295043094e-01,2.000000000e-02,7,actuator_runaway
-4.640117233e-01,1.060706000e+00,-3.826552866e-01,4.340398749e-02,3.137737617e+00,1.079012393e+00,-5.852429761e-01,1.101468411e+00,-1.093008868e+00,6.367057710e-02,2.915150275e+00,1.676150025e+00,2.896146099e+00,1.148961079e+01,1.592814404e-01,2.000000000e-02,7,actuator_runaway
-5.134154443e-01,1.060814320e+00,-4.374946048e-01,-1.112756792e-01,3.137737617e+00,9.943397887e-01,-8.157074348e-01,1.011308856e+00,-8.422006390e-01,1.108591042e-02,2.915150275e+00,1.190881999e+00,3.077046660e+00,1.148961079e+01,1.546917771e-01,3.000000000e-02,7,actuator_runaway
-6.778962855e-01,1.038275755e+00,-9.349371579e-01,-1.067490826e-01,3.137737617e+00,1.508902057e+00,-1.098041285e+00,1.060809941e+00,-1.310017659e+00,1.260896436e-01,4.043929535e+00,1.908914475e+00,3.868572313e+00,1.636167642e+01,9.125498104e-02,8.000000000e-02,7,actuator_runaway
6.633501348e-03,9.203660686e-01,-3.334741641e-01,9.585596272e-03,2.388978645e+00,1.508617390e+00,2.239642012e-02,1.080807013e+00,1.346875136e-01,-3.546267750e-02,2.804094469e+00,1.230088866e+00,2.015763103e+00,1.126512464e+01,-1.656222753e-01,1.000000000e-02,0,none
-1.262844034e-01,1.057338722e+00,-3.211997305e-01,4.475427143e-02,2.915824315e+00,9.765424818e-01,1.084107885e-01,9.557004525e-01,-2.744753326e-01,-9.462874435e-02,2.365129113e+00,1.007728128e+00,2.059029178e+00,1.004205023e+01,6.602505723e-02,1.000000000e-02,0,none
-9.441276721e-03,1.010202902e+00,1.403230537e-01,-2.727108393e-02,2.888906729e+00,1.303450062e+00,-2.136966048e-01,8.476788155e-01,1.899405463e-01,-5.892370408e-02,2.693935062e+00,9.070257712e-01,1.784824655e+00,1.161354853e+01,-1.790658932e-01,2.000000000e-02,0,none
4.239855207e-02,9.975979059e-01,9.090025248e-02,-3.754600808e-02,2.087166120e+00,1.054618884e+00,-1.626722948e-01,8.345969138e-01,2.989426138e-01,-7.274396883e-02,2.693935062e+00,9.502585174e-01,1.720013503e+00,1.161354853e+01,-1.039109565e-01,1.000000000e-02,0,none
1.211947488e-01,9.682766440e-01,9.800087362e-02,1.135659118e-02,2.123847317e+00,1.002898368e+00,-9.746210028e-02,8.726424295e-01,6.739198533e-01,3.285881553e-04,2.693935062e+00,1.012417131e+00,1.723251497e+00,1.161354853e+01,-2.509711761e-02,1.000000000e-02,0,none
4.854712648e-02,9.918693012e-01,-3.400149909e-01,4.526353279e-02,2.355759623e+00,1.028296657e+00,1.776803428e-02,9.077376548e-01,3.614946840e-01,-1.001635033e-01,2.333040017e+00,1.024999334e+00,1.810464887e+00,7.559937903e+00,6.516246564e-02,0.000000000e+00,0,none
-6.196778844e-02,1.041194516e+00,-2.367839426e-01,-8.014161829e-02,3.176592724e+00,1.591313792e+00,2.013760444e-02,1.050923530e+00,-2.079167876e-01,-1.407858819e-01,2.864564676e+00,5.825895630e-01,2.192771816e+00,1.212375755e+01,7.147391084e-02,1.000000000e-02,0,none
1.593362592e-01,9.833916271e-01,8.396418818e-01,5.643025480e-02,2.134959083e+00,1.900167628e+00,1.698385427e-01,1.110554442e+00,-8.446121276e-03,-8.193101089e-03,3.001027075e+00,1.275451403e+00,2.254623435e+00,9.637771912e+00,-1.340555194e-01,1.000000000e-02,0,none
1.802909747e+00,1.332008189e+00,2.894053097e+00,2.959423437e-01,5.130436717e+00,3.743354369e+00,-3.204685595e+00,9.910096298e-01,1.031969748e+00,1.359327905e-01,6.257325538e+00,1.569743518e+00,1.627683922e+01,4.526296165e+01,2.649347713e-01,8.500000000e-01,1,sensor_bias
1.991819633e+00,1.255639588e+00,2.712227240e+00,3.212172315e-01,5.130436717e+00,3.673165070e+00,-3.098872060e+00,9.868905963e-01,1.016068607e+00,1.333936463e-01,5.070824286e+00,1.418193472e+00,1.612093732e+01,3.753500623e+01,1.499606117e-01,8.500000000e-01,1,sensor_bias
2.246241073e+00,1.158600869e+00,2.057064695e+00,2.343177329e-01,5.130436717e+00,3.293192284e+00,-3.003656257e+00,1.043362666e+00,6.996431167e-01,8.067802139e-02,5.070824286e+00,1.263051139e+00,1.649851149e+01,3.753500623e+01,8.007746353e-02,8.600000000e-01,1,sensor_bias
2.628368426e+00,1.059227964e+00,9.854367782e-01,-2.606988826e-02,5.130436717e+00,1.957702234e+00,-2.969579137e+00,1.074867101e+00,1.227560558e-01,-8.123566897e-02,5.996288472e+00,1.143781217e+00,1.800402400e+01,4.000685732e+01,1.120287020e-01,9.100000000e-01,1,sensor_bias
-1.323186389e-01,1.017144113e+00,4.618123443e-02,2.855335646e-02,2.858373121e+00,1.521309039e+00,-5.303584015e-03,1.102803051e+00,1.130702770e-01,2.980319572e-02,2.743733038e+00,7.810828048e-01,2.268293066e+00,8.376989871e+00,-1.087163204e-01,0.000000000e+00,0,none
-4.204791497e-03,1.002576255e+00,-4.292973340e-01,9.511843998e-03,3.246743369e+00,1.295240934e+00,-3.253700877e-02,9.649533638e-01,-1.844539088e-01,-1.014965066e-01,2.636376969e+00,1.148897617e+00,1.937370479e+00,1.073263870e+01,5.632834554e-02,1.000000000e-02,0,none
1.152773150e-01,9.954304169e-01,-2.475694255e-03,-1.052966579e-01,2.529065189e+00,8.365385333e-01,-3.884875349e-01,8.810747728e-01,-1.763577939e-01,-2.660829259e-01,2.804703387e+00,8.277252317e-01,1.931385894e+00,1.123080747e+01,1.484351513e-01,1.000000000e-02,2,sensor_drift
1.519860858e-01,9.578926274e-01,2.403294853e-01,-7.931039182e-02,2.529065189e+00,7.924317420e-01,-4.683372101e-01,8.908067119e-01,-4.469076793e-01,-1.336454848e-01,2.804703387e+00,1.171078835e+00,1.953534396e+00,1.123080747e+01,1.253686576e-01,1.000000000e-02,2,sensor_drift
2.753284074e-01,9.864049407e-01,5.951806974e-01,-1.192835185e-02,2.529065189e+00,1.464693433e+00,-5.678871117e-01,9.813410298e-01,-9.063222861e-01,-6.152431854e-03,2.804703387e+00,1.599143412e+00,2.334326427e+00,1.123080747e+01,2.133604444e-02,2.000000000e-02,2,sensor_drift
3.532353283e-01,9.057203031e-01,9.222366180e-01,8.697635882e-02,2.289205343e+00,1.719925747e+00,-7.502566900e-01,9.715911180e-01,-1.262632266e+00,2.698481076e-02,3.303124911e+00,1.952148676e+00,2.451978866e+00,1.278659586e+01,-7.507334523e-02,2.000000000e-02,2,sensor_drift
-8.536718058e-02,9.652637678e-01,-2.733861244e-01,4.850198862e-02,2.605553625e+00,9.073312110e-01,-2.485810622e-02,9.577999279e-01,1.583560902e-01,-1.322362006e-01,2.749244765e+00,8.990188840e-01,1.857020324e+00,7.853607447e+00,-1.555845165e-01,0.000000000e+00,0,none
-1.542770164e-01,1.001512296e+00,-3.187725493e-01,-4.573942831e-02,3.138299711e+00,1.650653489e+00,5.096028150e-02,9.108595707e-01,2.859940772e-02,-1.569738338e-02,2.622258063e+00,8.885796149e-01,1.859090384e+00,1.090359233e+01,-4.827585862e-02,1.000000000e-02,0,none
-4.991933926e-01,1.221235752e+00,-1.579934349e+00,2.095773639e-01,3.372598373e+00,2.722200086e+00,1.739502098e+00,1.755913477e+00,6.058228262e+00,9.695610160e-01,5.010080264e+00,7.587379890e+00,7.849710492e+00,3.391804704e+01,-4.055363086e-01,3.100000000e-01,3,sensor_stuck
-7.284092441e-01,1.332024332e+00,-2.425326620e+00,3.529236636e-01,4.147534697e+00,4.052539853e+00,2.356084143e+00,1.843827221e+00,6.366159574e+00,9.711407465e-01,5.701515147e+00,8.032743201e+00,1.125570015e+01,4.680225256e+01,-5.550641737e-01,4.000000000e-01,3,sensor_stuck
-1.069552203e+00,1.411405515e+00,-3.227675957e+00,4.580784998e-01,4.285764359e+00,4.693560958e+00,3.301938561e+00,1.938893143e+00,6.709164669e+00,9.725469963e-01,6.587576089e+00,8.520628581e+00,1.779811232e+01,5.546628539e+01,-6.732162424e-01,5.500000000e-01,3,sensor_stuck
-2.002634348e+00,1.676640526e+00,-4.667412826e+00,6.410001042e-01,5.877301245e+00,5.936739273e+00,4.919633080e+00,1.919536140e+00,6.639987443e+00,9.717525901e-01,7.936817988e+00,8.361057419e+00,3.470907642e+01,9.250797350e+01,-8.032663474e-01,8.000000000e-01,3,sensor_stuck
-1.180741036e-01,1.095179888e+00,-2.520429657e-01,2.778460067e-02,3.324602955e+00,1.134160512e+00,-5.081260479e-02,1.007777258e+00,-1.602263129e-01,-1.071217520e-01,2.956638910e+00,1.270891509e+00,2.231557403e+00,1.170143404e+01,-1.146568541e-01,2.000000000e-02,0,none
-4.138784158e-02,9.214763736e-01,1.608272523e-01,5.760290009e-02,2.630781566e+00,8.655462818e-01,8.726208048e-02,9.227906669e-01,1.412102229e-02,-1.106051455e-02,2.365256657e+00,1.300876031e+00,1.709988946e+00,6.948083037e+00,-6.625606388e-02,0.000000000e+00,0,none
1.804759758e+00,1.267554658e+00,2.342436389e+00,3.208963649e-01,4.513977711e+00,3.603729406e+00,-2.798855711e+00,1.662441855e+00,5.684207133e+00,9.659083848e-01,5.398833445e+00,7.125001067e+00,1.546115880e+01,3.518125838e+01,4.682078302e-01,7.700000000e-01,4,sensor_dropout
1.997103713e+00,1.061183180e+00,9.152541459e-01,9.598439527e-02,4.513977711e+00,2.391962491e+00,-2.182433082e+00,1.843327982e+00,6.300979815e+00,9.698669969e-01,4.729681486e+00,7.988468715e+00,1.327540519e+01,3.518125838e+01,1.789064516e-01,6.700000000e-01,4,sensor_dropout
1.999386075e+00,1.033888597e+00,-8.970794714e-01,1.132597487e-01,4.513977711e+00,2.377583608e+00,-1.184654782e+00,2.120985406e+00,7.295147758e+00,9.722146949e-01,4.152206966e+00,9.273370385e+00,1.096845635e+01,3.518125838e+01,-3.013962307e-01,5.300000000e-01,4,sensor_dropout
1.520257065e+00,1.293373509e+00,-3.291900701e+00,5.797694650e-01,4.513977711e+00,4.483276854e+00,6.729378870e-01,2.353199870e+00,8.146011224e+00,9.728850734e-01,4.560343033e+00,1.033591206e+01,9.974391610e+00,2.675405264e+01,-7.404417823e-01,5.100000000e-01,4,sensor_dropout
-2.407826578e-02,8.577580104e-01,-1.339693897e-01,-9.349624760e-02,3.093620735e+00,1.084616419e+00,-2.617830677e-02,9.546476505e-01,2.695009613e-01,-4.821354544e-02,2.656600154e+00,1.048519129e+00,1.648366008e+00,1.022066553e+01,-1.934853635e-01,2.000000000e-02,0,none
1.073907368e-01,8.580810726e-01,2.168521655e-01,-6.158285033e-02,2.701993330e+00,9.027335639e-01,1.583588815e-01,9.250215910e-01,2.569409515e-02,1.568959368e-01,2.765388899e+00,1.398389040e+00,1.628578377e+00,7.808308557e+00,7.700026493e-02,0.000000000e+00,0,none
-2.423136924e-01,1.035741231e+00,-8.610830647e-01,-1.560320610e-02,3.132594111e+00,1.417549919e+00,-4.893605805e-01,1.028987626e+00,-1.113363706e+00,-1.313035681e-02,2.940977624e+00,1.994928736e+00,2.429765134e+00,1.035750857e+01,5.011274237e-02,1.000000000e-02,5,actuator_loss_of_effectiveness
-2.985672737e-01,1.026858508e+00,-8.002250780e-01,4.471997979e-02,3.132594111e+00,1.441255277e+00,-5.171928178e-01,1.012137084e+00,-6.811543198e-01,-1.034122122e-02,2.940977624e+00,1.825152088e+00,2.435490701e+00,1.035750857e+01,1.610953705e-02,1.000000000e-02,5,actuator_loss_of_effectiveness
-4.658211564e-01,1.000946059e+00,-9.276337495e-01,7.137707856e-02,3.132594111e+00,1.399918351e+00,-6.458188841e-01,9.159045727e-01,-4.950196715e-03,-9.053348331e-02,2.940977624e+00,1.040533084e+00,2.474845581e+00,1.035750857e+01,-1.424289555e-02,1.000000000e-02,5,actuator_loss_of_effectiveness
-5.714701453e-01,9.204754060e-01,-2.187167824e-01,1.083926739e-01,2.617409992e+00,1.501377149e+00,-7.404841146e-01,9.013072722e-01,3.131260020e-03,-4.355466672e-02,2.975567538e+00,1.337214292e+00,2.534524623e+00,1.045753953e+01,6.191803959e-03,2.000000000e-02,5,actuator_loss_of_effectiveness
1.141311242e-02,9.166363313e-01,1.715295578e-02,-7.448561033e-03,2.660365260e+00,8.447796250e-01,1.972458433e-02,9.201070576e-01,3.728557625e-02,6.820554026e-02,2.695242465e+00,9.512144693e-01,1.687338480e+00,7.894720721e+00,-1.206304575e-01,0.000000000e+00,0,none
-1.998099167e-01,1.014742397e+00,-1.292511755e-01,2.606423700e-01,2.842479323e+00,1.660992467e+00,2.245600269e-02,1.034060136e+00,1.902161060e-01,-2.733061827e-02,2.982691464e+00,1.252856504e+00,2.139410773e+00,1.098526276e+01,-9.864876456e-03,2.000000000e-02,0,none
-6.748695616e-01,1.204782138e+00,-2.744883652e+00,4.438420019e-01,3.629207967e+00,3.964341412e+00,-1.540751339e+00,1.556386682e+00,-3.759953756e+00,5.267608430e-01,5.500153384e+00,5.046070005e+00,6.703203116e+00,4.342283772e+01,5.291274126e-01,2.700000000e-01,6,actuator_stuck
-9.915799623e-01,1.382968072e+00,-3.688214618e+00,5.573283619e-01,4.952414575e+00,5.011452300e+00,-2.014698160e+00,1.715854240e+00,-4.584815297e+00,6.287446703e-01,5.755526238e+00,6.250789277e+00,9.898995957e+00,5.087257988e+01,6.546534217e-01,3.600000000e-01,6,actuator_stuck
-1.572408755e+00,1.570505887e+00,-4.531617596e+00,6.340897264e-01,5.175873269e+00,5.794829370e+00,-2.821675119e+00,2.074631111e+00,-6.120260241e+00,7.618657654e-01,7.977362735e+00,8.185101827e+00,1.720490276e+01,9.042798031e+01,7.340381646e-01,5.000000000e-01,6,actuator_stuck
-3.004070235e+00,2.130636673e+00,-6.521754923e+00,7.673609530e-01,7.461893187e+00,8.149892412e+00,-4.730806804e+00,2.899704701e+00,-9.322567699e+00,8.417633502e-01,1.216832176e+01,1.172175274e+01,4.435287098e+01,2.010855341e+02,8.410155203e-01,7.400000000e-01,6,actuator_stuck
-7.991711790e-02,1.004246613e+00,4.525314289e-01,1.051561483e-01,2.829653742e+00,1.258123964e+00,-7.455928647e-02,1.063008168e+00,1.149903274e-01,6.070515469e-02,3.065183795e+00,1.223948339e+00,2.150443457e+00,1.070587680e+01,1.436112930e-01,2.000000000e-02,0,none
1.839906132e-01,9.375593534e-01,-1.014178686e-01,-3.556755742e-02,2.945973270e+00,8.979697501e-01,6.559634440e-02,9.436505980e-01,-1.567928022e-01,-1.220482466e-01,2.645997711e+00,8.964085874e-01,1.807649418e+00,8.679875669e+00,1.941681319e-02,0.000000000e+00,0,none
-1.814656314e-01,9.336162745e-01,-4.893851621e-01,1.161112449e-03,2.475632913e+00,8.511007575e-01,-1.189802881e-01,1.022649060e+00,-7.363132544e-01,-4.763723443e-02,3.190036609e+00,1.460515348e+00,1.964536533e+00,1.462540812e+01,1.338461601e-01,1.000000000e-02,7,actuator_runaway
-2.409120086e-01,9.467299343e-01,-2.735012682e-01,-3.634316946e-02,2.475632913e+00,9.723620384e-01,-1.978811714e-01,1.002059774e+00,-9.194681111e-01,6.097832407e-03,2.692830645e+00,1.801482730e+00,1.997616914e+00,7.561524597e+00,5.946142943e-02,0.000000000e+00,7,actuator_runaway
-2.701709802e-01,9.264542233e-01,-4.849756135e-01,-5.599032111e-02,2.475632913e+00,9.735339982e-01,-2.995672337e-01,9.600440506e-01,-1.240514924e+00,-6.062841710e-03,2.692830645e+00,1.809087495e+00,1.942734893e+00,7.561524597e+00,1.603860382e-01,0.000000000e+00,7,actuator_runaway
-3.500837577e-01,9.583464998e-01,-3.306622440e-01,-1.580880583e-01,2.529700160e+00,7.776737320e-01,-5.794654156e-01,8.948811095e-01,-6.501857166e-01,1.758207821e-02,3.026156889e+00,1.188708748e+00,2.177579019e+00,9.331653597e+00,1.182865935e-01,1.000000000e-02,7,actuator_runaway
7.045126636e-02,1.032002740e+00,-4.738746936e-01,1.002973494e-02,2.578915934e+00,9.903037879e-01,7.130628596e-03,9.573627588e-01,-5.891765789e-02,-3.742163644e-03,2.451155553e+00,9.260586750e-01,1.986587334e+00,9.630623336e+00,-2.415146577e-02,1.000000000e-02,0,none
-9.987452024e-02,1.079960262e+00,-1.391017521e-01,4.216393160e-02,3.596577169e+00,1.334873483e+00,2.912880116e-02,9.824134240e-01,1.274440645e-01,1.121442345e-01,2.817306493e+00,9.422870114e-01,2.142273710e+00,1.343201154e+01,-5.648234071e-02,2.000000000e-02,0,none
3.540066996e-02,9.427696300e-01,2.809658688e-01,-2.109387596e-03,2.239284680e+00,9.257930083e-01,-6.279953748e-02,9.985761816e-01,-2.491305464e-01,-6.700610616e-02,2.734120312e+00,1.145217164e+00,1.891165955e+00,7.928563622e+00,-1.785470405e-01,0.000000000e+00,0,none
7.090117100e-02,9.141788057e-01,4.915376015e-01,-9.801137043e-02,2.239284680e+00,1.159814710e+00,-7.386287180e-02,1.037042097e+00,-7.429338310e-01,-9.101112577e-02,2.818152581e+00,1.200533836e+00,1.921661900e+00,8.760464481e+00,-8.814724020e-02,0.000000000e+00,0,none
1.318969622e-01,8.967275585e-01,6.540989378e-01,-2.172285435e-02,2.239284680e+00,1.182500264e+00,-1.313699669e-01,1.103581724e+00,-4.369105493e-01,-7.662729808e-02,2.818152581e+00,1.444849472e+00,2.056667813e+00,8.760464481e+00,-6.259109706e-02,0.000000000e+00,0,none
1.978215497e-01,9.140305198e-01,2.306863161e-01,5.680700739e-02,2.239284680e+00,1.057354214e+00,-2.465178227e-01,1.077326339e+00,-2.501009085e-01,-1.069971296e-01,2.818152581e+00,1.283220623e+00,2.095988234e+00,9.933979350e+00,-7.410846152e-03,1.000000000e-02,0,none
5.878410956e-02,8.892796059e-01,1.385559502e-01,1.654565662e-02,2.174595996e+00,9.983030155e-01,1.270952090e-01,9.612182753e-01,3.271261976e-01,-1.215833165e-01,2.769854261e+00,1.263062348e+00,1.734367554e+00,8.450485093e+00,-4.538172335e-02,0.000000000e+00,0,none
-1.351240917e-01,8.973922891e-01,2.166026586e-01,-3.743549233e-02,2.587476554e+00,1.062495723e+00,1.236802786e-01,9.196012628e-01,5.512174529e-02,-9.027353413e-02,2.499535326e+00,1.147592453e+00,1.684534734e+00,8.347181697e+00,-3.137100470e-02,0.000000000e+00,0,none
-7.966733213e-01,1.006533047e+00,-1.195429125e+00,1.708356396e-01,3.410601040e+00,2.032676964e+00,1.841187856e+00,9.622447045e-01,-5.163926735e-01,-1.362273799e-02,4.188813304e+00,1.090838881e+00,5.963684750e+00,1.852440314e+01,8.705894166e-02,2.000000000e-01,1,sensor_bias
-1.004232544e+00,9.988768500e-01,-1.091156633e+00,1.330759363e-01,3.531540663e+00,1.607994468e+00,1.762910104e+00,9.989839913e-01,-3.365257798e-01,-7.450162786e-04,4.188813304e+00,1.025217554e+00,6.112059015e+00,1.852440314e+01,2.791288424e-02,2.100000000e-01,1,sensor_bias
-1.139140270e+00,1.014973145e+00,-1.417611057e+00,1.761761866e-01,3.531540663e+00,1.755622740e+00,1.758236907e+00,1.019928004e+00,-1.041067758e-01,8.484773295e-03,4.188813304e+00,9.953090916e-01,6.459461193e+00,2.035419892e+01,-9.365492794e-02,2.600000000e-01,1,sensor_bias
-1.418127017e+00,9.300867064e-01,-7.331941806e-01,1.288663228e-01,3.531540663e+00,1.660145848e+00,1.769496343e+00,9.828333358e-01,2.353411234e-01,-1.199559538e-02,4.188813304e+00,1.002580339e+00,6.973224190e+00,2.035419892e+01,-1.888015648e-01,3.200000000e-01,1,sensor_bias
-1.983608160e-01,1.000550246e+00,2.217405793e-01,-8.221091155e-02,2.646922416e+00,1.267964415e+00,5.645311425e-02,9.230608267e-01,5.915131249e-01,-2.150125498e-02,2.462809126e+00,1.240790645e+00,1.895676052e+00,8.373525952e+00,-2.402362446e-02,0.000000000e+00,0,none
-1.132123278e-01,9.774742565e-01,-4.825704170e-01,5.460937454e-02,2.470111489e+00,1.304580500e+00,-5.759345930e-02,1.059567497e+00,4.619896573e-02,4.147243000e-03,4.266866388e+00,9.141156054e-01,2.094273242e+00,1.848359046e+01,8.898240658e-02,1.000000000e-02,0,none
-3.748563750e-02,9.670175257e-01,-9.300817621e-01,1.086004693e-02,2.927545303e+00,1.511790274e+00,4.895324720e-01,1.014900636e+00,6.759811612e-01,7.553570545e-02,3.320067904e+00,9.753421142e-01,2.206193409e+00,1.349436844e+01,1.068720710e-01,2.000000000e-02,2,sensor_drift
-2.279739038e-01,1.040045431e+00,-1.120427253e+00,7.877457887e-02,2.927545303e+00,1.705794218e+00,6.157428030e-01,9.934528660e-01,7.286872463e-01,1.007180860e-01,3.320067904e+00,1.228232926e+00,2.499754395e+00,1.349436844e+01,6.276105806e-02,3.000000000e-02,2,sensor_drift
-3.033306010e-01,1.021287402e+00,-1.135502966e+00,1.100517706e-01,2.927545303e+00,1.716997867e+00,7.320432846e-01,9.721606279e-01,9.831500046e-01,1.548843785e-01,3.320067904e+00,1.729893413e+00,2.616021068e+00,1.349436844e+01,3.343805775e-02,4.000000000e-02,2,sensor_drift
-5.363866614e-01,1.003689729e+00,-5.487130282e-01,-1.792400146e-02,2.927545303e+00,1.497302779e+00,9.578235737e-01,9.384668847e-01,1.128259522e+00,1.776562740e-01,3.320067904e+00,1.862479668e+00,3.093249816e+00,1.349436844e+01,-6.023952553e-02,6.000000000e-02,2,sensor_drift
4.908278125e-03,8.982578546e-01,2.946330192e-01,-5.968293655e-02,2.607947899e+00,8.976613360e-01,1.006243601e-02,9.238682870e-01,-9.054524510e-02,3.892041959e-02,2.308619470e+00,9.410821752e-01,1.660525129e+00,8.315472465e+00,3.066140317e-02,0.000000000e+00,0,none
-1.509915177e-01,8.921950023e-01,-4.843659638e-01,-3.948635823e-02,2.055924715e+00,9.237479169e-01,9.438625490e-02,9.670194373e-01,-1.883336335e-01,2.739015114e-02,3.202680478e+00,8.351425934e-01,1.762845718e+00,1.026405329e+01,3.614645348e-02,1.000000000e-02,0,none
-6.620739212e-01,1.188858234e+00,-1.846893199e+00,1.917479769e-01,3.589489800e+00,2.751041043e+00,1.996894120e+00,1.497215189e+00,5.137047183e+00,9.713145268e-01,4.870331249e+00,6.531656368e+00,8.080965228e+00,2.983921842e+01,-4.800980747e-01,3.400000000e-01,3,sensor_stuck
-8.821352928e-01,1.289181778e+00,-2.643603703e+00,3.482295300e-01,4.096383687e+00,3.752805592e+00,2.516656773e+00,1.627956937e+00,5.609072398e+00,9.718477880e-01,5.562487885e+00,7.111459512e+00,1.142395743e+01,4.693551009e+01,-6.128627948e-01,4.400000000e-01,3,sensor_stuck
-1.297419068e+00,1.382843161e+00,-3.240924495e+00,4.114742536e-01,4.475670594e+00,4.545063875e+00,3.368517367e+00,1.772135566e+00,6.129513191e+00,9.718073166e-01,6.484372783e+00,7.735008296e+00,1.808292516e+01,5.862278996e+01,-6.853064755e-01,5.900000000e-01,3,sensor_stuck
-2.373613140e+00,1.756019701e+00,-4.895452809e+00,6.144448986e-01,6.567152187e+00,6.257315110e+00,4.905209071e+00,1.847587390e+00,6.398986632e+00,9.715430812e-01,7.960659802e+00,8.051397406e+00,3.619229972e+01,1.064995923e+02,-8.063666171e-01,8.400000000e-01,3,sensor_stuck
4.821114904e-02,1.064246924e+00,4.938222340e-01,2.375692711e-02,2.539516553e+00,1.399352559e+00,-6.621967935e-02,1.098994085e+00,3.318183424e-01,-2.180232730e-01,3.019831448e+00,1.251651483e+00,2.347118875e+00,1.343949879e+01,1.816617822e-01,4.000000000e-02,0,none
-3.469857489e-02,9.150349118e-01,-5.667908715e-02,-7.195283439e-03,2.921451157e+00,5.629223264e-01,-1.483471635e-01,1.027650723e+00,1.832644013e-01,7.363078230e-02,2.696516947e+00,1.358407067e+00,1.916565770e+00,1.097507401e+01,2.584639668e-01,1.000000000e-02,0,none
2.079169997e+00,1.716355661e+00,4.954724573e+00,6.704276253e-01,6.549952806e+00,6.583568914e+00,-4.294125328e+00,1.372471888e+00,-4.690195060e+00,9.746266500e-01,5.980818654e+00,6.063377007e+00,2.759201605e+01,7.862859066e+01,-8.212024392e-01,7.700000000e-01,4,sensor_dropout
2.481367841e+00,1.720999849e+00,4.842701484e+00,6.395513077e-01,6.549952806e+00,6.728235082e+00,-4.693174604e+00,1.206768447e+00,-4.044778332e+00,9.735515307e-01,5.986886812e+00,5.296890711e+00,3.260120479e+01,7.862859066e+01,-8.116826905e-01,8.700000000e-01,4,sensor_dropout
3.155433892e+00,1.740085816e+00,4.798849423e+00,6.086296781e-01,7.752157344e+00,6.255602983e+00,-5.175300936e+00,8.902284449e-01,-2.797846830e+00,9.699981053e-01,5.986886812e+00,3.825197831e+00,4.056090815e+01,9.528424759e+01,-7.870816029e-01,1.000000000e+00,4,sensor_dropout
4.214487895e+00,1.435028799e+00,3.644562905e+00,5.079092332e-01,7.752157344e+00,4.568565277e+00,-5.579102201e+00,3.800660769e-01,-3.783685050e-01,9.522404605e-01,5.986886812e+00,1.588235144e+00,5.109204746e+01,9.528424759e+01,-3.771852702e-01,1.000000000e+00,4,sensor_dropout
-1.442309931e-02,9.746414629e-01,4.413287474e-02,-9.145971676e-02,2.420911325e+00,7.129500518e-01,-3.847373655e-02,9.134270319e-01,-1.276935317e-01,1.987068058e-02,2.272813886e+00,6.958676900e-01,1.785963178e+00,7.607607758e+00,-6.931775179e-02,0.000000000e+00,0,none
-4.349167151e-02,9.944920592e-01,4.935698276e-01,7.969367471e-02,2.417164475e+00,1.138855913e+00,4.586766450e-02,9.792537087e-01,3.093794323e-01,2.288981371e-02,2.693346524e+00,1.073070517e+00,1.951947650e+00,1.102484777e+01,2.125477925e-01,1.000000000e-02,0,none
1.665876849e-02,9.814549300e-01,1.766933296e-01,-5.170978592e-02,2.496930806e+00,8.416901397e-01,4.661057428e-03,1.022349902e+00,-1.464725123e-01,-1.530804701e-01,2.552756444e+00,8.234340060e-01,2.008752342e+00,1.275122891e+01,2.368524063e-02,1.000000000e-02,5,actuator_loss_of_effectiveness
6.918365964e-03,9.788139315e-01,-2.998024598e-02,-5.612900610e-02,2.496930806e+00,8.611709447e-01,2.548329228e-02,1.044761815e+00,2.167060320e-01,-1.532734153e-01,2.552756444e+00,8.505029113e-01,2.050301225e+00,1.275122891e+01,5.070714502e-02,1.000000000e-02,5,actuator_loss_of_effectiveness
1.555199692e-02,9.147113226e-01,-2.881803862e-01,-7.058647169e-02,2.496930806e+00,8.439036828e-01,1.019388914e-01,1.070059807e+00,9.710430120e-01,-9.511130153e-02,2.552756444e+00,1.285658391e+00,1.992358196e+00,1.275122891e+01,8.677516523e-02,1.000000000e-02,5,actuator_loss_of_effectiveness
8.290309333e-02,9.491769265e-01,5.952928819e-01,-3.589821539e-02,2.496930806e+00,1.089338360e+00,2.932249979e-01,1.012589554e+00,8.235267886e-01,-1.563284451e-01,2.552756444e+00,1.543102825e+00,2.019128264e+00,1.275122891e+01,1.734437681e-01,1.000000000e-02,5,actuator_loss_of_effectiveness
-6.441810165e-02,1.108357062e+00,-1.549371039e-01,2.512552647e-02,2.977583387e+00,1.122963949e+00,6.016109262e-02,1.003943952e+00,1.428977409e-01,1.025063238e-01,2.205093994e+00,1.846168601e+00,2.244127885e+00,9.100913818e+00,-1.675615297e-01,0.000000000e+00,0,none
-5.923814174e-02,1.124270554e+00,2.085262039e-01,3.837234736e-02,3.072700755e+00,1.794633310e+00,-4.393092555e-02,9.981966862e-01,-1.431762119e-01,-1.672379658e-01,2.484226733e+00,8.004820680e-01,2.265819987e+00,1.410882222e+01,-4.086637269e-03,3.000000000e-02,0,none
7.846351286e-04,1.011580276e+00,8.184430522e-02,-1.057327703e-01,2.554598168e+00,1.073005532e+00,2.259015816e-01,1.029189022e+00,-3.161049634e-01,-1.477989091e-02,2.748236799e+00,1.331321016e+00,2.133556839e+00,9.760517608e+00,1.337131386e-01,2.000000000e-02,6,actuator_stuck
5.597564582e-02,9.997207858e-01,6.371725829e-01,-1.590848110e-01,2.537545795e+00,1.166947061e+00,2.067595067e-01,9.744370038e-01,-6.912063516e-01,-3.888217732e-02,2.748236799e+00,1.430859805e+00,1.994851891e+00,9.739139958e+00,2.615180755e-02,1.000000000e-02,6,actuator_stuck
6.029879335e-02,1.008225878e+00,1.844580787e-01,-1.683959483e-01,2.537545795e+00,1.201777858e+00,2.916833454e-03,1.047658441e+00,-1.291931905e+00,8.304128379e-02,2.776866502e+00,1.796714687e+00,2.117752083e+00,9.739139958e+00,1.466494751e-01,1.000000000e-02,6,actuator_stuck
-5.730050946e-03,9.528757752e-01,-2.452840791e-01,-4.743001271e-02,2.537545795e+00,1.485701888e+00,-4.183287964e-01,1.142732671e+00,-2.030427954e+00,1.595960261e-01,3.079681015e+00,2.961051508e+00,2.388842016e+00,1.015493093e+01,1.848006050e-01,3.000000000e-02,6,actuator_stuck
-1.860939858e-01,9.722148701e-01,7.700155162e-02,-1.738132312e-01,2.284477316e+00,9.370736086e-01,6.994928212e-02,9.426704488e-01,-3.834425015e-01,-9.763221225e-02,2.963396457e+00,9.567380091e-01,1.873353202e+00,8.839624616e+00,-2.708094871e-02,0.000000000e+00,0,none
-3.723209090e-01,9.173195393e-01,-2.010633426e-01,5.447313116e-02,2.546096133e+00,1.010851791e+00,-1.933865634e-02,8.583825947e-01,-2.671770562e-01,4.665489600e-02,1.903501373e+00,8.993261149e-01,1.717292659e+00,6.884297153e+00,6.506429359e-02,0.000000000e+00,0,none
-2.711267287e-01,9.344657056e-01,-1.838958677e-01,-1.737678157e-01,3.490341482e+00,7.662171908e-01,-2.382902339e-01,9.932976051e-01,-4.754036731e-01,6.983715263e-02,3.470676453e+00,1.652379006e+00,1.990158226e+00,1.653913504e+01,1.962724415e-01,3.000000000e-02,7,actuator_runaway
-2.731871737e-01,8.906011740e-01,-1.666971050e-01,-1.773083047e-01,3.490341482e+00,6.239888188e-01,-2.967603275e-01,9.773280235e-01,-8.913693196e-01,6.320178735e-02,2.872422373e+00,1.965092513e+00,1.911038440e+00,1.653913504e+01,1.515691667e-01,2.000000000e-02,7,actuator_runaway
-3.150865137e-01,8.514299761e-01,1.298715632e-01,-1.791407230e-01,3.490341482e+00,6.578103282e-01,-4.112152899e-01,9.300469003e-01,-1.174027683e+00,1.385141369e-01,2.872422373e+00,2.017524536e+00,1.858297767e+00,1.653913504e+01,1.193466955e-01,2.000000000e-02,7,actuator_runaway
-4.633974754e-01,8.775336721e-01,-6.632618024e-01,-1.268472563e-02,3.490341482e+00,1.320279245e+00,-6.780434587e-01,9.674379564e-01,-1.154570257e+00,1.500347165e-01,2.872422373e+00,1.546640250e+00,2.380481697e+00,1.653913504e+01,1.527896072e-01,2.000000000e-02,7,actuator_runaway
3.627652007e-02,1.089356120e+00,2.939995701e-01,3.486349517e-02,3.774083666e+00,1.309737262e+00,1.316183933e-01,9.615574932e-01,4.523331482e-01,2.873969659e-02,2.153931376e+00,1.410475583e+00,2.129928956e+00,1.502501366e+01,6.632067348e-02,2.000000000e-02,0,none
-1.991964519e-02,9.395020756e-01,-2.856977850e-01,1.313110319e-01,2.748916151e+00,7.951065185e-01,-1.127487665e-01,1.055998255e+00,-4.136139379e-02,1.574324231e-01,3.626810788e+00,1.052056486e+00,2.010905542e+00,1.505997416e+01,7.420407311e-02,2.000000000e-02,0,none
-3.793649077e-02,9.636811644e-01,-1.511998930e-01,7.018149785e-02,2.877591453e+00,1.112211182e+00,1.274305541e-01,8.631056399e-01,-6.716129572e-01,6.237827276e-02,2.427628759e+00,1.249195802e+00,1.691310456e+00,8.910245457e+00,1.173433084e-01,0.000000000e+00,0,none
-8.207756848e-02,9.871755590e-01,-3.474414186e-01,2.841875232e-02,2.877591453e+00,8.292830299e-01,1.131769400e-01,8.848446754e-01,3.040779925e-01,2.887493452e-02,2.602545836e+00,1.210711044e+00,1.777011431e+00,8.910245457e+00,1.255969803e-01,0.000000000e+00,0,none
-1.361972710e-01,1.015291037e+00,-2.661081952e-01,2.269541461e-02,2.877591453e+00,8.766751199e-01,-1.803791088e-02,9.142099058e-01,-5.367120394e-01,1.387164717e-01,2.602545836e+00,1.466064881e+00,1.885470705e+00,8.910245457e+00,5.474396310e-02,0.000000000e+00,0,none
-9.219851445e-02,1.052525682e+00,7.514026793e-02,4.404106926e-02,2.877591453e+00,9.734723843e-01,-9.364249274e-02,9.805790155e-01,-4.501771347e-01,1.574540560e-01,2.980753025e+00,1.763414015e+00,2.086615000e+00,1.290949570e+01,-8.928336703e-02,1.000000000e-02,0,none
2.277200843e-02,9.876015918e-01,3.001671946e-01,5.122760359e-02,3.094713764e+00,1.227955067e+00,-1.054656897e-01,1.000230191e+00,-9.167899189e-02,7.951474292e-02,2.596816533e+00,7.636175200e-01,1.987458915e+00,9.966999479e+00,-4.099196629e-02,1.000000000e-02,0,none
8.759249294e-02,1.013791815e+00,-3.906691143e-01,1.109587039e-01,2.866691410e+00,1.174040234e+00,-2.146681558e-02,9.119969166e-01,-1.103686584e-02,-2.894945785e-02,2.752741726e+00,1.076651238e+00,1.867645490e+00,8.801265555e+00,-1.952228500e-01,0.000000000e+00,0,none
-4.991601205e-01,1.262914442e+00,2.305386304e+00,2.203833989e-01,3.826097357e+00,3.622172222e+00,3.328785963e-01,9.771817559e-01,-6.130661618e-02,4.387262547e-02,2.485760719e+00,1.132412349e+00,2.909806058e+00,1.485427669e+01,1.714179376e-01,5.000000000e-02,1,sensor_bias
-2.733993422e-01,1.191392243e+00,1.749561018e+00,1.221722297e-01,3.826097357e+00,2.935819289e+00,3.116923324e-01,9.368672062e-01,-6.046615973e-02,1.314172375e-01,2.585694570e+00,1.174784877e+00,2.469034950e+00,1.485427669e+01,1.165231824e-01,3.000000000e-02,1,sensor_bias
-4.664768288e-02,1.144980378e+00,1.491637312e+00,8.120005710e-02,3.826097357e+00,2.201145044e+00,2.338505651e-01,9.408179894e-01,-5.644730614e-01,1.953847887e-01,2.742344791e+00,1.490602852e+00,2.252980648e+00,1.485427669e+01,6.913122593e-02,3.000000000e-02,1,sensor_bias
1.550444175e-01,9.706035827e-01,-2.507156787e-01,-1.185283500e-01,2.996330705e+00,8.791481466e-01,1.832601798e-01,9.954491401e-01,-4.951823379e-01,1.782171986e-01,2.742344791e+00,1.435125820e+00,1.990613370e+00,9.640586781e+00,6.508806610e-03,1.000000000e-02,1,sensor_bias
-1.212702122e-01,9.807019115e-01,-1.579606439e-01,-1.308669721e-02,2.442301679e+00,1.237643448e+00,-4.317933064e-03,1.022036500e+00,1.335217912e-02,-5.625924221e-03,2.296987091e+00,1.571263525e+00,2.021059955e+00,1.019020069e+01,1.872691964e-01,1.000000000e-02,0,none
1.341082098e-01,9.292078598e-01,8.211060241e-01,1.470677178e-01,2.393678564e+00,1.338865377e+00,1.205670064e-01,9.098251770e-01,-5.451638612e-01,3.899397163e-02,2.516532250e+00,1.112654582e+00,1.723730514e+00,8.654299077e+00,2.824525982e-02,0.000000000e+00,0,none
-3.102259090e+00,1.553715751e+00,-3.597772770e+00,4.742977348e-01,6.462090042e+00,4.845995425e+00,1.189611640e+00,1.388412949e+00,3.223221881e+00,4.209411581e-01,4.683932387e+00,4.195487610e+00,1.538091046e+01,5.456492457e+01,-4.808358251e-01,6.200000000e-01,2,sensor_drift
-3.432706880e+00,1.304311699e+00,-2.381705255e+00,2.993159757e-01,6.462090042e+00,3.509549224e+00,1.493666175e+00,1.332077368e+00,2.919554540e+00,3.760482184e-01,4.683932387e+00,3.689129238e+00,1.749017429e+01,5.456492457e+01,-3.574089242e-01,7.100000000e-01,2,sensor_drift
-3.664557349e+00,1.127361872e+00,-7.479165997e-01,1.037337542e-01,6.462090042e+00,2.193713814e+00,1.927002610e+00,1.189280135e+00,2.101133135e+00,1.377453897e-01,4.683932387e+00,2.963555554e+00,1.982765165e+01,5.456492457e+01,-1.358594012e-01,8.400000000e-01,2,sensor_drift
-3.705538401e+00,1.129721361e+00,1.040267255e+00,7.925212805e-02,6.462090042e+00,1.988808551e+00,2.318497981e+00,1.097304331e+00,1.329539025e+00,-5.204924524e-02,4.933055837e+00,2.134646950e+00,2.158679488e+01,5.456492457e+01,9.377541317e-02,9.300000000e-01,2,sensor_drift
2.166433366e-02,8.836397693e-01,2.123262039e-01,-2.620626512e-02,2.283719669e+00,1.333559787e+00,-2.211880979e-02,9.326564660e-01,1.446320703e-02,-7.489185046e-02,2.278332468e+00,7.015190130e-01,1.651625911e+00,6.889346435e+00,-8.072418818e-03,0.000000000e+00,0,none
1.005548159e-01,1.014135913e+00,-7.148822676e-01,-9.603927455e-02,3.246028783e+00,1.091990708e+00,7.532086172e-02,9.363140149e-01,-3.709499221e-01,6.162832921e-02,2.591357623e+00,9.446380285e-01,1.920940087e+00,1.070943827e+01,6.886567807e-03,1.000000000e-02,0,none
8.695576263e-01,1.206638199e+00,2.488457432e+00,3.780952615e-01,3.578723313e+00,3.557638230e+00,-2.239085278e+00,1.290995002e+00,-4.440163203e+00,9.715541946e-01,4.727208903e+00,5.633696468e+00,8.892277185e+00,3.163180739e+01,-6.077114957e-01,3.700000000e-01,3,sensor_stuck
1.069293444e+00,1.214196661e+00,2.649636547e+00,4.017020195e-01,3.933833505e+00,3.377091349e+00,-2.689076276e+00,1.402504109e+00,-4.841436717e+00,9.713450414e-01,5.297853549e+00,6.076317972e+00,1.181581099e+01,4.254417911e+01,-6.276510269e-01,4.700000000e-01,3,sensor_stuck
1.565673122e+00,1.303693839e+00,3.107767190e+00,4.772890117e-01,4.692908219e+00,3.793945975e+00,-3.442973970e+00,1.530773552e+00,-5.291409554e+00,9.699316749e-01,6.295668743e+00,6.623259404e+00,1.834828738e+01,5.926489648e+01,-6.970932345e-01,6.200000000e-01,3,sensor_stuck
2.558001602e+00,1.512728387e+00,4.194408494e+00,6.639099920e-01,5.565721049e+00,5.678413784e+00,-4.823989434e+00,1.679036152e+00,-5.810901067e+00,9.717733037e-01,7.708747458e+00,7.314632191e+00,3.492175583e+01,8.751774856e+01,-8.112298403e-01,8.600000000e-01,3,sensor_stuck
6.863364112e-02,8.807726634e-01,1.798045794e-01,3.436214258e-02,2.843509191e+00,7.606632636e-01,-3.266370805e-02,9.892963459e-01,3.479105596e-01,9.051240801e-02,2.985625892e+00,1.161663736e+00,1.760245239e+00,1.241090936e+01,-2.820128172e-01,3.000000000e-02,0,none
-3.717568221e-02,9.829143825e-01,2.972890863e-01,2.843878550e-03,2.352096441e+00,1.100604542e+00,-4.150817096e-02,9.685492276e-01,-1.852643504e-01,7.816342034e-02,3.149199251e+00,1.351451686e+00,1.907313249e+00,1.005724719e+01,-8.424770420e-02,1.000000000e-02,0,none
-6.020556915e+00,5.615251233e+00,1.781038655e+01,9.532566867e-01,2.174410470e+01,2.245919607e+01,3.371227384e+00,1.333113318e+00,1.694884101e+00,4.494558785e-01,6.250688451e+00,3.645145327e+00,8.092051718e+01,4.750364136e+02,5.683015761e-01,9.300000000e-01,4,sensor_dropout
-4.079589813e+00,3.999000869e+00,1.306147267e+01,9.515124913e-01,1.514997339e+01,1.584260218e+01,3.557649247e+00,1.121847204e+00,-3.091897093e-01,2.098526159e-01,6.250688451e+00,2.394704232e+00,4.655047031e+01,2.391404641e+02,6.796422806e-02,8.600000000e-01,4,sensor_dropout
-1.997440236e+00,2.856382470e+00,9.793673731e+00,9.579412398e-01,8.506415837e+00,1.172676056e+01,3.377779070e+00,1.271286345e+00,-2.463478888e+00,3.936399966e-01,6.250688451e+00,3.376442607e+00,2.517424873e+01,9.403091815e+01,-5.360582168e-01,7.800000000e-01,4,sensor_dropout
5.411355903e-01,2.785758771e+00,9.619631610e+00,9.705382029e-01,5.598755699e+00,1.214018662e+01,2.756196370e+00,1.505168710e+00,-3.757685492e+00,5.091981734e-01,6.250688451e+00,5.277224016e+00,1.791543094e+01,4.882533089e+01,-7.257918254e-01,7.800000000e-01,4,sensor_dropout
5.649160525e-02,1.126204305e+00,2.879367589e-01,-1.849199259e-01,3.160064101e+00,1.196667161e+00,-3.431013213e-02,9.251030485e-01,-3.631463328e-01,-1.416719115e-01,2.760626861e+00,6.750255067e-01,2.128520275e+00,1.548405032e+01,7.878073367e-02,2.000000000e-02,0,none
-1.520234895e-04,9.082674274e-01,5.067064542e-03,-1.185961381e-02,2.431843885e+00,1.653881411e+00,5.688899414e-03,1.078701036e+00,-6.731085475e-02,1.174831453e-02,3.049246246e+00,1.591730731e+00,1.988578032e+00,9.609107210e+00,2.274121532e-02,1.000000000e-02,0,none
-3.000968517e-01,1.008978167e+00,-1.171898931e+00,2.070802275e-01,2.833398276e+00,1.789945066e+00,-4.732318283e-01,9.716457370e-01,-4.971875959e-01,1.243417065e-01,2.916496216e+00,1.545481236e+00,2.276138863e+00,1.340583076e+01,8.507056669e-02,2.000000000e-02,5,actuator_loss_of_effectiveness
-3.787929309e-01,9.946682572e-01,-1.185807944e+00,2.229778060e-01,2.833398276e+00,1.953826553e+00,-4.796878955e-01,9.595373973e-01,-7.465476709e-01,1.181803874e-01,2.916496216e+00,1.577115965e+00,2.283661520e+00,1.340583076e+01,1.563700771e-01,2.000000000e-02,5,actuator_loss_of_effectiveness
-4.667639112e-01,9.789724708e-01,-1.247290701e+00,1.774835744e-01,2.833398276e+00,2.182319549e+00,-5.806736918e-01,1.027942972e+00,-1.100731497e+00,1.460223053e-01,3.863786829e+00,1.487977320e+00,2.570104337e+00,1.495890365e+01,1.629518323e-01,3.000000000e-02,5,actuator_loss_of_effectiveness
-6.882911593e-01,9.735761571e-01,-9.190384067e-01,1.822087589e-01,2.833398276e+00,1.893532495e+00,-8.477097728e-01,1.087674839e+00,-8.263311589e-01,1.178570416e-01,3.863786829e+00,1.585289981e+00,3.323243668e+00,1.569656428e+01,1.325905157e-01,7.000000000e-02,5,actuator_loss_of_effectiveness
-8.097957814e-02,1.035226957e+00,-2.972354719e-01,-1.254561131e-01,2.804461242e+00,1.260039601e+00,-2.214309834e-01,1.017913084e+00,-3.336947019e-01,-6.253034182e-02,3.008733071e+00,1.241182194e+00,2.163431272e+00,1.691747755e+01,-9.047993318e-02,1.000000000e-02,0,none
-2.582497733e-02,9.553668366e-01,6.107189957e-01,1.058069744e-02,3.188046177e+00,1.162049169e+00,5.804775390e-02,9.616233356e-01,-2.729503305e-01,9.642500583e-03,2.389163876e+00,6.758368727e-01,1.841481703e+00,1.016958043e+01,1.897532632e-02,1.000000000e-02,0,none
4.163463233e-01,1.062888090e+00,1.454319146e+00,2.170106454e-01,3.269542658e+00,2.122398123e+00,5.894510778e-01,1.198225800e+00,2.498812279e+00,3.330685170e-01,3.879051145e+00,3.355500418e+00,3.086272995e+00,1.713527792e+01,2.959041827e-01,5.000000000e-02,6,actuator_stuck
5.330866461e-01,1.120279447e+00,1.404262111e+00,1.345294655e-01,3.269542658e+00,2.329657158e+00,8.394067652e-01,1.221158370e+00,2.699642587e+00,3.602970402e-01,3.879051145e+00,3.564933018e+00,3.735038892e+00,1.713527792e+01,2.538555682e-01,9.000000000e-02,6,actuator_stuck
8.215671055e-01,1.149366659e+00,1.662441426e+00,1.676923006e-01,3.331324491e+00,2.596319629e+00,1.236532736e+00,1.327740826e+00,3.006568928e+00,4.062144904e-01,3.981341725e+00,3.803921144e+00,5.287925134e+00,2.293661177e+01,3.431530253e-01,1.900000000e-01,6,actuator_stuck
1.398852557e+00,1.232193018e+00,2.455076986e+00,2.558038648e-01,3.997365572e+00,3.474496945e+00,1.917165055e+00,1.236902766e+00,2.753971886e+00,3.351335626e-01,5.523204315e+00,3.583772644e+00,8.680538413e+00,3.127456007e+01,4.434030336e-01,3.900000000e-01,6,actuator_stuck
-1.628482637e-01,9.990747627e-01,-2.269718123e-01,2.526472768e-03,2.871599850e+00,7.804618080e-01,-5.241954402e-02,1.057701159e+00,-2.815611804e-01,2.135399030e-01,3.384650002e+00,9.482287607e-01,2.146149489e+00,1.147149893e+01,4.009291668e-02,2.000000000e-02,0,none
2.421728118e-03,9.096764848e-01,5.632597632e-01,-9.099211477e-02,2.870527445e+00,9.611666238e-01,-1.834819676e-01,9.693875232e-01,-6.709818140e-02,9.681433925e-02,2.344942430e+00,1.383159941e+00,1.800894974e+00,9.384537896e+00,1.669076497e-01,1.000000000e-02,0,none
9.282446995e-02,9.614409729e-01,2.190648144e-01,-7.251634057e-02,2.613137350e+00,1.092112145e+00,3.142395994e-01,8.587706301e-01,7.212653863e-01,7.864693346e-02,2.398297400e+00,1.196880474e+00,1.769218647e+00,1.031335243e+01,1.525044610e-01,1.000000000e-02,7,actuator_runaway
1.259455351e-01,9.812131610e-01,4.989013818e-01,-8.663024559e-02,2.613137350e+00,1.350456452e+00,3.473812835e-01,8.494947170e-01,7.733409123e-01,8.254845751e-02,2.398297400e+00,1.129464342e+00,1.820956575e+00,1.031335243e+01,1.275971993e-01,1.000000000e-02,7,actuator_runaway
1.842954754e-01,9.811371143e-01,8.573585829e-01,1.249250161e-02,2.613137350e+00,1.672748090e+00,4.720783489e-01,8.500919183e-01,5.603424360e-01,5.668337036e-02,2.398297400e+00,1.154639768e+00,1.942109096e+00,1.031335243e+01,1.539973705e-01,1.000000000e-02,7,actuator_runaway
3.062409317e-01,9.798876245e-01,1.019628025e+00,-9.786278915e-03,2.613137350e+00,1.721006195e+00,6.318728318e-01,8.595610173e-01,8.892222373e-01,1.566495306e-01,2.711307799e+00,1.575580492e+00,2.192071683e+00,1.031335243e+01,2.344500693e-01,2.000000000e-02,7,actuator_runaway
-1.108443215e-02,1.088117011e+00,-2.155348967e-01,3.189758916e-02,3.387144820e+00,1.369968255e+00,7.993760869e-02,9.279818775e-01,2.365766484e-01,-4.685314935e-02,2.625185158e+00,1.051358544e+00,2.051661879e+00,1.312953151e+01,1.598493646e-01,1.000000000e-02,0,none
-8.083484134e-02,8.814954836e-01,-2.368179006e-01,2.759093552e-02,2.562623730e+00,1.183206982e+00,-1.293260331e-01,1.057807554e+00,-3.967547851e-01,-1.576880400e-01,3.437983223e+00,1.476461439e+00,1.919250604e+00,1.237345198e+01,3.412437760e-02,2.000000000e-02,0,none
-2.513732244e-02,1.080673200e+00,6.689594338e-01,3.382962582e-02,3.198745425e+00,1.543949432e+00,-3.443085323e-02,1.043591908e+00,1.608721383e-02,-1.188254151e-02,4.128370775e+00,7.726584443e-01,2.258756006e+00,2.169784315e+01,8.837754086e-02,3.000000000e-02,0,none
5.018326166e-02,1.072679432e+00,7.604433119e-01,-2.678556364e-02,3.198745425e+00,1.231664558e+00,1.837873003e-03,1.027524900e+00,-3.667188273e-02,-8.082727591e-02,4.128370775e+00,8.386124249e-01,2.208970322e+00,2.169784315e+01,1.129875685e-01,3.000000000e-02,0,none
7.351470080e-02,1.028507579e+00,-9.592502339e-02,-7.218721132e-02,3.198745425e+00,1.115792139e+00,7.316303947e-02,1.057488484e+00,6.129146300e-01,-9.857178765e-02,4.128370775e+00,9.685574020e-01,2.186866977e+00,2.169784315e+01,1.132509838e-01,3.000000000e-02,0,none
2.691297113e-02,1.020543006e+00,-4.375688616e-01,-7.081270816e-02,2.604975706e+00,1.380354731e+00,4.135733094e-02,1.077339237e+00,8.339047245e-02,-9.688155310e-02,4.128370775e+00,1.253935425e+00,2.204602594e+00,2.169784315e+01,6.661653783e-02,2.000000000e-02,0,none
-1.509786530e-02,1.010151337e+00,2.707322000e-01,2.493503616e-02,2.401472834e+00,1.256432913e+00,6.362442749e-02,9.790714797e-01,2.174952786e-01,-2.494243431e-01,2.636478328e+00,1.009545210e+00,1.983262699e+00,1.062707194e+01,6.556142609e-02,1.000000000e-02,0,none
2.961226285e-02,1.048703030e+00,-4.742203401e-02,-7.883976734e-02,3.377603766e+00,8.749736261e-01,1.622295817e-01,1.042306291e+00,-3.479132649e-01,2.055518491e-03,2.361256607e+00,1.367737290e+00,2.213375773e+00,1.289220069e+01,6.293117345e-02,4.000000000e-02,0,none
1.166499839e+00,1.784865990e+00,-4.592822732e+00,6.381470341e-01,6.119179560e+00,6.419606546e+00,-6.041382109e-01,9.288649136e-01,2.543988243e-01,7.165679502e-03,3.661200824e+00,1.399019180e+00,5.774241483e+00,3.969373118e+01,2.612648264e-02,2.200000000e-01,1,sensor_bias
6.353760198e-01,1.534609108e+00,-3.671221779e+00,5.091603649e-01,5.119431902e+00,4.401556403e+00,-5.425912822e-01,1.001783720e+00,6.220595782e-01,5.364450597e-02,3.661200824e+00,1.805228909e+00,4.056703723e+00,2.621124795e+01,-2.825072830e-02,1.300000000e-01,1,sensor_bias
8.677322609e-02,1.156322244e+00,-1.891640730e+00,2.078888072e-01,2.959209631e+00,2.857403315e+00,-4.891892229e-01,1.076143850e+00,7.443763785e-01,7.080924201e-02,3.661200824e+00,1.848938877e+00,2.742002405e+00,1.429505321e+01,-8.368898804e-02,3.000000000e-02,1,sensor_bias
-2.032345741e-01,1.035586847e+00,-1.044866384e+00,1.406382093e-01,2.746236245e+00,2.072759039e+00,-3.250150470e-01,1.075577594e+00,8.836530339e-01,1.079557710e-01,3.661200824e+00,1.704564167e+00,2.376246353e+00,1.429505321e+01,-1.006306202e-01,1.000000000e-02,1,sensor_bias
-1.073131213e-01,1.040689992e+00,-6.233687234e-01,2.964223853e-02,2.735316679e+00,1.439104088e+00,-5.211960067e-02,9.906727375e-01,-3.100504293e-01,-1.367583680e-03,3.201012183e+00,1.609791169e+00,2.078700691e+00,1.087879239e+01,1.381384915e-01,2.000000000e-02,0,none
1.388417484e-01,9.402212741e-01,-4.423276570e-01,2.434817544e-01,2.460206743e+00,1.582755112e+00,-3.137452620e-01,1.001612003e+00,-6.950769141e-02,-8.159146488e-02,2.452968280e+00,1.135609287e+00,2.004955769e+00,6.815822178e+00,6.848779773e-03,0.000000000e+00,0,none
-2.944871677e+00,1.434888353e+00,-3.186685558e+00,5.112824357e-01,6.711349493e+00,4.513893112e+00,1.186021875e+00,1.178230930e+00,1.976908267e+00,1.487442233e-01,4.305103154e+00,2.824254811e+00,1.352604979e+01,4.505091294e+01,-2.253637646e-01,6.500000000e-01,2,sensor_drift
-3.200185831e+00,1.126536292e+00,-1.326756002e+00,2.500417678e-01,6.711349493e+00,2.960574431e+00,1.381336483e+00,1.252347972e+00,2.323444181e+00,2.161412643e-01,5.434723062e+00,3.282928336e+00,1.498673929e+01,4.505091294e+01,-1.141488840e-01,7.300000000e-01,2,sensor_drift
-3.402361050e+00,9.779636103e-01,1.874477868e-02,5.753150221e-02,6.711349493e+00,1.771729969e+00,1.703687076e+00,1.192968725e+00,1.872828302e+00,4.954087859e-02,5.434723062e+00,2.880370945e+00,1.685819757e+01,4.505091294e+01,1.649054185e-01,8.300000000e-01,2,sensor_drift
-3.436007552e+00,9.199943537e-01,7.954784341e-01,-1.755314051e-02,6.711349493e+00,1.668900154e+00,2.100609559e+00,1.260398817e+00,1.869663272e+00,6.637717945e-02,5.434723062e+00,2.709490373e+00,1.865370321e+01,4.505091294e+01,1.086281581e-01,8.800000000e-01,2,sensor_drift
5.411409129e-03,9.791425013e-01,7.992062210e-02,3.407458021e-02,2.191486514e+00,1.214583197e+00,1.655467805e-01,1.070750026e+00,3.292348374e-01,-1.076336764e-01,2.470359016e+00,1.160495656e+00,2.132660676e+00,7.529707900e+00,6.686474864e-02,0.000000000e+00,0,none
-7.663902525e-02,9.772086352e-01,3.332104375e-01,-1.692800615e-01,3.073107763e+00,9.679238130e-01,-8.445410037e-03,1.084365691e+00,1.136344683e+00,-3.310498611e-02,3.162530277e+00,1.840664368e+00,2.136730535e+00,1.017258217e+01,7.265626379e-02,3.000000000e-02,0,none
1.254543014e+00,1.413140315e+00,3.750376421e+00,5.817284900e-01,4.682429290e+00,4.773817118e+00,-3.164912635e+00,1.684927716e+00,-5.824192424e+00,9.720209988e-01,5.709536415e+00,7.334409616e+00,1.642649711e+01,5.134539159e+01,-7.665803683e-01,6.100000000e-01,3,sensor_stuck
1.614200470e+00,1.473515228e+00,4.075505607e+00,6.006627000e-01,4.682429290e+00,5.348915523e+00,-3.711793311e+00,1.592578704e+00,-5.491595074e+00,9.717981125e-01,6.020531902e+00,6.927501101e+00,2.109060680e+01,5.308515628e+01,-7.993972124e-01,7.100000000e-01,3,sensor_stuck
2.220515651e+00,1.463752018e+00,4.152425682e+00,6.205249347e-01,5.061235010e+00,5.399369621e+00,-4.462429889e+00,1.398149113e+00,-4.792215747e+00,9.709495570e-01,6.369741160e+00,6.098541614e+00,2.894136118e+01,6.591400165e+01,-8.136099086e-01,8.600000000e-01,3,sensor_stuck
3.358481967e+00,1.589987527e+00,4.576718656e+00,6.728541623e-01,7.399227765e+00,5.745877648e+00,-5.455698718e+00,9.866051427e-01,-3.293682442e+00,9.703834775e-01,6.522874949e+00,4.246620486e+00,4.454549966e+01,9.685532182e+01,-7.972069289e-01,1.000000000e+00,3,sensor_stuck
-1.299164576e-01,9.636030093e-01,1.680503953e-01,-4.563843808e-02,1.878060377e+00,9.155240514e-01,-7.391940729e-02,1.007538648e+00,4.169799428e-02,3.725211087e-02,2.205376373e+00,1.028193399e+00,1.966007252e+00,6.578008613e+00,-7.029056233e-02,0.000000000e+00,0,none
-1.131021998e-01,1.003542091e+00,2.359522035e-01,5.204693532e-02,2.692406202e+00,7.943761450e-01,-1.658195721e-02,9.512953909e-01,2.247165705e-01,5.961753113e-02,3.690000073e+00,1.317909008e+00,1.925126718e+00,1.411668724e+01,-2.774615013e-02,1.000000000e-02,0,none
1.126768398e+01,4.398921862e+00,-1.329548516e+01,9.495979984e-01,2.434870846e+01,1.733469563e+01,-5.361237331e+00,1.994256695e+00,-5.640765840e+00,6.941265941e-01,9.581279648e+00,7.169467184e+00,1.790311413e+02,5.943902720e+02,8.740561861e-01,1.000000000e+00,4,sensor_dropout
9.769202326e+00,2.862811598e+00,-8.890109131e+00,9.436703220e-01,1.855169795e+01,1.097093494e+01,-5.926582019e+00,1.473532533e+00,-3.799672522e+00,5.342322789e-01,9.581279648e+00,4.994839710e+00,1.409286769e+02,3.642795938e+02,7.720651738e-01,1.000000000e+00,4,sensor_dropout
8.265395041e+00,1.797480079e+00,-6.063824235e+00,9.485062178e-01,1.278182010e+01,6.977664805e+00,-6.358950261e+00,1.160557746e+00,-2.315414373e+00,2.671946681e-01,9.581279648e+00,3.358985001e+00,1.133308325e+02,1.887835245e+02,5.685222876e-01,1.000000000e+00,4,sensor_dropout
6.471880719e+00,2.093549050e+00,-7.076299786e+00,9.685677168e-01,9.185574298e+00,9.070709441e+00,-6.703295650e+00,9.550202802e-01,-1.623098998e-01,1.476173526e-03,9.581279648e+00,1.907596579e+00,9.211442397e+01,1.586334958e+02,-2.991250007e-02,1.000000000e+00,4,sensor_dropout
-1.523201531e-01,1.007600691e+00,5.722912601e-01,-1.524302431e-02,2.483906545e+00,1.397504927e+00,-4.252349523e-02,9.802778189e-01,-4.480118602e-01,2.089417325e-02,3.170287213e+00,1.044557477e+00,2.001213431e+00,1.005484130e+01,-1.395808739e-01,1.000000000e-02,0,none
7.115096433e-02,1.053957680e+00,-8.832710477e-02,-1.173440838e-03,2.702250396e+00,1.307090530e+00,-7.718948500e-02,8.813884796e-01,-3.944857296e-02,-4.007635937e-02,3.173004817e+00,9.825738403e-01,1.898693119e+00,1.218581668e+01,1.002045716e-01,2.000000000e-02,0,none
-1.070612859e-01,9.709877263e-01,-4.090828654e-01,9.973506780e-02,2.636778058e+00,1.387434166e+00,-2.752949522e-01,1.160066868e+00,8.805216987e-01,-4.147446611e-02,3.309027662e+00,1.640987537e+00,2.375821733e+00,1.790226260e+01,-1.287886139e-01,2.000000000e-02,5,actuator_loss_of_effectiveness
-9.879256580e-02,1.024747769e+00,-5.056846434e-01,9.387613740e-03,2.636778058e+00,1.366762365e+00,-2.018316640e-01,1.219022482e+00,1.077062453e+00,2.193661783e-02,3.309027662e+00,1.886204800e+00,2.586619795e+00,1.790226260e+01,-1.239826743e-01,2.000000000e-02,5,actuator_loss_of_effectiveness
-9.350389625e-02,1.008693571e+00,-1.609460833e-01,-6.105692657e-02,2.636778058e+00,1.145300330e+00,-8.092185698e-02,1.184137332e+00,9.920015608e-01,1.250348077e-01,3.309027662e+00,1.739620652e+00,2.434935266e+00,1.790226260e+01,-1.567338123e-01,2.000000000e-02,5,actuator_loss_of_effectiveness
4.693166597e-02,1.070996425e+00,1.145003362e+00,1.360439906e-01,3.265895522e+00,1.734250555e+00,2.872758588e-01,1.139392543e+00,1.388018546e+00,2.494104750e-01,3.309027662e+00,2.289640744e+00,2.529978710e+00,1.790226260e+01,-5.930826221e-03,3.000000000e-02,5,actuator_loss_of_effectiveness
7.249156052e-02,9.752276052e-01,-6.351752273e-02,2.769831488e-02,3.269259878e+00,1.153159696e+00,5.499827734e-02,9.911194142e-01,4.947920326e-01,2.583512270e-02,2.424975097e+00,1.070864412e+00,1.941666412e+00,1.095074913e+01,-1.154471328e-01,1.000000000e-02,0,none
4.656563614e-02,1.107995325e+00,2.925412652e-01,7.524151502e-04,2.367349702e+00,9.125685715e-01,-6.263272466e-02,1.081414215e+00,-2.284124723e-01,-1.730121989e-02,2.822818576e+00,1.285373944e+00,2.403201560e+00,7.970586884e+00,-6.548778541e-02,0.000000000e+00,0,none
3.633435624e-01,1.165777676e+00,2.513063405e+00,3.736732735e-01,3.255077478e+00,3.252033398e+00,1.334195158e+00,1.490233023e+00,3.797808680e+00,5.303037038e-01,5.762885651e+00,4.973341242e+00,5.491927318e+00,3.915877997e+01,4.471887049e-01,1.600000000e-01,6,actuator_stuck
5.737237483e-01,1.223915006e+00,2.749415521e+00,4.322859951e-01,3.347792128e+00,3.383336739e+00,1.743593579e+00,1.599302657e+00,4.184775429e+00,5.919343094e-01,5.762885651e+00,5.615130601e+00,7.425014438e+00,3.915877997e+01,4.416435107e-01,2.600000000e-01,6,actuator_stuck
1.119551593e+00,1.434677271e+00,3.585134485e+00,5.414959472e-01,4.580683298e+00,4.734864001e+00,2.442566009e+00,1.759125909e+00,5.063987654e+00,7.056232260e-01,6.189881885e+00,6.906154991e+00,1.237234731e+01,4.876660902e+01,5.612671785e-01,4.100000000e-01,6,actuator_stuck
2.273936953e+00,1.828039680e+00,5.346019219e+00,7.428585571e-01,6.883456743e+00,7.144873449e+00,3.974512907e+00,2.294215097e+00,7.155272266e+00,7.860339627e-01,9.585424957e+00,8.870265465e+00,2.957269409e+01,1.129028810e+02,7.522837526e-01,6.500000000e-01,6,actuator_stuck
3.172444254e-02,9.342186151e-01,5.508177202e-01,2.339828965e-02,2.291510101e+00,1.257277903e+00,-6.388918726e-02,1.142300208e+00,5.092926823e-01,3.812190191e-02,2.789493321e+00,1.275741059e+00,2.182702454e+00,9.433728792e+00,4.249089893e-02,1.000000000e-02,0,none
-1.277315675e-01,9.352796530e-01,8.547323546e-02,-9.059803335e-03,2.197371924e+00,1.260765958e+00,-3.598361329e-02,1.062391349e+00,3.808797489e-01,-8.459496379e-02,3.355619826e+00,1.114054054e+00,2.021033581e+00,1.181592390e+01,2.565750111e-02,1.000000000e-02,0,none
2.860362051e-01,1.064291089e+00,9.808605650e-01,-9.813777035e-03,2.342113761e+00,1.687282195e+00,7.145488000e-01,1.145996474e+00,1.401245259e+00,9.152314829e-02,4.162302215e+00,2.043954663e+00,3.038420138e+00,1.757844936e+01,1.274915001e-01,4.000000000e-02,7,actuator_runaway
3.601595945e-01,1.093166263e+00,1.304357048e+00,3.178010908e-02,2.674890244e+00,1.776054562e+00,8.478332132e-01,1.126716131e+00,1.452577129e+00,7.007069423e-02,4.162302215e+00,2.012621181e+00,3.313037809e+00,1.757844936e+01,1.783942991e-01,6.000000000e-02,7,actuator_runaway
5.627189422e-01,1.043998715e+00,1.021654364e+00,1.472835760e-02,2.674890244e+00,1.661980227e+00,1.082340327e+00,1.187248991e+00,1.655809034e+00,7.650873108e-02,4.162302215e+00,2.560223893e+00,3.987606674e+00,1.757844936e+01,9.955342968e-02,9.000000000e-02,7,actuator_runaway
8.866094544e-01,1.021225520e+00,1.229884457e+00,2.460171876e-02,3.063019063e+00,1.771742390e+00,1.454010053e+00,1.205269030e+00,2.098418905e+00,1.187762682e-01,4.162302215e+00,2.743380815e+00,5.395796555e+00,1.757844936e+01,1.997666066e-01,1.700000000e-01,7,actuator_runaway
1.693393800e-02,1.134890532e+00,-4.374520867e-01,-1.966215798e-01,3.408242505e+00,1.070137839e+00,-5.642719893e-03,9.729235509e-01,-4.772688277e-01,-4.466547987e-02,2.688590419e+00,9.044664953e-01,2.234875355e+00,1.347872525e+01,-9.567155118e-02,4.000000000e-02,0,none
6.736675293e-02,1.044288831e+00,-3.287266376e-01,5.327042454e-02,2.967079691e+00,1.495338354e+00,-1.891613025e-01,1.110271359e+00,6.902169227e-02,7.844200090e-02,2.660644805e+00,1.275492769e+00,2.363561931e+00,1.068983401e+01,8.945183119e-02,3.000000000e-02,0,none
-5.190006599e-02,9.151325337e-01,-4.024491418e-01,-1.603957871e-01,2.720182926e+00,9.464861156e-01,-9.513582849e-02,9.454202411e-01,5.832360084e-02,-5.824869153e-03,2.287027322e+00,1.154205354e+00,1.743031429e+00,7.881927705e+00,7.876170438e-02,0.000000000e+00,0,none
-5.238540208e-02,9.111815412e-01,-2.615858881e-01,-1.455092345e-01,2.720182926e+00,8.147581268e-01,-1.432425537e-01,9.280021527e-01,-1.472743438e-01,-6.586366297e-02,2.287027322e+00,9.810211436e-01,1.714702456e+00,7.930537373e+00,3.971612806e-02,0.000000000e+00,0,none
-8.818600413e-02,9.641886386e-01,2.723382921e-03,-9.340304468e-02,2.720182926e+00,7.546583463e-01,-2.473455700e-01,9.303740205e-01,-3.734503281e-01,-4.711994342e-02,2.287027322e+00,1.198670617e+00,1.864212151e+00,7.930537373e+00,-1.922370836e-02,0.000000000e+00,0,none
-8.715617398e-02,9.870604656e-01,4.107341508e-02,-1.111392835e-01,2.720182926e+00,8.080167486e-01,-1.830794217e-01,9.355888412e-01,6.825543621e-02,-7.461109443e-02,2.251102972e+00,1.368170403e+00,1.890729116e+00,7.930537373e+00,-2.223075702e-03,0.000000000e+00,0,none
-4.640344223e-02,9.879757821e-01,5.080511866e-01,-1.169303113e-01,2.444486177e+00,1.293001561e+00,1.304700290e-01,1.013362650e+00,2.853276094e-01,-1.346243105e-01,2.947274074e+00,1.476967710e+00,2.022175713e+00,8.724185370e+00,-2.171703354e-01,0.000000000e+00,0,none
2.028098489e-02,1.090562882e+00,8.098384747e-02,5.711537139e-03,2.724860681e+00,1.461786280e+00,9.056623467e-02,1.086221921e+00,-3.850504955e-01,1.270017741e-01,2.752995394e+00,1.269477050e+00,2.377819023e+00,9.821080339e+00,8.701387102e-02,1.000000000e-02,0,none
-1.750217231e+00,2.160993898e+00,6.391050798e+00,7.829908911e-01,7.241949268e+00,8.230486312e+00,9.522632308e-01,8.988351447e-01,-2.035186526e-01,-8.279259787e-02,3.053704884e+00,1.745529052e+00,9.447864865e+00,5.376255850e+01,3.130295583e-02,3.300000000e-01,1,sensor_bias
-1.108240986e+00,1.826346292e+00,5.195553286e+00,7.351349950e-01,5.675742993e+00,6.683296323e+00,9.668681249e-01,9.367511037e-01,-7.951929002e-01,-1.094619200e-01,3.053704884e+00,1.669583602e+00,6.376075463e+00,3.322747967e+01,-1.425276897e-01,2.300000000e-01,1,sensor_bias
-4.352269094e-01,1.356430058e+00,3.286090887e+00,5.800639610e-01,4.246255063e+00,4.334036498e+00,9.227249098e-01,9.178615415e-01,-6.963826237e-01,-1.210647594e-01,3.053704884e+00,1.380824175e+00,3.723216034e+00,2.058360407e+01,-1.475782901e-01,1.100000000e-01,1,sensor_bias
2.249121207e-01,1.013612493e+00,1.379480349e+00,2.013189810e-01,2.948224297e+00,2.544889123e+00,8.411717858e-01,8.970788323e-01,-7.694382395e-02,-1.386015544e-01,2.880352099e+00,9.444744777e-01,2.590316153e+00,9.601722670e+00,-8.802684652e-03,1.000000000e-02,1,sensor_bias
2.620819904e-02,8.757975387e-01,2.721833120e-02,-7.107375912e-02,2.564610168e+00,8.671183778e-01,-1.792430551e-01,8.612802466e-01,-2.658623178e-01,1.305643324e-03,2.341046457e+00,1.195362774e+00,1.541639934e+00,8.965235729e+00,9.396455103e-02,0.000000000e+00,0,none
-7.813443783e-02,1.021687413e+00,-3.718315597e-01,9.041518279e-02,2.337544863e+00,9.958285245e-01,7.556981834e-02,1.056931996e+00,-1.163732232e+00,8.755352539e-02,2.985825664e+00,1.969338856e+00,2.172766203e+00,9.134768919e+00,2.359464869e-02,0.000000000e+00,0,none
-5.465919957e+00,2.204434225e+00,-5.822228406e+00,7.880363152e-01,8.607175502e+00,8.098873371e+00,2.018418525e+00,1.486153549e+00,3.615840024e+00,4.301913846e-01,6.202847506e+00,4.807015213e+00,4.101847694e+01,1.035351163e+02,-4.858472718e-01,8.600000000e-01,2,sensor_drift
-6.010626062e+00,1.636703163e+00,-3.369759638e+00,5.836739925e-01,8.607175502e+00,5.039410989e+00,2.430795516e+00,1.562330120e+00,3.981674025e+00,5.328004008e-01,6.202847506e+00,5.323127932e+00,4.715606515e+01,1.035351163e+02,-3.680142273e-01,9.600000000e-01,2,sensor_drift
-6.416522797e+00,1.177603209e+00,-5.890401561e-01,2.487958904e-01,8.607175502e+00,2.472579623e+00,2.972563950e+00,1.619476530e+00,4.397903736e+00,5.890172757e-01,6.635510713e+00,5.751452666e+00,5.401735480e+01,1.035351163e+02,-1.607091235e-01,1.000000000e+00,2,sensor_drift
-6.367972317e+00,1.177378268e+00,1.942003835e+00,2.467996432e-01,8.590233117e+00,2.766522707e+00,3.802653950e+00,1.312506066e+00,3.083809668e+00,4.937875626e-01,6.635510713e+00,4.462121560e+00,5.812014025e+01,1.035351163e+02,2.841797490e-01,1.000000000e+00,2,sensor_drift
-7.588282251e-02,9.145326054e-01,2.024213573e-01,-6.567037178e-02,2.518406842e+00,6.901808193e-01,-1.192797562e-01,8.924380668e-01,3.661999026e-01,4.170238790e-03,2.779199107e+00,1.304226316e+00,1.652801452e+00,9.702604267e+00,5.240800846e-02,1.000000000e-02,0,none
6.109550126e-02,9.754655521e-01,2.163260568e-01,3.303396568e-02,2.604662500e+00,9.436157347e-01,-2.315277304e-02,9.574890451e-01,1.241570426e-01,-1.174842649e-01,2.246565886e+00,8.067849618e-01,1.872587026e+00,8.203061437e+00,-5.981314734e-03,0.000000000e+00,0,none
7.332915069e-01,1.186819333e+00,1.883546166e+00,2.308179872e-01,3.335731489e+00,2.769026312e+00,-2.107943377e+00,1.158796584e+00,-3.930356883e+00,9.719088135e-01,4.485208014e+00,5.059050910e+00,7.732491365e+00,2.653666688e+01,-4.796237080e-01,3.500000000e-01,3,sensor_stuck
9.763982074e-01,1.292089477e+00,2.463406866e+00,2.916011804e-01,4.405845404e+00,3.121437845e+00,-2.513284912e+00,1.322391321e+00,-4.533165569e+00,9.712986488e-01,5.106650484e+00,5.755567952e+00,1.068816853e+01,4.377839927e+01,-5.671971500e-01,4.500000000e-01,3,sensor_stuck
1.331607125e+00,1.311513934e+00,2.852244534e+00,3.498423452e-01,4.405845404e+00,3.875691165e+00,-3.221249011e+00,1.499098038e+00,-5.169316038e+00,9.721240323e-01,5.966290329e+00,6.520675976e+00,1.611698645e+01,4.446120995e+01,-6.381410245e-01,6.000000000e-01,3,sensor_stuck
2.238696896e+00,1.527926399e+00,3.885489101e+00,4.905067550e-01,5.596352109e+00,4.992288093e+00,-4.569974369e+00,1.683630288e+00,-5.828005567e+00,9.707074502e-01,7.535129938e+00,7.335369277e+00,3.106559955e+01,8.507804548e+01,-7.430050795e-01,8.500000000e-01,3,sensor_stuck
-2.252139330e-02,1.104432093e+00,5.362166124e-02,-1.491547359e-01,2.630540941e+00,7.931484427e-01,-4.633611719e-02,9.477597625e-01,-1.728922060e-01,-3.125263750e-02,2.362904305e+00,1.469035694e+00,2.120673064e+00,8.750610316e+00,-9.576903959e-02,0.000000000e+00,0,none
-1.343842242e-02,8.634609718e-01,-1.647387186e-03,7.855753905e-02,2.243910891e+00,1.055658821e+00,1.747500067e-01,1.075715865e+00,2.049461141e-01,1.500763883e-01,2.760165853e+00,1.610389518e+00,1.933447629e+00,7.632342822e+00,3.988279089e-03,0.000000000e+00,0,none
-3.066114756e+00,1.718150692e+00,-4.755096852e+00,6.708840889e-01,7.066426437e+00,6.357740908e+00,4.748262968e+00,1.231619732e+00,-4.041177643e+00,9.621649332e-01,6.342320718e+00,5.215912857e+00,3.641598987e+01,6.184155637e+01,6.710639855e-01,1.000000000e+00,4,sensor_dropout
-3.384197010e+00,1.505597533e+00,-3.471762340e+00,5.909947828e-01,7.066426437e+00,4.909917764e+00,4.262151018e+00,1.518736737e+00,-5.013657596e+00,9.677952588e-01,5.923601287e+00,6.519051776e+00,3.419210591e+01,6.184155637e+01,5.063737370e-01,9.900000000e-01,4,sensor_dropout
-3.682036331e+00,1.170324603e+00,-9.301824194e-01,2.978484493e-01,7.066426437e+00,3.179729988e+00,3.403424236e+00,1.969713971e+00,-6.663704603e+00,9.721023223e-01,5.695613364e+00,8.578047797e+00,3.039012088e+01,6.184155637e+01,9.885278371e-02,9.400000000e-01,4,sensor_dropout
-3.563238591e+00,1.235076749e+00,2.237536081e+00,4.520383927e-01,7.066426437e+00,3.771630924e+00,1.589995121e+00,2.466552727e+00,-8.518423084e+00,9.731411863e-01,5.251674837e+00,1.087381947e+01,2.283405067e+01,6.124388660e+01,-5.582391409e-01,8.300000000e-01,4,sensor_dropout
-9.306461410e-02,1.072857794e+00,-2.208596406e-01,-1.054125486e-01,2.410065716e+00,1.622369083e+00,1.017232422e-01,9.646306879e-01,4.580990044e-01,-1.622574163e-02,2.325411648e+00,1.223515895e+00,2.100544851e+00,7.520177833e+00,1.100842124e-01,0.000000000e+00,0,none
3.199756686e-02,1.010602585e+00,4.344712233e-01,-8.017165086e-02,3.119196971e+00,1.154598628e+00,9.356021074e-02,1.054106187e+00,2.712866068e-01,-1.402641443e-01,3.409323683e+00,1.047592712e+00,2.142234796e+00,1.680075087e+01,2.185261656e-01,3.000000000e-02,0,none
8.942628367e-01,1.294206860e+00,2.827831790e+00,4.506519642e-01,4.197916099e+00,4.150479757e+00,1.569961013e+00,1.344398791e+00,3.117194417e+00,4.530990870e-01,4.735593041e+00,4.306155123e+00,6.746863109e+00,3.266432574e+01,3.979021158e-01,2.200000000e-01,5,actuator_loss_of_effectiveness
1.116698318e+00,1.290450372e+00,2.854375666e+00,4.748661407e-01,4.197916099e+00,4.241871668e+00,1.839933204e+00,1.328776588e+00,2.868180081e+00,3.771863453e-01,4.735593041e+00,3.884469219e+00,8.063278714e+00,3.266432574e+01,3.800466764e-01,2.900000000e-01,5,actuator_loss_of_effectiveness
1.463221691e+00,1.322206657e+00,3.186598939e+00,5.292577076e-01,4.197916099e+00,4.491848467e+00,2.308086427e+00,1.122294376e+00,2.081387154e+00,2.129039938e-01,5.240966409e+00,2.555531005e+00,1.047605578e+01,4.343291150e+01,4.414947471e-01,4.300000000e-01,5,actuator_loss_of_effectiveness
2.087217484e+00,1.257364101e+00,2.596839904e+00,3.661257747e-01,5.998465136e+00,3.600817131e+00,2.745330063e+00,1.108244871e+00,1.137286514e+00,9.968742205e-02,6.482076046e+00,2.120243708e+00,1.470248516e+01,5.398129223e+01,2.784603299e-01,6.200000000e-01,5,actuator_loss_of_effectiveness
-7.267126728e-03,1.003587411e+00,-5.494885510e-01,-1.779476827e-02,2.524649205e+00,1.113744087e+00,-1.335590823e-01,1.014119992e+00,5.042544890e-02,4.077577565e-02,3.843167936e+00,1.161016958e+00,2.053517890e+00,1.497561182e+01,-1.345093020e-01,1.000000000e-02,0,none
3.301118180e-02,1.060379699e+00,5.266814837e-01,-4.728755083e-02,3.298652323e+00,1.593675035e+00,-1.188448233e-01,1.022825918e+00,-3.407993536e-01,2.488128473e-03,2.905585738e+00,1.003011205e+00,2.185791794e+00,1.500380479e+01,1.496340551e-01,2.000000000e-02,0,none
1.879266253e-01,1.024338306e+00,8.284180496e-01,1.724400961e-01,2.490710671e+00,1.104598214e+00,3.181379761e-01,9.683439726e-01,1.552277048e+00,2.783809155e-01,2.588706817e+00,2.373668076e+00,2.123487203e+00,9.486088858e+00,2.541328981e-03,2.000000000e-02,6,actuator_stuck
3.513769065e-01,9.643989639e-01,4.444150843e-01,9.512140577e-02,2.329316035e+00,1.454813573e+00,4.108453075e-01,9.677695882e-01,1.811884014e+00,2.662056740e-01,2.588706817e+00,2.625373597e+00,2.158902935e+00,9.486088858e+00,2.477803249e-02,2.000000000e-02,6,actuator_stuck
4.625839691e-01,1.067756171e+00,1.176979670e+00,1.217370905e-01,2.465987966e+00,1.916113534e+00,7.524385530e-01,1.055999426e+00,1.889343782e+00,1.573887557e-01,3.316820419e+00,2.571108847e+00,3.035385732e+00,1.461344644e+01,2.020799063e-01,7.000000000e-02,6,actuator_stuck
7.404652599e-01,1.111215901e+00,1.697270192e+00,2.702460760e-01,3.674668849e+00,2.581205374e+00,1.255155998e+00,1.170264973e+00,2.150415582e+00,2.269729828e-01,3.739601329e+00,2.881564259e+00,4.728026268e+00,1.903338402e+01,1.800955381e-01,1.800000000e-01,6,actuator_stuck
-1.633398250e-02,8.869917533e-01,1.001198762e+00,6.896597648e-02,2.573753863e+00,1.990880413e+00,-7.503016008e-02,9.604138991e-01,3.402304335e-01,-1.244933553e-01,3.131548207e+00,1.183686538e+00,1.715045552e+00,1.084678071e+01,1.115298085e-01,1.000000000e-02,0,none
1.604687894e-01,9.836902463e-01,2.730702724e-01,-1.228339878e-01,2.903415897e+00,1.108888832e+00,-1.287094646e-03,9.847842573e-01,-1.606725041e-01,-6.371555089e-02,3.237551255e+00,1.330529194e+00,1.963198423e+00,1.065949804e+01,1.385864433e-01,3.000000000e-02,0,none
6.162161978e-02,8.852446457e-01,-2.962533470e-01,5.654353123e-02,1.948383463e+00,9.016675337e-01,-1.150650048e-01,9.717610509e-01,-5.130648890e-01,-1.847666261e-02,2.423892437e+00,1.357380550e+00,1.745014802e+00,6.448786312e+00,3.005790703e-02,0.000000000e+00,7,actuator_runaway
-1.750477868e-02,8.963557672e-01,-6.584404544e-01,1.115924334e-01,2.590762220e+00,1.166149194e+00,-2.182884481e-01,1.039645961e+00,-7.517565758e-01,-2.155222391e-02,2.900341638e+00,1.732898911e+00,1.932273649e+00,8.564419136e+00,-1.397086192e-02,0.000000000e+00,7,actuator_runaway
-1.024903274e-01,9.227216604e-01,-7.064175896e-01,1.405070565e-01,2.590762220e+00,1.556973460e+00,-3.009582065e-01,1.058247681e+00,-8.722040322e-01,-6.753598269e-02,2.900341638e+00,1.647350429e+00,2.072383527e+00,8.564419136e+00,3.054111906e-02,0.000000000e+00,7,actuator_runaway
-2.975567046e-01,9.068000559e-01,-1.043133670e+00,2.406914590e-01,2.590762220e+00,1.929383560e+00,-4.530983302e-01,1.099854548e+00,-9.054731338e-01,-6.539137764e-02,3.454662698e+00,1.357210446e+00,2.325804458e+00,1.356041532e+01,1.243014062e-01,1.000000000e-02,7,actuator_runaway
4.048915823e-02,9.095582940e-01,4.276189817e-01,2.064551763e-02,2.523425534e+00,1.277307505e+00,-1.039692312e-01,1.046908934e+00,-4.673725063e-01,2.034072528e-02,3.286324372e+00,1.188006223e+00,1.935763578e+00,1.141786252e+01,-2.053245560e-02,1.000000000e-02,0,none
-1.516266040e-01,9.974424337e-01,-7.158469067e-02,5.260585641e-02,2.855401232e+00,1.161471816e+00,-5.951691592e-02,9.777313603e-01,4.868188542e-01,-7.350447217e-02,2.572081710e+00,1.328551696e+00,1.977382912e+00,1.077399871e+01,-1.332555863e-01,1.000000000e-02,0,none
-1.280099486e-02,1.076135605e+00,7.800836714e-02,3.924150009e-02,2.800502006e+00,1.203904521e+00,-1.160557866e-01,9.406563239e-01,3.148525710e-01,-6.570253385e-03,2.284107881e+00,7.745786255e-01,2.056534972e+00,9.312945634e+00,-7.395313463e-02,1.000000000e-02,0,none
-1.640469142e-02,1.001628756e+00,2.352012943e-01,4.454477493e-03,2.800502006e+00,9.732419782e-01,-1.042044129e-01,1.012443928e+00,8.437257771e-03,-4.577582325e-02,2.912645189e+00,7.753430702e-01,2.039430545e+00,1.044953486e+01,-9.359581576e-02,2.000000000e-02,0,none
-1.069380293e-01,9.797797711e-01,-1.627624472e-01,3.393842511e-02,2.356883867e+00,1.417052648e+00,-4.549694296e-02,9.564349789e-01,3.172008593e-02,-1.115446600e-01,2.912645189e+00,8.582725875e-01,1.888241983e+00,1.044953486e+01,4.551815221e-03,1.000000000e-02,0,none
-4.800746079e-02,9.395175410e-01,-1.717985727e-01,1.187613121e-01,2.356883867e+00,1.707474047e+00,-2.700781535e-02,9.133406960e-01,6.635053693e-02,-8.447085808e-02,2.912645189e+00,9.299587986e-01,1.719918575e+00,1.044953486e+01,-8.275261790e-03,1.000000000e-02,0,none
-1.418118429e-01,9.909283081e-01,4.713151384e-01,1.228161233e-01,2.843691061e+00,1.136116764e+00,1.391204197e-01,1.162051800e+00,-9.146439714e-02,-7.488533476e-02,2.852687641e+00,1.021126803e+00,2.371768387e+00,1.057299015e+01,-2.596330727e-02,1.000000000e-02,0,none
-2.395869332e-01,1.060368393e+00,1.478353041e-01,8.791127703e-02,3.523769777e+00,1.299269232e+00,-1.927982201e-01,1.028064037e+00,-5.294721247e-01,-2.424912625e-01,2.662582277e+00,1.406825897e+00,2.275869845e+00,1.243218636e+01,-5.429207250e-02,1.000000000e-02,0,none
1.281951418e+00,2.155716668e+00,-6.248124112e+00,7.726424257e-01,6.306209608e+00,8.248450374e+00,-6.041741123e-01,9.131905193e-01,3.320897996e-02,-3.304986726e-02,3.830544106e+00,7.612129777e-01,7.489457075e+00,3.978589508e+01,4.954880602e-02,2.600000000e-01,1,sensor_bias
7.355576396e-01,1.822012721e+00,-4.802188462e+00,6.890219899e-01,6.182252547e+00,6.412275471e+00,-6.592155142e-01,9.801517642e-01,2.262255607e-01,-3.165515242e-02,3.830544106e+00,8.309150973e-01,5.256037972e+00,3.942431287e+01,-2.056022566e-02,1.600000000e-01,1,sensor_bias
6.189314405e-02,1.343647133e+00,-2.842019040e+00,4.529423711e-01,3.200576251e+00,3.965207892e+00,-5.620996805e-01,1.003924164e+00,1.823002025e-01,1.637760119e-02,3.830544106e+00,1.018281021e+00,3.133038157e+00,1.478510815e+01,8.981829471e-02,4.000000000e-02,1,sensor_bias
-2.965857554e-01,1.027933476e+00,-3.749200777e-01,2.126702257e-01,2.589880828e+00,2.018792371e+00,-4.293222349e-01,8.922801825e-01,4.858623621e-01,5.718092889e-02,2.742090354e+00,1.143010096e+00,2.125091848e+00,8.510510692e+00,5.930843056e-02,0.000000000e+00,1,sensor_bias
8.161171859e-02,1.011533558e+00,-5.716689013e-01,5.282608771e-02,2.994469037e+00,1.374132430e+00,1.377710353e-01,9.570543222e-01,-6.360290545e-02,-8.290078956e-02,2.838427005e+00,8.932468636e-01,1.964794445e+00,9.167958512e+00,-1.571065289e-03,0.000000000e+00,0,none
1.839133957e-01,8.941405497e-01,-8.478585286e-02,-2.205058333e-02,3.098200020e+00,1.019649943e+00,4.282421499e-02,8.636697926e-01,4.667725854e-01,-1.032311057e-01,2.149488339e+00,1.063398036e+00,1.581070884e+00,9.684436786e+00,8.207110772e-02,1.000000000e-02,0,none
1.946007870e-01,8.883101780e-01,3.043194767e-01,3.871525553e-05,2.219200921e+00,1.087008571e+00,-4.993690641e-01,1.064947826e+00,-5.943691745e-01,-1.082290331e-01,3.360273558e+00,1.190181310e+00,2.210447772e+00,1.306837516e+01,-1.195074992e-01,2.000000000e-02,2,sensor_drift
2.121790628e-01,8.748136286e-01,3.556716726e-01,7.000391818e-02,2.219200921e+00,1.051788534e+00,-6.452237586e-01,1.136126492e+00,-9.079721751e-01,-5.722593353e-03,3.360273558e+00,1.671144139e+00,2.517415944e+00,1.306837516e+01,-1.127095540e-01,4.000000000e-02,2,sensor_drift
3.692624287e-01,8.725849429e-01,1.437453128e-01,-1.962609453e-02,2.219200921e+00,1.152312520e+00,-7.701983837e-01,1.169733821e+00,-1.241433324e+00,-3.058042073e-03,3.360273558e+00,2.044428059e+00,2.859241985e+00,1.306837516e+01,-9.745682439e-03,6.000000000e-02,2,sensor_drift
4.668775939e-01,1.031630725e+00,1.048581555e+00,4.399858086e-02,3.338574643e+00,1.659774087e+00,-9.754812847e-01,1.200279006e+00,-1.154169348e+00,6.891460503e-02,3.360273558e+00,1.813032364e+00,3.674470069e+00,1.636957053e+01,-1.616801026e-01,9.000000000e-02,2,sensor_drift
7.395277523e-02,9.669808349e-01,2.723351922e-01,4.204758104e-02,2.440138284e+00,1.182473605e+00,4.008157987e-02,9.574917875e-01,-1.968081784e-01,-5.438437045e-02,2.617953299e+00,8.562427976e-01,1.858918004e+00,7.587124259e+00,-9.387863683e-02,0.000000000e+00,0,none
1.163399016e-01,9.338268222e-01,-8.429365460e-02,-2.284821776e-02,2.983616070e+00,6.639167887e-01,-1.867922982e-02,9.904660065e-01,-2.344946436e-01,1.765767702e-03,2.753846387e+00,7.729603948e-01,1.866939330e+00,9.193429567e+00,1.401263138e-02,0.000000000e+00,0,none
3.712135712e-01,1.256092198e+00,4.075005675e+00,9.722157342e-01,3.182277828e+00,5.417764532e+00,5.588975292e-02,1.045038279e+00,-1.823051118e-01,-3.089536558e-02,2.475897394e+00,6.818314155e-01,2.810795793e+00,1.299063127e+01,-3.248030335e-02,8.000000000e-02,3,sensor_stuck
8.033870565e-01,1.551972524e+00,5.234767490e+00,9.707682796e-01,4.128611059e+00,6.709646983e+00,-4.356584894e-02,1.076674729e+00,-5.973150145e-01,-2.134111011e-02,2.475897394e+00,1.163773332e+00,4.215175933e+00,1.812362322e+01,-1.692155402e-01,1.800000000e-01,3,sensor_stuck
1.677468905e+00,1.936282197e+00,6.621750937e+00,9.699569397e-01,5.612845972e+00,8.352635317e+00,-1.496666699e-01,1.032085400e+00,-8.861365853e-01,9.675039412e-02,2.475897394e+00,1.665420896e+00,7.650691056e+00,3.152513043e+01,-2.622317563e-01,3.300000000e-01,3,sensor_stuck
3.587631524e+00,2.519028232e+00,8.661523261e+00,9.699497670e-01,8.518088748e+00,1.091734493e+01,-6.629900123e-01,1.295055284e+00,-2.897414680e+00,4.069821212e-01,3.656273587e+00,3.718005350e+00,2.133332713e+01,8.592617246e+01,-6.685215332e-01,5.800000000e-01,3,sensor_stuck
-1.725911847e-02,9.607666521e-01,5.193892759e-01,-1.741543115e-01,2.817852243e+00,8.601011596e-01,-4.234754370e-02,9.711782146e-01,5.768084827e-01,-1.604894470e-02,2.363410455e+00,1.511295283e+00,1.868350876e+00,1.003640963e+01,3.909562316e-02,2.000000000e-02,0,none
1.191082210e-01,9.662084182e-01,-4.902531643e-01,-1.235441569e-02,2.463246668e+00,1.332846691e+00,-1.205621253e-01,9.051647442e-01,-5.312280893e-01,-2.033873585e-02,2.389583426e+00,1.237547388e+00,1.781603916e+00,6.802127652e+00,7.408572074e-02,0.000000000e+00,0,none
4.365357664e-01,1.117664247e+00,1.604441827e+00,1.440426667e-01,3.373704384e+00,2.869548498e+00,-1.988657316e+00,1.813045271e+00,-6.278626930e+00,9.698783676e-01,4.989770580e+00,7.858256468e+00,8.681627922e+00,3.494916744e+01,-4.226888792e-01,3.600000000e-01,4,sensor_dropout
6.201526097e-01,1.224950301e+00,2.437395608e+00,2.729099180e-01,4.024629266e+00,3.805598078e+00,-2.599320218e+00,1.777071064e+00,-6.151799932e+00,9.719423210e-01,5.435311182e+00,7.786231868e+00,1.179953966e+01,4.309643098e+01,-5.787089169e-01,4.600000000e-01,4,sensor_dropout
1.057453283e+00,1.479034443e+00,3.782982429e+00,4.728166849e-01,5.029254636e+00,5.139360978e+00,-3.460867642e+00,1.692703312e+00,-5.844350478e+00,9.732485849e-01,5.951942122e+00,7.467873841e+00,1.814859967e+01,5.766735416e+01,-7.306143962e-01,6.100000000e-01,4,sensor_dropout
2.185117374e+00,1.830858485e+00,5.285118932e+00,6.556589398e-01,6.632783497e+00,6.842280079e+00,-4.704994920e+00,1.341838065e+00,-4.534124547e+00,9.720574172e-01,6.229605162e+00,5.825636477e+00,3.206428732e+01,8.163451993e+01,-8.036426112e-01,8.600000000e-01,4,sensor_dropout
1.825009276e-01,9.281849281e-01,-8.810789081e-01,1.696567294e-01,2.337852183e+00,1.499263190e+00,4.320174823e-02,9.881110542e-01,-6.089774178e-01,1.457338757e-01,2.377798913e+00,1.326064765e+00,1.873063696e+00,7.408567070e+00,9.485483534e-02,0.000000000e+00,0,none
8.484179914e-02,1.070586129e+00,1.095409663e-01,5.245364804e-02,3.662368024e+00,9.453020204e-01,3.615323004e-02,1.016671865e+00,1.208107812e-03,2.843651559e-02,2.488963841e+00,9.154792350e-01,2.188281527e+00,1.427256394e+01,-6.155358070e-02,1.000000000e-02,0,none
-9.046928749e-01,1.275576392e+00,-1.953151723e+00,2.094751946e-01,5.325478261e+00,2.949045578e+00,-1.741252313e+00,1.367752228e+00,-3.228725184e+00,4.507948844e-01,4.688992745e+00,4.320650561e+00,7.348270107e+00,4.128008145e+01,4.402457166e-01,3.100000000e-01,5,actuator_loss_of_effectiveness
-1.159376973e+00,1.364754295e+00,-2.444207064e+00,3.005605354e-01,5.325478261e+00,3.732677243e+00,-2.129506738e+00,1.467920731e+00,-3.782619835e+00,5.141380824e-01,5.565247842e+00,5.063409037e+00,9.896299471e+00,4.128008145e+01,5.282190625e-01,4.000000000e-01,5,actuator_loss_of_effectiveness
-1.588093311e+00,1.501121720e+00,-3.443936048e+00,4.179064144e-01,5.325478261e+00,4.841463151e+00,-2.686772951e+00,1.523444135e+00,-4.064225997e+00,5.781810474e-01,6.206311374e+00,5.137838359e+00,1.431503771e+01,4.954572675e+01,6.024467936e-01,5.400000000e-01,5,actuator_loss_of_effectiveness
-2.514011862e+00,1.734744157e+00,-4.765101400e+00,5.775750639e-01,5.743328747e+00,6.306530754e+00,-3.810679829e+00,1.667819043e+00,-4.792590397e+00,6.696683201e-01,7.207953687e+00,6.383704871e+00,2.663249405e+01,8.132313254e+01,6.887405481e-01,7.500000000e-01,5,actuator_loss_of_effectiveness
-3.173155393e-02,1.086133629e+00,-3.040029431e-01,1.497310154e-01,4.075322750e+00,1.469158292e+00,-1.042624306e-01,1.078386804e+00,-3.087157082e-02,-5.896208929e-02,2.743923993e+00,8.487144916e-01,2.354481903e+00,1.663390856e+01,-1.570190430e-01,2.000000000e-02,0,none
-9.424854124e-02,1.021088246e+00,4.821716605e-01,-1.551328227e-01,2.580867484e+00,1.007224109e+00,7.278946405e-02,1.019286800e+00,7.488207063e-01,-8.251701346e-02,2.887204052e+00,1.571780562e+00,2.095747881e+00,8.506172850e+00,-1.495779257e-01,0.000000000e+00,0,none
1.891194857e-01,1.054897563e+00,6.894052018e-01,8.005717851e-02,2.229832750e+00,1.408049930e+00,7.840506271e-01,1.214756757e+00,2.324003766e+00,3.305790366e-01,3.584116542e+00,3.036879827e+00,3.238944413e+00,1.321937876e+01,1.735719081e-01,5.000000000e-02,6,actuator_stuck
4.092016019e-01,1.194782110e+00,1.662027403e+00,3.191080752e-01,3.709803303e+00,2.508050407e+00,1.037064672e+00,1.302454942e+00,2.773361576e+00,3.929917859e-01,4.240291275e+00,3.582493301e+00,4.366842252e+00,2.338738863e+01,3.186680726e-01,1.200000000e-01,6,actuator_stuck
6.670685463e-01,1.266857884e+00,2.265350794e+00,4.245290098e-01,3.709803303e+00,3.373384274e+00,1.448692439e+00,1.324578128e+00,2.911925171e+00,4.606890795e-01,4.240291275e+00,4.012886841e+00,5.903126344e+00,2.412302914e+01,4.165265377e-01,2.200000000e-01,6,actuator_stuck
1.332452486e+00,1.408453952e+00,3.341704870e+00,5.965802693e-01,4.438015642e+00,4.851910022e+00,2.331026228e+00,1.507265187e+00,3.971105489e+00,5.741554739e-01,5.717602303e+00,5.291006031e+00,1.146470378e+01,4.434170617e+01,5.646772452e-01,4.500000000e-01,6,actuator_stuck
7.052685553e-03,9.195467835e-01,-3.293091162e-02,1.617327355e-01,2.728229795e+00,1.258649108e+00,1.367913342e-01,1.072041694e+00,5.654954859e-01,-4.182644918e-03,3.506166628e+00,1.322485668e+00,2.013601289e+00,1.405149090e+01,-5.125902765e-02,2.000000000e-02,0,none
-2.175133091e-01,9.382878704e-01,4.599116061e-01,-7.622963990e-02,2.491953758e+00,1.107154148e+00,7.172696745e-02,1.011096619e+00,-6.607234533e-01,-2.361335088e-03,3.055986268e+00,1.350103518e+00,1.955157298e+00,1.095094046e+01,-2.253976968e-02,1.000000000e-02,0,none
1.421388972e-01,9.750211433e-01,3.029116597e-01,1.151761465e-02,3.585725563e+00,1.732334079e+00,2.978443085e-01,1.083065944e+00,1.587611227e+00,9.878634200e-02,2.399170654e+00,2.196553510e+00,2.232612767e+00,1.457727115e+01,-1.029320425e-01,1.000000000e-02,7,actuator_runaway
1.848199620e-01,1.008246668e+00,1.048894184e+00,7.579456449e-02,3.585725563e+00,1.975616148e+00,4.078740417e-01,1.034626923e+00,1.060901759e+00,1.278204546e-02,2.399170654e+00,1.821205850e+00,2.287533866e+00,1.457727115e+01,-1.022455210e-01,1.000000000e-02,7,actuator_runaway
3.386397428e-01,1.036646569e+00,1.473310583e+00,1.351264480e-01,3.585725563e+00,2.271749960e+00,6.113524678e-01,1.029710405e+00,1.086683323e+00,4.086788683e-02,2.399170654e+00,1.923431888e+00,2.623368342e+00,1.457727115e+01,-3.919373825e-02,2.000000000e-02,7,actuator_runaway
6.395121044e-01,9.669078810e-01,9.407488634e-01,1.522336353e-01,3.585725563e+00,1.949875022e+00,8.686989874e-01,9.741119676e-01,1.254706129e+00,1.027214282e-01,2.551214821e+00,1.701953183e+00,3.047418638e+00,1.457727115e+01,1.444027519e-02,3.000000000e-02,7,actuator_runaway
-1.236010646e-01,1.018317913e+00,4.775754328e-01,-3.195944967e-02,2.894862125e+00,1.038925237e+00,-1.879783331e-02,9.226235017e-01,-1.932727260e-01,-5.004556450e-02,2.244418721e+00,1.082427644e+00,1.903836080e+00,9.286023785e+00,5.552565001e-02,1.000000000e-02,0,none
7.651533929e-02,1.013421433e+00,-2.284642237e-02,-6.936853668e-02,2.519420400e+00,1.018679129e+00,-2.865344137e-02,1.194150053e+00,3.807475333e-02,-8.086267025e-02,4.132809239e+00,1.232561746e+00,2.459692966e+00,1.709413278e+01,-1.006148707e-01,2.000000000e-02,0,none
